mesh_index,mesh_name,face_index,island_id,part,category,centroid_u,centroid_v,world_x,world_y,world_z,vertex_indices,uv_indices
0,pasted__polySurface41Shape,0,36,back,back_right,0.8309732,0.6926739,10.71656,119.69112,-3.21676,0 1 2,0 1 2
0,pasted__polySurface41Shape,1,36,back,back_lower,0.8316417,0.616752,11.51218,112.74428,-4.59393,6 3 4 5,3 4 5 6
0,pasted__polySurface41Shape,2,36,back,back_right,0.8297724,0.6530724,11.01055,115.94278,-3.60217,10 7 8 9,7 8 9 10
0,pasted__polySurface41Shape,3,36,back,back_right,0.8287604,0.6755701,10.48414,118.06526,-3.66362,9 11 0 2,10 11 0 2
0,pasted__polySurface41Shape,4,36,back,back_right,0.8322725,0.6648815,10.96729,117.07671,-3.58706,9 8 11,10 9 11
0,pasted__polySurface41Shape,5,36,back,back_right,0.8298964,0.6393579,11.36787,114.66655,-3.70318,13 12 7 10,12 13 8 7
0,pasted__polySurface41Shape,6,36,back,back_lower,0.8306211,0.6276326,11.53899,113.60722,-4.04787,6 12 13 3,3 13 12 4
0,pasted__polySurface41Shape,7,36,back,back_lower,0.8358533,0.6039127,12.27937,111.88326,-5.14341,14 15 5,14 15 6
0,pasted__polySurface41Shape,8,36,back,back_lower,0.8323044,0.6094398,11.59825,112.15201,-4.95982,4 14 5,5 14 6
0,pasted__polySurface41Shape,9,37,back,back_left,0.8570599,0.6353021,-11.36788,114.66655,-3.70318,19 16 17 18,16 17 18 19
0,pasted__polySurface41Shape,10,37,back,back_left,0.8559734,0.6883467,-10.71656,119.69112,-3.21676,22 20 21,20 21 22
0,pasted__polySurface41Shape,11,37,back,back_lower,0.8552991,0.6109794,-11.51218,112.74428,-4.59393,23 24 25 26,23 24 25 26
0,pasted__polySurface41Shape,12,37,back,back_left,0.857185,0.6496507,-11.01056,115.94278,-3.60217,17 27 28 18,18 27 28 19
0,pasted__polySurface41Shape,13,37,back,back_lower,0.8546305,0.603848,-11.59826,112.15201,-4.95982,25 24 29,25 24 29
0,pasted__polySurface41Shape,14,37,back,back_left,0.8582058,0.6713256,-10.48415,118.06526,-3.66362,27 20 22 30,27 21 20 30
0,pasted__polySurface41Shape,15,37,back,back_left,0.8546627,0.6614382,-10.9673,117.07671,-3.58706,27 30 28,27 30 28
0,pasted__polySurface41Shape,16,37,back,back_lower,0.8563288,0.6224887,-11.53899,113.60722,-4.04787,23 26 16 19,23 26 17 16
0,pasted__polySurface41Shape,17,37,back,back_lower,0.8510501,0.598503,-12.27937,111.88326,-5.14341,31 29 24,31 29 24
0,pasted__polySurface41Shape,18,13,back,back_top,0.4232712,0.6732447,7.05058,133.20227,-4.1916,55 132 161 162,32 33 34 35
0,pasted__polySurface41Shape,19,13,back,back_top,0.4159257,0.725852,9.87923,129.56281,-5.13172,56 129 209 146,36 37 38 39
0,pasted__polySurface41Shape,20,13,back,back_right,0.4124151,0.8079999,12.57207,122.74138,-5.75048,148 149 59 64,40 41 42 43
0,pasted__polySurface41Shape,21,92,back,back_top,0.9719388,0.2784064,4.4316,132.22692,1.13652,43 47 40 191,44 45 46 47
0,pasted__polySurface41Shape,22,92,back,back_top,0.9713494,0.2734058,3.98828,128.96161,2.72968,38 40 47 58,48 46 45 49
0,pasted__polySurface41Shape,23,10,back,back_right,0.462393,0.9538041,9.42695,119.54496,-2.80814,552 212 623,50 51 52
0,pasted__polySurface41Shape,24,27,back,back_top,0.4716307,0.6857553,8.05339,131.11388,-1.29264,91 92 52,53 54 55
0,pasted__polySurface41Shape,25,92,side,side_under_right,0.9770246,0.2635068,8.56804,122.49759,0.04138,212 637 66 53,56 57 58 59
0,pasted__polySurface41Shape,26,8,back,back_top,0.1547704,0.6092179,1.70202,135.17548,-4.80699,54 192 193 144,60 61 62 63
0,pasted__polySurface41Shape,27,8,back,back_top,0.156448,0.7067239,8.56973,131.86903,-6.73656,129 140 141 55,64 65 66 67
0,pasted__polySurface41Shape,28,8,back,back_right,0.1566165,0.8309942,12.63108,123.04147,-8.41442,59 136 137 64,68 69 70 71
0,pasted__polySurface41Shape,29,8,back,back_top,0.1567618,0.6767565,6.86659,133.47747,-5.93625,141 142 132 55,66 72 73 67
0,pasted__polySurface41Shape,30,8,back,back_top,0.1541568,0.5953516,0.54632,135.01328,-4.79623,54 144 145 33,60 63 74 75
0,pasted__polySurface41Shape,31,92,back,back_top,0.9684269,0.2794304,1.67051,132.8958,0.83598,43 182 190 34 108 47,44 76 77 78 79 45
0,pasted__polySurface41Shape,32,92,back,back_top,0.967241,0.2741591,0.75532,129.4536,3.2422,58 47 108,49 45 79
0,pasted__polySurface41Shape,33,27,back,back_top,0.4745583,0.6462407,5.18891,133.77581,-1.58718,188 213 133 57,80 81 82 83
0,pasted__polySurface41Shape,34,92,side,side_under_right,0.9724868,0.2647814,4.81068,123.33011,1.14929,35 50 53 66 128 38 58,84 85 59 58 86 48 49
0,pasted__polySurface41Shape,35,8,back,back_right,0.1569004,0.8552386,13.02418,121.19207,-8.35126,59 235 136,68 87 69
0,pasted__polySurface41Shape,36,13,back,back_right,0.4138648,0.8330588,12.81248,120.53143,-5.75219,59 149 150 49,42 41 88 89
0,pasted__polySurface41Shape,37,16,back,back_top,0.5753417,0.8655457,5.35493,128.62026,-13.54007,37 572 573,90 91 92
0,pasted__polySurface41Shape,38,8,back,back_right,0.1562828,0.7998561,11.98582,125.41778,-8.28879,64 137 138 126,71 70 93 94
0,pasted__polySurface41Shape,39,13,back,back_right,0.4124268,0.7806926,11.94921,125.10145,-5.65851,147 148 64 126,95 40 43 96
0,pasted__polySurface41Shape,40,27,back,back_right,0.5047317,0.7531471,8.51128,124.17122,1.28367,66 637 638 128,97 98 99 100
0,pasted__polySurface41Shape,41,13,back,back_right,0.4158992,0.8678449,13.67448,117.68806,-5.42056,103 165 166 151,101 102 103 104
0,pasted__polySurface41Shape,42,8,back,back_right,0.1533565,0.900339,14.35617,117.88473,-8.20267,134 164 236 237,105 106 107 108
0,pasted__polySurface41Shape,43,24,back,back_lower,0.737871,0.8382667,6.41292,113.28104,-3.70865,613 111 112,109 110 111
0,pasted__polySurface41Shape,44,2,back,back_center,0.5179081,0.9417547,1.87264,114.43516,-5.0265,68 205 73,112 113 114
0,pasted__polySurface41Shape,45,24,back,back_center,0.7299792,0.8591597,2.64116,115.8371,-3.15715,68 202 203,115 116 117
0,pasted__polySurface41Shape,46,24,back,back_lower,0.7486173,0.7868305,11.46081,111.62679,-4.63946,168 606 607 89,118 119 120 121
0,pasted__polySurface41Shape,47,2,back,back_lower,0.5082765,0.8299564,11.53346,108.83883,-4.6584,119 171 172 86,122 123 124 125
0,pasted__polySurface41Shape,48,11,back,back_lower,0.4637144,0.9487835,12.87295,109.64987,-4.9755,86 77 118 119,126 127 128 129
0,pasted__polySurface41Shape,49,2,back,back_lower,0.5084807,0.8763591,6.85175,109.45786,-5.21569,120 121 83 75,130 131 132 133
0,pasted__polySurface41Shape,50,2,back,back_lower,0.4754593,0.8684719,8.24501,109.65512,-8.60654,633 81 575,134 135 136
0,pasted__polySurface41Shape,51,7,back,back_lower,0.0810397,0.5943156,11.5524,108.1215,-7.79718,79 173 645 646,137 138 139 140
0,pasted__polySurface41Shape,52,11,back,back_lower,0.4640081,0.9486351,13.45651,109.29019,-7.2799,174 175 77 76,141 142 127 143
0,pasted__polySurface41Shape,53,2,back,back_lower,0.4905711,0.8346787,11.36377,108.30938,-6.49449,86 172 173 79,125 124 144 145
0,pasted__polySurface41Shape,54,11,back,back_lower,0.4638797,0.9484933,12.5722,108.36514,-6.97475,76 77 86 79 646,143 127 126 146 147
0,pasted__polySurface41Shape,55,8,back,back_lower,0.17089,0.9679594,14.70254,112.24487,-6.95094,106 234 87,148 149 150
0,pasted__polySurface41Shape,56,7,back,back_lower,0.0872242,0.6213764,10.66768,109.96557,-9.00061,553 100 644 575,151 152 153 154
0,pasted__polySurface41Shape,57,7,back,back_lower,0.0620025,0.6518207,12.91087,112.56974,-9.71153,101 69 181 102,155 156 157 158
0,pasted__polySurface41Shape,58,13,back,back_lower,0.4174463,0.9239288,14.31299,112.95958,-5.76324,87 67 180 210,159 160 161 162
0,pasted__polySurface41Shape,59,24,back,back_lower,0.737871,0.8345878,6.55951,112.74521,-3.75522,177 613 112,164 109 111
0,pasted__polySurface41Shape,60,2,back,back_lower,0.5091914,0.8978642,4.91649,110.57395,-5.42767,121 176 201 83,131 166 167 132
0,pasted__polySurface41Shape,61,8,back,back_lower,0.1405535,0.962437,14.21066,113.00803,-9.46206,69 178 181,168 169 170
0,pasted__polySurface41Shape,62,27,back,back_top,0.4971913,0.7003037,7.50845,129.31069,0.97806,38 639 91 40,171 172 53 173
0,pasted__polySurface41Shape,63,11,back,back_lower,0.4627014,0.9479257,11.54909,111.94522,-5.07337,96 168 89 631,174 175 176 177
0,pasted__polySurface41Shape,64,92,back,back_right,0.9728327,0.2557588,5.0247,117.43865,-2.14552,50 71 98 99,85 178 179 180
0,pasted__polySurface41Shape,65,15,back,back_right,0.5950622,0.9215919,6.02198,114.45657,-2.68224,111 576 598 599,181 182 183 184
0,pasted__polySurface41Shape,66,92,back,back_right,0.9740883,0.2596216,5.9737,119.96119,-1.45378,50 99 53,85 180 59
0,pasted__polySurface41Shape,67,13,back,back_lower,0.4213147,0.9349086,13.87811,112.06688,-5.99554,106 87 210 211,185 159 162 186
0,pasted__polySurface41Shape,68,7,back,back_lower,0.0809672,0.6380046,11.22207,111.43123,-9.19497,208 577 102,187 188 158
0,pasted__polySurface41Shape,69,7,back,back_lower,0.0813662,0.6504341,11.17729,112.28848,-9.83302,577 215 101 102,188 189 155 158
0,pasted__polySurface41Shape,70,13,back,back_right,0.4150783,0.8836112,14.25358,116.42261,-5.31281,152 107 103 151,190 191 101 104
0,pasted__polySurface41Shape,71,8,back,back_right,0.1327802,0.9149626,14.02243,116.51554,-9.56013,104 134 179 105,192 105 193 194
0,pasted__polySurface41Shape,72,11,back,back_lower,0.4643691,0.9474996,13.33904,111.54279,-6.13154,211 85 106,195 196 197
0,pasted__polySurface41Shape,73,13,back,back_right,0.4147384,0.8980355,14.58813,115.18279,-5.31838,227 107 152 226,198 191 190 199
0,pasted__polySurface41Shape,74,7,back,back_right,0.0616173,0.6957089,12.30026,116.30242,-10.81723,105 110 109 104,200 201 202 203
0,pasted__polySurface41Shape,75,24,back,back_right,0.7323508,0.8473191,4.66744,114.16062,-3.40643,112 111 599 71 68,111 110 204 205 115
0,pasted__polySurface41Shape,76,24,back,back_lower,0.7292252,0.8397558,4.94985,112.62207,-3.92914,176 177 112 68,206 164 111 115
0,pasted__polySurface41Shape,77,24,back,back_lower,0.7311447,0.7906653,11.28386,110.32189,-3.42345,80 115 169 170,207 208 209 210
0,pasted__polySurface41Shape,78,24,back,back_lower,0.7309207,0.8183361,7.78931,110.705,-3.47568,113 114 82 74,211 165 212 213
0,pasted__polySurface41Shape,79,24,back,back_lower,0.7381899,0.8172133,8.26699,111.4966,-3.53446,605 612 114 113,214 163 165 211
0,pasted__polySurface41Shape,80,24,back,back_lower,0.7328813,0.7837957,12.05194,110.63402,-3.67514,80 78 115,207 215 208
0,pasted__polySurface41Shape,81,24,back,back_lower,0.7419516,0.7821942,11.98126,111.17995,-4.3439,89 607 115 78,121 120 208 215
0,pasted__polySurface41Shape,82,15,back,back_lower,0.5967782,0.9172496,7.05763,113.38356,-3.34925,613 614 576 111,216 217 182 181
0,pasted__polySurface41Shape,83,15,back,back_right,0.6003668,0.9215327,7.60254,114.90835,-2.20216,117 597 598 576,218 219 183 182
0,pasted__polySurface41Shape,84,11,back,back_lower,0.4635789,0.9489177,12.49256,110.24765,-4.02045,119 118 78 80,129 128 220 221
0,pasted__polySurface41Shape,85,2,back,back_lower,0.5200665,0.8293916,11.39732,109.47866,-3.7744,80 170 171 119,222 223 123 122
0,pasted__polySurface41Shape,86,2,back,back_lower,0.5206916,0.8740109,7.17833,109.93596,-4.07144,82 121 120 74,224 131 130 225
0,pasted__polySurface41Shape,87,24,back,back_right,0.729894,0.8549618,3.19359,115.12787,-3.2519,68 71 202,115 205 116
0,pasted__polySurface41Shape,88,7,back,back_top,0.0900245,0.9668068,0.39265,134.19109,-8.45767,32 195 122,226 227 228
0,pasted__polySurface41Shape,89,8,back,back_top,0.155649,0.7673519,10.9574,127.78891,-7.99527,126 138 139 56,94 93 229 230
0,pasted__polySurface41Shape,90,27,back,back_right,0.5038464,0.7317947,8.22931,126.23853,1.4813,128 638 639 38,100 99 172 171
0,pasted__polySurface41Shape,91,8,back,back_top,0.155752,0.7364437,9.85092,129.95363,-7.47202,56 139 140 129,230 229 65 64
0,pasted__polySurface41Shape,92,7,back,back_top,0.0826999,0.8703379,6.45193,130.54831,-12.40414,154 155 37 650,231 232 233 234
0,pasted__polySurface41Shape,93,8,back,back_top,0.1565071,0.6503925,5.04464,134.5451,-5.29895,41 132 142 143,235 73 72 236
0,pasted__polySurface41Shape,94,13,back,back_top,0.4267918,0.6484898,5.2247,134.31089,-3.84558,160 161 132 41,237 34 33 238
0,pasted__polySurface41Shape,95,8,back,back_right,0.1325955,0.8946141,13.44636,117.95115,-9.69484,163 164 134 104,239 106 105 192
0,pasted__polySurface41Shape,96,8,back,back_right,0.1314494,0.8525167,12.3852,121.13605,-10.2734,136 135 48 60,69 240 241 242
0,pasted__polySurface41Shape,97,8,back,back_right,0.1310098,0.826311,11.9572,123.28754,-10.36664,137 136 60 63,70 69 242 243
0,pasted__polySurface41Shape,98,8,back,back_right,0.1307213,0.7967493,11.29474,125.65525,-10.22802,138 137 63 125,93 70 243 244
0,pasted__polySurface41Shape,99,8,back,back_top,0.1304753,0.7652621,10.36153,128.08689,-9.93836,139 138 125 36,229 93 244 245
0,pasted__polySurface41Shape,100,8,back,back_top,0.131403,0.735827,9.34125,130.25922,-9.38686,140 139 36 130,65 229 245 246
0,pasted__polySurface41Shape,101,8,back,back_top,0.1333115,0.7073185,8.08118,132.11396,-8.57073,141 140 130 39,66 65 246 247
0,pasted__polySurface41Shape,102,8,back,back_top,0.1350733,0.6777155,6.419,133.65267,-7.66281,131 142 141 39,248 72 66 247
0,pasted__polySurface41Shape,103,8,back,back_top,0.1365525,0.6510084,4.68192,134.67215,-6.89322,143 142 131 42,236 72 248 249
0,pasted__polySurface41Shape,104,8,back,back_top,0.1368481,0.6094036,1.55584,135.23845,-6.24978,144 193 194 44,63 62 250 251
0,pasted__polySurface41Shape,105,8,back,back_top,0.1356949,0.5957714,0.49753,135.05182,-6.27313,144 44 32 145,63 251 252 74
0,pasted__polySurface41Shape,106,13,back,back_top,0.4446229,0.7526984,10.3243,127.0106,-2.8384,127 147 146 51,253 95 39 254
0,pasted__polySurface41Shape,107,13,back,back_right,0.4446854,0.7804613,11.21542,124.76172,-2.93603,65 148 147 127,255 40 95 253
0,pasted__polySurface41Shape,108,13,back,back_right,0.4437437,0.8075151,11.84564,122.49915,-3.10425,61 149 148 65,256 41 40 255
0,pasted__polySurface41Shape,109,13,back,back_right,0.4414695,0.8335374,11.92056,120.27831,-3.55598,150 149 61 90,88 41 256 257
0,pasted__polySurface41Shape,110,13,back,back_right,0.4406344,0.8665229,12.173,117.44795,-3.92567,151 166 167 93,104 103 258 259
0,pasted__polySurface41Shape,111,13,back,back_right,0.4410246,0.881577,12.56338,116.18796,-3.84169,152 151 93 94,190 104 259 260
0,pasted__polySurface41Shape,112,13,back,back_right,0.4408738,0.8963277,12.86591,114.93876,-3.83737,152 94 225 226,190 260 261 199
0,pasted__polySurface41Shape,113,7,back,back_top,0.0585533,0.8909878,7.00349,132.23172,-10.22271,130 154 153 39,262 231 263 264
0,pasted__polySurface41Shape,114,7,back,back_top,0.0581754,0.8652568,8.22065,130.48795,-11.11771,36 155 154 130,265 232 231 262
0,pasted__polySurface41Shape,115,7,back,back_top,0.0579731,0.8377967,9.15338,128.3212,-11.71426,125 156 155 36,266 267 232 265
0,pasted__polySurface41Shape,116,7,back,back_right,0.0578183,0.8096554,9.87955,125.98644,-12.0197,63 157 156 125,268 269 267 266
0,pasted__polySurface41Shape,117,7,back,back_right,0.0626223,0.7927653,9.98885,124.4856,-12.35078,63 158 157,268 270 269
0,pasted__polySurface41Shape,118,13,back,back_top,0.4393517,0.6512921,5.31243,134.06252,-2.73237,133 161 160 57,271 34 237 272
0,pasted__polySurface41Shape,119,13,back,back_top,0.4409109,0.6749347,7.04284,132.89412,-2.6533,162 161 133 52,35 34 271 273
0,pasted__polySurface41Shape,120,8,back,back_right,0.1321298,0.8747601,12.85679,119.38557,-9.9851,48 135 164 163,241 240 106 239
0,pasted__polySurface41Shape,121,8,back,back_right,0.1518323,0.8814669,13.62252,119.22145,-8.52293,235 236 164 135,87 107 106 240
0,pasted__polySurface41Shape,122,13,back,back_right,0.4156205,0.8523244,13.1161,118.90648,-5.61051,165 49 150 166,102 89 88 103
0,pasted__polySurface41Shape,123,13,back,back_right,0.4400788,0.8529226,11.90184,118.61833,-3.92428,167 166 150 90,258 103 88 257
0,pasted__polySurface41Shape,124,24,back,back_lower,0.754934,0.799723,10.39012,112.41556,-4.71357,72 168 96,274 118 275
0,pasted__polySurface41Shape,125,24,back,back_lower,0.7477653,0.8032536,9.98334,111.98795,-4.17131,605 606 168 72,214 119 118 274
0,pasted__polySurface41Shape,126,24,back,back_lower,0.7306388,0.803893,9.64652,110.24868,-3.32031,170 169 113 74,210 209 211 213
0,pasted__polySurface41Shape,127,2,back,back_lower,0.5201988,0.849755,9.4901,109.35309,-3.81532,171 170 74 120,123 223 225 130
0,pasted__polySurface41Shape,128,2,back,back_lower,0.5084773,0.8513122,9.39988,108.81081,-4.84735,172 171 120 75,124 123 130 133
0,pasted__polySurface41Shape,129,2,back,back_lower,0.4758773,0.853565,9.78559,109.10879,-8.34471,173 633 575,144 134 136
0,pasted__polySurface41Shape,130,7,back,back_lower,0.0857109,0.6093831,10.91724,109.16368,-8.41504,644 645 173 575,153 139 138 154
0,pasted__polySurface41Shape,131,11,back,back_lower,0.4640447,0.9487656,13.41042,110.2665,-7.35709,84 85 175 174,276 277 142 141
0,pasted__polySurface41Shape,132,24,back,back_lower,0.7300817,0.8290823,6.34177,111.47101,-3.8342,82 114 177 176,212 165 164 206
0,pasted__polySurface41Shape,133,8,back,back_right,0.1542224,0.9175358,15.02445,116.55075,-8.06925,237 231 179 134,108 278 193 105
0,pasted__polySurface41Shape,134,8,back,back_right,0.1543558,0.9324059,15.35632,115.27272,-8.17493,231 232 228 179,278 279 280 193
0,pasted__polySurface41Shape,135,8,back,back_right,0.1336719,0.9335148,14.37792,115.17066,-9.59404,105 179 228 229,194 193 280 281
0,pasted__polySurface41Shape,136,7,back,back_right,0.0615468,0.6788009,12.63302,114.80799,-10.61185,105 229 230 110,200 282 283 201
0,pasted__polySurface41Shape,137,8,back,back_lower,0.1555009,0.9721313,14.21826,112.07328,-8.30526,181 234 88,170 149 284
0,pasted__polySurface41Shape,138,7,back,back_lower,0.0621514,0.6380968,12.84441,111.64344,-8.90332,88 208 102 181,285 187 158 157
0,pasted__polySurface41Shape,139,27,back,back_top,0.4844971,0.6279785,3.29183,134.28558,-1.02289,186 182 43 188,286 287 288 80
0,pasted__polySurface41Shape,140,27,back,back_top,0.4862363,0.6146297,1.95438,134.27164,-1.0146,189 190 182 186,289 290 287 286
0,pasted__polySurface41Shape,141,13,back,back_top,0.442573,0.6107516,1.81798,134.78304,-3.2586,192 54 185 183,291 292 293 294
0,pasted__polySurface41Shape,142,27,back,back_top,0.4757363,0.6277393,3.42704,134.3788,-1.8902,57 183 186 188,83 295 286 80
0,pasted__polySurface41Shape,143,13,back,back_top,0.4464891,0.5972846,0.60181,134.61079,-3.24686,184 185 54 33,296 293 292 297
0,pasted__polySurface41Shape,144,27,back,back_top,0.477003,0.6129616,1.87939,134.46129,-1.96841,185 189 186 183,298 289 286 295
0,pasted__polySurface41Shape,145,27,back,back_top,0.4780906,0.6011904,0.64712,134.23087,-1.99239,187 189 185 184,299 289 298 300
0,pasted__polySurface41Shape,146,27,back,back_top,0.4883382,0.6020707,0.68243,133.95779,-0.95416,34 190 189 187,301 290 289 299
0,pasted__polySurface41Shape,147,27,back,back_top,0.4891244,0.6678618,6.25234,132.17696,0.12827,91 213 191 40,53 81 302 173
0,pasted__polySurface41Shape,148,13,back,back_top,0.4381424,0.6244887,3.0742,134.7589,-3.26609,160 192 183,237 291 294
0,pasted__polySurface41Shape,149,13,back,back_top,0.4295743,0.6295107,3.67742,134.81896,-3.83383,192 160 41,291 237 238
0,pasted__polySurface41Shape,150,8,back,back_top,0.1556545,0.6276694,3.24127,135.07472,-4.94553,193 192 41 143,62 61 235 236
0,pasted__polySurface41Shape,151,8,back,back_top,0.1372012,0.6279057,2.99151,135.16257,-6.42929,194 193 143 42,250 62 236 249
0,pasted__polySurface41Shape,152,7,back,back_right,0.0617157,0.7340146,11.38286,119.58056,-11.47315,48 163 200 159,303 304 305 306
0,pasted__polySurface41Shape,153,7,back,back_right,0.0617747,0.7140248,11.8668,117.88721,-11.0915,109 200 163 104,202 305 304 203
0,pasted__polySurface41Shape,154,7,back,back_top,0.0800954,0.952696,1.92017,134.47043,-8.59303,195 653 655 197,227 307 308 309
0,pasted__polySurface41Shape,155,92,back,back_right,0.9708547,0.2549805,3.71592,116.93043,-2.59144,202 71 50,310 178 85
0,pasted__polySurface41Shape,156,92,back,back_center,0.9692103,0.2571113,2.37261,118.32153,-2.24662,203 202 50 35,311 310 85 84
0,pasted__polySurface41Shape,157,2,back,back_center,0.5563719,0.9716291,1.04136,118.71479,-2.31147,35 204 203,312 313 314
0,pasted__polySurface41Shape,158,2,back,back_center,0.5388444,0.9517171,1.8621,116.31327,-3.39588,203 204 205 68,314 313 113 112
0,pasted__polySurface41Shape,159,1,back,back_center,0.7585855,0.9345033,1.0301,114.63124,-7.57623,205 207 206 73,315 316 317 318
0,pasted__polySurface41Shape,160,7,back,back_lower,0.066855,0.6282478,12.33636,110.85358,-8.55043,100 208 88,152 187 285
0,pasted__polySurface41Shape,161,7,back,back_lower,0.0853741,0.6295352,10.76863,110.68657,-9.01778,553 577 208 100,151 188 187 152
0,pasted__polySurface41Shape,162,13,back,back_top,0.4193842,0.6999841,8.67634,131.51449,-4.661,162 209 129 55,35 38 37 32
0,pasted__polySurface41Shape,163,13,back,back_top,0.4426079,0.7008772,8.46399,131.1232,-2.65061,92 209 162 52,319 38 35 273
0,pasted__polySurface41Shape,164,13,back,back_top,0.4438511,0.7263972,9.47162,129.13663,-2.73017,146 209 92 51,39 38 319 254
0,pasted__polySurface41Shape,165,13,back,back_lower,0.4402322,0.9220518,12.70134,112.88091,-4.57759,210 180 574 97,162 161 320 321
0,pasted__polySurface41Shape,166,11,back,back_lower,0.4642986,0.9476213,12.34695,111.58922,-5.36209,89 211 631,322 195 323
0,pasted__polySurface41Shape,167,1,back,back_center,0.7441144,0.9427735,0.09728,116.68016,-8.62844,70 207 240 239,324 316 325 326
0,pasted__polySurface41Shape,168,27,back,back_right,0.4769994,0.8011806,10.17116,120.5505,-2.56616,212 552 61,327 328 329
0,pasted__polySurface41Shape,169,15,back,back_lower,0.60066,0.9173469,8.27009,113.69263,-2.93107,614 615 117 576,217 330 218 182
0,pasted__polySurface41Shape,170,7,back,back_top,0.0981316,0.951751,1.03665,133.67966,-9.60213,45 122 195 197,331 228 227 309
0,pasted__polySurface41Shape,171,27,back,back_top,0.4850699,0.6457483,4.79102,133.61835,-0.61814,191 213 188 43,302 81 80 288
0,pasted__polySurface41Shape,172,7,back,back_lower,0.0758324,0.6688727,11.50308,113.7126,-10.56039,215 110 230 101,189 201 283 155
0,pasted__polySurface41Shape,173,16,back,back_top,0.5808108,0.8853884,1.54331,130.62496,-12.48708,217 218 469 123,332 333 334 335
0,pasted__polySurface41Shape,174,7,back,back_right,0.0590171,0.7719585,10.67361,122.79635,-11.90501,158 63 60 159,270 268 336 306
0,pasted__polySurface41Shape,175,7,back,back_right,0.0569527,0.7502303,11.32237,121.05673,-11.54855,48 159 60,303 306 336
0,pasted__polySurface41Shape,176,7,back,back_top,0.0984198,0.881802,4.84683,130.88565,-12.69988,650 37 199,234 233 337
0,pasted__polySurface41Shape,177,16,back,back_top,0.5747593,0.8943053,1.04517,132.36488,-11.14607,216 217 124 45,338 332 339 340
0,pasted__polySurface41Shape,178,16,back,back_top,0.580894,0.8734554,3.30605,129.07635,-13.46867,568 469 218 573,341 334 333 92
0,pasted__polySurface41Shape,179,16,back,back_top,0.5809159,0.8634565,4.71035,127.47601,-13.78751,578 568 573 572,342 341 92 91
0,pasted__polySurface41Shape,180,16,back,back_top,0.574514,0.8856703,2.43091,131.56818,-12.08894,217 216 199 218,332 338 343 333
0,pasted__polySurface41Shape,181,7,back,back_right,0.0835277,0.6978063,10.42189,115.99686,-11.23685,109 110 220 219,202 201 344 345
0,pasted__polySurface41Shape,182,7,back,back_right,0.083326,0.7981096,8.36179,124.52476,-13.22666,157 158 221 62,269 270 346 347
0,pasted__polySurface41Shape,183,7,back,back_right,0.0833713,0.770407,8.88486,122.12843,-12.69065,158 159 222 221,270 306 348 346
0,pasted__polySurface41Shape,184,7,back,back_right,0.0828389,0.7423983,9.51461,119.75003,-12.07703,159 200 223 222,306 305 349 348
0,pasted__polySurface41Shape,185,7,back,back_right,0.0825347,0.7190962,10.07205,117.78552,-11.63385,200 109 219 223,305 202 345 349
0,pasted__polySurface41Shape,186,7,back,back_lower,0.09604,0.656153,9.85455,112.56611,-10.16348,215 577 555 579,189 188 350 351
0,pasted__polySurface41Shape,187,7,back,back_right,0.0884492,0.6771477,10.32815,114.23428,-10.82781,110 215 579 220,201 189 351 344
0,pasted__polySurface41Shape,188,7,back,back_top,0.083027,0.8429806,7.35765,128.40996,-12.99131,156 224 37 155,267 352 233 232
0,pasted__polySurface41Shape,189,16,back,back_top,0.5741377,0.8997324,0.32898,132.88883,-10.43344,124 122 45,339 353 340
0,pasted__polySurface41Shape,190,16,back,back_top,0.5797555,0.8938223,0.39005,131.66705,-11.58777,124 217 123,339 332 335
0,pasted__polySurface41Shape,191,7,back,back_right,0.0830759,0.8191675,7.94391,126.38266,-13.29174,157 62 224 156,269 347 352 267
0,pasted__polySurface41Shape,192,13,back,back_lower,0.4404062,0.9094514,12.91406,113.82604,-4.06792,226 225 574 180,199 261 320 161
0,pasted__polySurface41Shape,193,13,back,back_right,0.4152321,0.9111643,14.61421,114.02376,-5.48023,67 227 226 180,160 198 199 161
0,pasted__polySurface41Shape,194,8,back,back_right,0.153766,0.9461562,15.27289,114.06849,-8.40496,178 228 232 233,169 280 279 354
0,pasted__polySurface41Shape,195,8,back,back_lower,0.1365312,0.9497469,14.42045,113.9587,-9.60328,229 228 178 69,281 280 169 168
0,pasted__polySurface41Shape,196,7,back,back_lower,0.0616233,0.6644948,12.84154,113.54688,-10.31334,230 229 69 101,283 282 156 155
0,pasted__polySurface41Shape,197,8,back,back_right,0.1672512,0.9311001,15.54919,115.29752,-7.03127,227 232 231 107,355 279 278 356
0,pasted__polySurface41Shape,198,8,back,back_right,0.1675222,0.944024,15.58374,114.10408,-7.19494,233 232 227 67,354 279 355 357
0,pasted__polySurface41Shape,199,8,back,back_lower,0.1679733,0.9576027,15.21288,112.99134,-7.23858,234 233 67 87,149 354 357 150
0,pasted__polySurface41Shape,200,8,back,back_right,0.1652235,0.8848473,13.74889,119.10539,-7.41103,165 236 235 49,358 107 87 359
0,pasted__polySurface41Shape,201,8,back,back_right,0.1662459,0.9025433,14.4918,117.81523,-7.0845,237 236 165 103,108 107 358 360
0,pasted__polySurface41Shape,202,8,back,back_right,0.166617,0.9178967,15.17875,116.52999,-6.96885,231 237 103 107,278 108 360 356
0,pasted__polySurface41Shape,203,11,back,back_lower,0.4639063,0.9488567,13.26089,110.49685,-6.00568,85 118 77 175,277 128 127 142
0,pasted__polySurface41Shape,204,8,back,back_lower,0.1657801,0.9730829,14.35828,111.90338,-7.39492,88 234 106,284 149 148
0,pasted__polySurface41Shape,205,11,back,back_lower,0.4640923,0.9488485,13.40851,111.01093,-7.49157,88 85 84,361 277 276
0,pasted__polySurface41Shape,206,1,back,back_center,0.7655875,0.972887,0.34141,118.90902,-3.51495,35 238 204,362 363 364
0,pasted__polySurface41Shape,207,1,back,back_center,0.7586235,0.9540905,0.58823,117.03909,-5.87521,238 240 207 205 204,363 325 316 315 364
0,pasted__polySurface41Shape,208,5,back,back_top,0.2793606,0.9708402,-0.94957,134.70223,-7.8048,388 654 32,365 366 367
0,pasted__polySurface41Shape,209,12,back,back_top,0.3493091,0.85737,-7.05059,133.20227,-4.1916,258 357 356 328,368 369 370 371
0,pasted__polySurface41Shape,210,12,back,back_top,0.3426406,0.8046132,-9.87923,129.56281,-5.13172,259 341 402 325,372 373 374 375
0,pasted__polySurface41Shape,211,12,back,back_left,0.3405291,0.7222113,-12.57208,122.74138,-5.75048,343 266 261 344,376 377 378 379
0,pasted__polySurface41Shape,212,92,back,back_top,0.9607641,0.2784064,-4.4316,132.22692,1.13652,247 384 244 250,380 381 382 383
0,pasted__polySurface41Shape,213,92,back,back_top,0.9613549,0.2734058,-3.98828,128.96161,2.72968,242 58 250 244,384 49 383 382
0,pasted__polySurface41Shape,214,28,back,back_top,0.5863399,0.6865672,-8.05339,131.11388,-1.29264,292 255 293,385 386 387
0,pasted__polySurface41Shape,215,28,back,back_left,0.5861786,0.7782829,-10.57689,122.45963,-1.52821,267 263 405 634,388 389 390 391
0,pasted__polySurface41Shape,216,6,back,back_top,0.2317195,0.9608593,-1.70202,135.17548,-4.80699,257 340 386 385,392 393 394 395
0,pasted__polySurface41Shape,217,6,back,back_top,0.2299446,0.8629827,-8.56973,131.86903,-6.73656,325 258 337 336,396 397 398 399
0,pasted__polySurface41Shape,218,6,back,back_left,0.2253854,0.738559,-12.63109,123.04147,-8.41442,261 266 333 332,400 401 402 403
0,pasted__polySurface41Shape,219,6,back,back_top,0.2313896,0.893178,-6.86659,133.47747,-5.93625,337 258 328 338,398 397 404 405
0,pasted__polySurface41Shape,220,6,back,back_top,0.2315627,0.9745968,-0.54632,135.01328,-4.79623,257 33 145 340,392 406 407 393
0,pasted__polySurface41Shape,221,92,back,back_top,0.9642762,0.2794304,-1.67051,132.8958,0.83598,247 250 108 34 383 377,380 383 79 78 408 409
0,pasted__polySurface41Shape,222,92,back,back_top,0.9654636,0.2741591,-0.75532,129.4536,3.2422,58 108 250,49 79 383
0,pasted__polySurface41Shape,223,28,back,back_top,0.5831997,0.6473553,-5.18891,133.77581,-1.58718,381 260 329 406,410 411 412 413
0,pasted__polySurface41Shape,224,92,side,side_under_left,0.9602184,0.2647814,-4.81068,123.33011,1.14929,35 58 242 324 268 256 253,84 49 384 414 415 416 417
0,pasted__polySurface41Shape,225,6,back,back_left,0.2335496,0.7029512,-13.26349,120.40613,-7.53567,252 261 425,418 400 419
0,pasted__polySurface41Shape,226,17,back,back_top,0.5952591,0.8635761,-5.35415,128.61934,-13.53753,556 580 581,420 421 422
0,pasted__polySurface41Shape,227,6,back,back_left,0.2262277,0.7695889,-11.98582,125.41778,-8.28879,266 322 334 333,401 423 424 402
0,pasted__polySurface41Shape,228,12,back,back_left,0.3399562,0.7496111,-11.94921,125.10145,-5.65851,342 322 266 343,425 426 377 376
0,pasted__polySurface41Shape,229,28,back,back_left,0.5853066,0.7560791,-10.21499,124.51493,-1.14068,634 635 323 267,391 427 428 388
0,pasted__polySurface41Shape,230,6,back,back_left,0.219654,0.6702974,-14.35617,117.88473,-8.20267,330 427 426 359,429 430 431 432
0,pasted__polySurface41Shape,231,4,back,back_center,0.6353352,0.9396946,-1.87264,114.43516,-5.0265,270 274 398,433 434 435
0,pasted__polySurface41Shape,232,26,back,back_center,0.7072146,0.8525599,-2.64117,115.8371,-3.15715,270 396 395,436 437 438
0,pasted__polySurface41Shape,233,26,back,back_lower,0.6911968,0.7857877,-11.27779,111.07609,-3.80218,603 604 316 364,439 440 441 442
0,pasted__polySurface41Shape,234,4,back,back_lower,0.6486319,0.8291759,-11.53346,108.83883,-4.6584,318 287 367 366,443 444 445 446
0,pasted__polySurface41Shape,235,11,back,back_lower,0.4646425,0.9487492,-12.87296,109.64987,-4.9755,287 318 317 278,447 448 449 450
0,pasted__polySurface41Shape,236,4,back,back_lower,0.6493049,0.874815,-6.85176,109.45786,-5.21569,319 276 284 320,451 452 453 454
0,pasted__polySurface41Shape,237,4,back,back_lower,0.6670605,0.8743483,-7.18036,109.50144,-7.06677,284 276 632 282,453 452 455 456
0,pasted__polySurface41Shape,238,5,back,back_lower,0.3004285,0.6015679,-12.63368,108.3634,-7.89368,648 649 277 369,457 458 459 460
0,pasted__polySurface41Shape,239,11,back,back_lower,0.4644598,0.9484697,-13.45652,109.29019,-7.2799,369 277 278 370,461 462 450 463
0,pasted__polySurface41Shape,240,4,back,back_lower,0.6666222,0.8328114,-11.36378,108.30938,-6.49449,287 280 368 367,444 464 465 445
0,pasted__polySurface41Shape,241,11,back,back_lower,0.464664,0.9484196,-12.5722,108.36514,-6.97475,277 649 280 287 278,462 466 467 447 450
0,pasted__polySurface41Shape,242,6,back,back_lower,0.2351186,0.6016672,-14.70255,112.24487,-6.95094,308 288 424,468 469 470
0,pasted__polySurface41Shape,243,5,back,back_lower,0.3091207,0.6290609,-13.01731,110.64434,-8.28575,301 285 289,471 472 473
0,pasted__polySurface41Shape,244,5,back,back_lower,0.3054237,0.6558862,-12.91088,112.56974,-9.71153,302 304 376 271,474 475 476 477
0,pasted__polySurface41Shape,245,26,back,back_lower,0.6838493,0.8155785,-8.12857,112.58695,-4.00621,273 608 609,478 479 480
0,pasted__polySurface41Shape,246,4,back,back_lower,0.6370079,0.8897911,-5.63082,110.75827,-4.344,283 320 371,481 454 482
0,pasted__polySurface41Shape,247,6,back,back_lower,0.2044116,0.6084324,-14.21066,113.00803,-9.46206,271 376 373,483 484 485
0,pasted__polySurface41Shape,248,28,back,back_top,0.5843025,0.7060698,-8.67801,129.25216,-1.05044,636 292 293 254,486 385 387 487
0,pasted__polySurface41Shape,249,92,back,back_left,0.9598709,0.2557588,-5.02471,117.43865,-2.14552,253 300 299 272,417 488 489 490
0,pasted__polySurface41Shape,250,14,back,back_left,0.5814603,0.9255969,-5.17348,115.44514,-2.40499,595 596 272 299,491 492 493 494
0,pasted__polySurface41Shape,251,92,back,back_left,0.9586163,0.2596216,-5.9737,119.96119,-1.45378,253 256 300,417 416 488
0,pasted__polySurface41Shape,252,5,back,back_lower,0.2869244,0.6418148,-11.21498,111.41734,-9.20812,401 304 303,495 475 496
0,pasted__polySurface41Shape,253,5,back,back_lower,0.2861436,0.6537179,-11.17197,112.27807,-9.84288,303 304 302 407,496 475 474 497
0,pasted__polySurface41Shape,254,6,back,back_left,0.1987192,0.6565607,-14.02243,116.51554,-9.56013,306 307 374 330,498 499 500 429
0,pasted__polySurface41Shape,255,11,back,back_lower,0.4632899,0.9476916,-13.33904,111.54279,-6.13154,404 308 286,501 502 503
0,pasted__polySurface41Shape,256,5,back,back_left,0.30458,0.6997189,-12.30026,116.30242,-10.81723,307 306 310 311,504 505 506 507
0,pasted__polySurface41Shape,257,26,back,back_left,0.7001415,0.8411581,-4.66744,114.16062,-3.40643,313 270 272 596 312,508 436 509 510 511
0,pasted__polySurface41Shape,258,26,back,back_lower,0.7018364,0.8317993,-4.94985,112.62207,-3.92914,371 270 313 372,512 436 508 513
0,pasted__polySurface41Shape,259,26,back,back_lower,0.6984001,0.7864962,-11.28386,110.32189,-3.42345,281 365 364 316,514 515 442 441
0,pasted__polySurface41Shape,260,26,back,back_lower,0.6988259,0.8111058,-7.78931,110.705,-3.47568,314 275 283 315,516 517 518 519
0,pasted__polySurface41Shape,261,26,back,back_lower,0.6847982,0.8096613,-8.60635,112.1905,-3.9254,273 602 608,478 520 479
0,pasted__polySurface41Shape,262,26,back,back_lower,0.69688,0.7807174,-12.05194,110.63402,-3.67514,281 316 279,514 441 521
0,pasted__polySurface41Shape,263,26,back,back_lower,0.6890622,0.7791213,-11.98126,111.17995,-4.3439,290 279 316 604,522 521 441 440
0,pasted__polySurface41Shape,264,14,back,back_lower,0.576249,0.9144814,-8.06458,112.78074,-3.95542,273 609 610,523 524 525
0,pasted__polySurface41Shape,265,92,back,back_left,0.9565953,0.2575556,-7.33785,118.61175,-1.88084,256 619 559 299 300,416 526 527 489 488
0,pasted__polySurface41Shape,266,14,back,back_left,0.5749807,0.9257253,-7.11836,116.20162,-1.99311,594 595 299 559,528 491 494 529
0,pasted__polySurface41Shape,267,11,back,back_lower,0.4646654,0.9489034,-12.49257,110.24765,-4.02045,318 281 279 317,448 530 531 449
0,pasted__polySurface41Shape,268,4,back,back_lower,0.637281,0.8292328,-11.39733,109.47866,-3.7744,281 318 366 365,532 443 446 533
0,pasted__polySurface41Shape,269,4,back,back_lower,0.637137,0.8722123,-7.17833,109.93596,-4.07144,283 275 319 320,481 534 451 454
0,pasted__polySurface41Shape,270,26,back,back_left,0.7056504,0.8484171,-3.1936,115.12787,-3.2519,270 395 272,436 438 509
0,pasted__polySurface41Shape,271,5,back,back_top,0.2677615,0.9704809,-0.39266,134.19109,-8.45767,32 122 388,367 535 365
0,pasted__polySurface41Shape,272,6,back,back_top,0.2268123,0.8020861,-10.9574,127.78891,-7.99527,322 259 335 334,423 536 537 424
0,pasted__polySurface41Shape,273,28,back,back_left,0.5846774,0.7328988,-9.50894,126.69541,-1.06339,635 636 254 323,427 486 487 428
0,pasted__polySurface41Shape,274,6,back,back_top,0.228098,0.8330822,-9.85093,129.95363,-7.47202,259 325 336 335,536 396 399 537
0,pasted__polySurface41Shape,275,6,back,back_top,0.2320807,0.9197128,-5.04464,134.5451,-5.29895,245 339 338 328,538 539 405 404
0,pasted__polySurface41Shape,276,12,back,back_top,0.3528167,0.8820816,-5.2247,134.31089,-3.84558,355 245 328 356,540 541 371 370
0,pasted__polySurface41Shape,277,6,back,back_left,0.199354,0.6766583,-13.44636,117.95115,-9.69484,358 306 330 359,542 498 429 432
0,pasted__polySurface41Shape,278,6,back,back_left,0.199671,0.7181078,-12.3852,121.13605,-10.2734,332 262 251 331,403 543 544 545
0,pasted__polySurface41Shape,279,6,back,back_left,0.2000934,0.7441297,-11.9572,123.28754,-10.36664,333 265 262 332,402 546 543 403
0,pasted__polySurface41Shape,280,6,back,back_left,0.2008186,0.773617,-11.29474,125.65525,-10.22802,334 321 265 333,424 547 546 402
0,pasted__polySurface41Shape,281,6,back,back_top,0.2016696,0.8050982,-10.36154,128.08689,-9.93836,335 241 321 334,537 548 547 424
0,pasted__polySurface41Shape,282,6,back,back_top,0.2036461,0.8346015,-9.34125,130.25922,-9.38686,336 326 241 335,399 549 548 537
0,pasted__polySurface41Shape,283,6,back,back_top,0.206617,0.8632489,-8.08119,132.11396,-8.57073,337 243 326 336,398 550 549 399
0,pasted__polySurface41Shape,284,6,back,back_top,0.2095147,0.8930224,-6.419,133.65267,-7.66281,327 243 337 338,551 550 398 405
0,pasted__polySurface41Shape,285,6,back,back_top,0.2120347,0.9198246,-4.68192,134.67215,-6.89322,339 246 327 338,539 552 551 405
0,pasted__polySurface41Shape,286,6,back,back_top,0.2139227,0.9613026,-1.55584,135.23845,-6.24978,340 248 387 386,393 553 554 394
0,pasted__polySurface41Shape,287,6,back,back_top,0.2132968,0.9748283,-0.49754,135.05182,-6.27313,340 145 32 248,393 407 555 553
0,pasted__polySurface41Shape,288,12,back,back_top,0.3717259,0.7782109,-10.3243,127.0106,-2.8384,323 254 341 342,556 557 373 425
0,pasted__polySurface41Shape,289,12,back,back_left,0.372263,0.7504766,-11.21542,124.76172,-2.93603,267 323 342 343,558 556 425 376
0,pasted__polySurface41Shape,290,12,back,back_left,0.3719157,0.7233807,-11.84565,122.49915,-3.10425,263 267 343 344,559 558 376 379
0,pasted__polySurface41Shape,291,12,back,back_left,0.3702806,0.6972783,-11.92056,120.27831,-3.55598,345 291 263 344,560 561 559 379
0,pasted__polySurface41Shape,292,12,back,back_left,0.3698555,0.664301,-12.17301,117.44795,-3.92567,346 294 362 361,562 563 564 565
0,pasted__polySurface41Shape,293,12,back,back_left,0.3703423,0.649301,-12.56339,116.18795,-3.84169,347 295 294 346,566 567 563 562
0,pasted__polySurface41Shape,294,12,back,back_left,0.3705435,0.6345259,-12.86592,114.93876,-3.83737,347 416 415 295,566 568 569 567
0,pasted__polySurface41Shape,295,5,back,back_top,0.3017396,0.8960114,-7.00353,132.2318,-10.22286,326 243 348 349,570 571 572 573
0,pasted__polySurface41Shape,296,5,back,back_top,0.3028944,0.8703255,-8.2203,130.48766,-11.11667,241 326 349 350,574 570 573 575
0,pasted__polySurface41Shape,297,5,back,back_top,0.3038563,0.843042,-9.13672,128.33108,-11.70638,321 241 350 351,576 574 575 577
0,pasted__polySurface41Shape,298,5,back,back_left,0.3048594,0.8142687,-9.89964,125.90965,-11.9821,265 321 351 352,578 576 577 579
0,pasted__polySurface41Shape,299,5,back,back_left,0.3006976,0.7966112,-10.05045,124.32245,-12.29415,265 352 353,578 579 580
0,pasted__polySurface41Shape,300,12,back,back_top,0.3654237,0.8795139,-5.31244,134.06252,-2.73237,329 260 355 356,581 582 540 370
0,pasted__polySurface41Shape,301,12,back,back_top,0.3669948,0.8558424,-7.04284,132.89412,-2.6533,357 255 329 356,369 583 581 370
0,pasted__polySurface41Shape,302,6,back,back_left,0.1996151,0.6961685,-12.8568,119.38557,-9.9851,251 358 359 331,544 542 432 545
0,pasted__polySurface41Shape,303,6,back,back_left,0.2187942,0.688878,-13.62252,119.22145,-8.52293,425 331 359 426,419 545 432 431
0,pasted__polySurface41Shape,304,12,back,back_left,0.3692607,0.6778575,-11.90185,118.61833,-3.92428,362 291 345 361,564 561 560 565
0,pasted__polySurface41Shape,305,26,back,back_lower,0.6771059,0.7939,-10.39012,112.41556,-4.71357,273 297 363,478 584 585
0,pasted__polySurface41Shape,306,26,back,back_lower,0.6919235,0.7976145,-9.81736,111.14532,-3.51449,314 602 603 364,516 520 439 442
0,pasted__polySurface41Shape,307,26,back,back_lower,0.698942,0.7979541,-9.64653,110.24868,-3.32031,365 275 314 364,515 517 516 442
0,pasted__polySurface41Shape,308,4,back,back_lower,0.6376709,0.8487447,-9.4901,109.35309,-3.81532,366 319 275 365,446 451 534 533
0,pasted__polySurface41Shape,309,4,back,back_lower,0.6492477,0.8500401,-9.39989,108.81081,-4.84735,367 276 319 366,445 452 451 446
0,pasted__polySurface41Shape,310,4,back,back_lower,0.6665327,0.8504623,-9.60814,108.7693,-6.65863,368 632 276 367,465 455 452 445
0,pasted__polySurface41Shape,311,5,back,back_lower,0.3034377,0.6159882,-12.68569,109.52829,-8.1879,369 285 647 648,460 472 586 457
0,pasted__polySurface41Shape,312,11,back,back_lower,0.4643307,0.9485669,-13.41042,110.2665,-7.35709,285 369 370 286,587 461 463 588
0,pasted__polySurface41Shape,313,26,back,back_lower,0.699901,0.8213182,-6.34177,111.47101,-3.8342,283 371 372 315,518 512 513 519
0,pasted__polySurface41Shape,314,6,back,back_left,0.2199669,0.6532734,-15.02445,116.55075,-8.06925,427 330 374 421,430 429 500 589
0,pasted__polySurface41Shape,315,6,back,back_left,0.21961,0.6383805,-15.35632,115.27272,-8.17493,421 374 418 422,589 500 590 591
0,pasted__polySurface41Shape,316,6,back,back_left,0.1988081,0.6380172,-14.37792,115.17066,-9.59404,307 419 418 374,499 592 590 500
0,pasted__polySurface41Shape,317,5,back,back_left,0.305131,0.6824236,-12.6331,114.80802,-10.61181,307 311 420 419,504 507 593 594
0,pasted__polySurface41Shape,318,6,back,back_lower,0.2178878,0.6097965,-14.75925,112.94044,-8.4772,376 424 423 373,484 470 595 485
0,pasted__polySurface41Shape,319,5,back,back_lower,0.3056894,0.6426599,-12.84442,111.64344,-8.90332,289 376 304 401,473 476 475 495
0,pasted__polySurface41Shape,320,28,back,back_top,0.5733661,0.6288839,-3.29184,134.28558,-1.02289,380 381 247 377,596 410 597 598
0,pasted__polySurface41Shape,321,28,back,back_top,0.5723496,0.615012,-1.95438,134.27164,-1.0146,382 380 377 383,599 596 598 600
0,pasted__polySurface41Shape,322,12,back,back_top,0.3669334,0.9197269,-1.81798,134.78304,-3.2586,385 378 379 257,601 602 603 604
0,pasted__polySurface41Shape,323,28,back,back_top,0.5822568,0.6289155,-3.42704,134.3788,-1.8902,260 381 380 378,411 410 596 605
0,pasted__polySurface41Shape,324,12,back,back_top,0.3706507,0.9330691,-0.60181,134.61079,-3.24686,184 33 257 379,606 607 604 603
0,pasted__polySurface41Shape,325,28,back,back_top,0.5818899,0.6139057,-1.8794,134.46129,-1.96841,379 378 380 382,608 605 596 599
0,pasted__polySurface41Shape,326,28,back,back_top,0.5817194,0.6017146,-0.64712,134.23087,-1.99239,187 184 379 382,609 610 608 599
0,pasted__polySurface41Shape,327,28,back,back_top,0.5711214,0.6019394,-0.68243,133.95779,-0.95416,34 187 382 383,611 609 599 600
0,pasted__polySurface41Shape,328,28,back,back_top,0.5839405,0.6681185,-6.82653,132.52541,-1.24042,329 255 292 406,412 386 385 413
0,pasted__polySurface41Shape,329,12,back,back_top,0.3677795,0.897104,-3.75344,134.50346,-2.69334,355 260 378,540 582 602
0,pasted__polySurface41Shape,330,12,back,back_top,0.3550337,0.9008953,-3.67743,134.81896,-3.83383,385 245 355,601 541 540
0,pasted__polySurface41Shape,331,6,back,back_top,0.2319956,0.9424748,-3.24127,135.07472,-4.94553,386 339 245 385,394 539 538 395
0,pasted__polySurface41Shape,332,6,back,back_top,0.2135744,0.9428946,-2.99151,135.16257,-6.42929,387 246 339 386,554 552 539 394
0,pasted__polySurface41Shape,333,5,back,back_top,0.2958047,0.9426128,-3.96289,134.49966,-8.24665,389 327 246 656,612 613 614 615
0,pasted__polySurface41Shape,334,5,back,back_top,0.2780143,0.8984728,-5.36359,132.12765,-11.55349,348 651 652 349,572 616 617 573
0,pasted__polySurface41Shape,335,5,back,back_top,0.2991981,0.9210963,-5.49579,133.59529,-9.1826,348 243 327 389,572 571 613 612
0,pasted__polySurface41Shape,336,5,back,back_left,0.3033294,0.7397493,-11.3837,119.5806,-11.47417,251 354 393 358,618 619 620 621
0,pasted__polySurface41Shape,337,5,back,back_left,0.303878,0.7188383,-11.86764,117.88725,-11.09252,310 306 358 393,506 505 621 620
0,pasted__polySurface41Shape,338,92,back,back_left,0.9618473,0.2549805,-3.71592,116.93043,-2.59144,395 253 272,622 417 490
0,pasted__polySurface41Shape,339,92,back,back_center,0.9634933,0.2571113,-2.37262,118.32153,-2.24662,396 35 253 395,623 84 417 622
0,pasted__polySurface41Shape,340,4,back,back_center,0.596239,0.9685206,-1.04136,118.71479,-2.31147,35 396 397,624 625 626
0,pasted__polySurface41Shape,341,4,back,back_center,0.6139629,0.9490616,-1.8621,116.31327,-3.39588,396 270 398 397,625 433 435 626
0,pasted__polySurface41Shape,342,1,back,back_center,0.7097027,0.9353311,-1.0301,114.63124,-7.57623,398 274 399 400,627 628 629 630
0,pasted__polySurface41Shape,343,5,back,back_lower,0.3013425,0.6330643,-12.33637,110.85358,-8.55043,301 289 401,471 473 495
0,pasted__polySurface41Shape,344,5,back,back_lower,0.2827274,0.6336836,-10.76054,110.68929,-9.05262,558 301 401 303,631 471 495 496
0,pasted__polySurface41Shape,345,12,back,back_top,0.3457623,0.8305988,-8.67635,131.51449,-4.661,357 258 325 402,369 368 375 374
0,pasted__polySurface41Shape,346,12,back,back_top,0.3689945,0.8299485,-8.464,131.1232,-2.65061,293 255 357 402,632 583 369 374
0,pasted__polySurface41Shape,347,12,back,back_top,0.3705788,0.8044665,-9.47162,129.13663,-2.73017,341 254 293 402,373 557 632 374
0,pasted__polySurface41Shape,348,12,back,back_lower,0.3708542,0.6086923,-12.70135,112.88091,-4.57759,403 298 582 375,633 634 635 636
0,pasted__polySurface41Shape,349,12,back,back_lower,0.3684094,0.5986155,-12.71086,112.16331,-5.14826,404 298 403,637 634 633
0,pasted__polySurface41Shape,350,1,back,back_center,0.7239763,0.9422787,-0.09729,116.68016,-8.62844,70 239 240 400,638 639 640 630
0,pasted__polySurface41Shape,351,28,back,back_left,0.5833398,0.801181,-10.17116,120.5505,-2.56616,405 263 557,390 389 641
0,pasted__polySurface41Shape,352,14,back,back_lower,0.5741893,0.9132697,-8.98682,112.65664,-4.04884,273 610 628,523 525 642
0,pasted__polySurface41Shape,353,28,back,back_top,0.5727064,0.6468439,-4.79102,133.61835,-0.61814,384 247 381 406,643 597 410 413
0,pasted__polySurface41Shape,354,5,back,back_lower,0.2911683,0.671988,-11.50316,113.71263,-10.56034,407 302 420 311,497 474 593 507
0,pasted__polySurface41Shape,355,17,back,back_top,0.5888798,0.8818084,-1.39281,130.6781,-12.4373,409 123 46 410,644 645 646 647
0,pasted__polySurface41Shape,356,5,back,back_left,0.3047679,0.7777734,-10.68341,122.76096,-11.8933,353 354 262 265,580 619 648 578
0,pasted__polySurface41Shape,357,5,back,back_left,0.3075483,0.7565884,-11.32237,121.05673,-11.54855,251 262 354,618 648 619
0,pasted__polySurface41Shape,358,5,back,back_top,0.2782903,0.8746122,-6.451,130.54733,-12.40119,652 556 350 349,617 649 575 573
0,pasted__polySurface41Shape,359,17,back,back_top,0.593838,0.8894094,-1.04517,132.36488,-11.14607,408 249 124 409,650 651 652 644
0,pasted__polySurface41Shape,360,17,back,back_top,0.58946,0.8713208,-3.14569,129.1426,-13.32267,214 580 410 46,653 421 647 646
0,pasted__polySurface41Shape,361,17,back,back_top,0.5902963,0.8614625,-4.69966,127.48416,-13.67643,214 562 581 580,653 654 422 421
0,pasted__polySurface41Shape,362,17,back,back_top,0.5946258,0.8817897,-2.43091,131.56818,-12.08894,409 410 392 408,644 647 655 650
0,pasted__polySurface41Shape,363,5,back,back_left,0.281621,0.7005623,-10.38684,115.96802,-11.22283,310 584 585 311,506 656 657 507
0,pasted__polySurface41Shape,364,5,back,back_left,0.2799488,0.799855,-8.45606,124.2423,-13.23273,352 264 586 353,579 658 659 580
0,pasted__polySurface41Shape,365,5,back,back_left,0.2802615,0.7753469,-8.89794,122.04438,-12.80789,353 586 411 354,580 659 660 619
0,pasted__polySurface41Shape,366,5,back,back_left,0.2809128,0.7480369,-9.47007,119.72282,-12.2185,354 411 412 393,619 660 661 620
0,pasted__polySurface41Shape,367,5,back,back_left,0.2816187,0.7231907,-10.02197,117.74989,-11.65413,393 412 584 310,620 661 656 506
0,pasted__polySurface41Shape,368,5,back,back_lower,0.2713616,0.6583923,-9.8356,112.53581,-10.18944,407 587 413 303,497 662 663 496
0,pasted__polySurface41Shape,369,5,back,back_left,0.2779143,0.6793267,-10.31077,114.21402,-10.84082,311 585 587 407,507 657 662 497
0,pasted__polySurface41Shape,370,5,back,back_top,0.278644,0.847683,-7.32268,128.43386,-12.97312,351 350 556 414,577 575 649 664
0,pasted__polySurface41Shape,371,17,back,back_top,0.5940508,0.8942807,-0.32898,132.88883,-10.43344,124 249 122,652 651 665
0,pasted__polySurface41Shape,372,17,back,back_top,0.5894685,0.888765,-0.35443,131.66705,-11.58777,124 123 409,652 645 644
0,pasted__polySurface41Shape,373,5,back,back_left,0.2793939,0.821649,-7.97258,126.19844,-13.2667,352 351 414 264,579 577 664 658
0,pasted__polySurface41Shape,374,12,back,back_lower,0.3705551,0.6213316,-12.91406,113.82604,-4.06792,416 375 582 415,568 636 635 569
0,pasted__polySurface41Shape,375,6,back,back_left,0.2184944,0.6244749,-15.2729,114.06849,-8.40496,373 423 422 418,485 595 591 590
0,pasted__polySurface41Shape,376,6,back,back_lower,0.2009311,0.6215187,-14.42046,113.9587,-9.60328,419 271 373 418,592 483 485 590
0,pasted__polySurface41Shape,377,5,back,back_lower,0.3054451,0.6681962,-12.84162,113.54691,-10.3133,420 302 271 419,593 474 477 594
0,pasted__polySurface41Shape,378,12,back,back_left,0.3444497,0.6324046,-14.58813,115.18279,-5.31838,417 416 347 309,666 568 566 667
0,pasted__polySurface41Shape,379,12,back,back_left,0.3453884,0.6192054,-14.61422,114.02376,-5.48023,269 375 416 417,668 636 568 666
0,pasted__polySurface41Shape,380,12,back,back_lower,0.348081,0.6064382,-14.31299,112.95958,-5.76324,288 403 375 269,669 633 636 668
0,pasted__polySurface41Shape,381,12,back,back_lower,0.3521481,0.5955514,-13.87812,112.06688,-5.99554,308 404 403 288,670 637 633 669
0,pasted__polySurface41Shape,382,6,back,back_left,0.2323236,0.6525936,-15.17876,116.52999,-6.96885,421 309 305 427,589 671 672 430
0,pasted__polySurface41Shape,383,6,back,back_left,0.2326728,0.639315,-15.54919,115.29752,-7.03127,417 309 421 422,673 671 589 591
0,pasted__polySurface41Shape,384,6,back,back_left,0.2325507,0.6261789,-15.58375,114.10408,-7.19494,423 269 417 422,595 674 673 591
0,pasted__polySurface41Shape,385,6,back,back_lower,0.2325243,0.6123252,-15.21288,112.99134,-7.23858,424 288 269 423,470 469 674 595
0,pasted__polySurface41Shape,386,12,back,back_left,0.3447923,0.6779971,-13.11611,118.90648,-5.61051,360 361 345 252,675 565 560 676
0,pasted__polySurface41Shape,387,12,back,back_left,0.345178,0.6625844,-13.67448,117.68806,-5.42056,305 346 361 360,677 562 565 675
0,pasted__polySurface41Shape,388,12,back,back_left,0.3444954,0.6468632,-14.25359,116.42261,-5.31281,309 347 346 305,667 566 562 677
0,pasted__polySurface41Shape,389,6,back,back_left,0.2318181,0.6851085,-13.74889,119.10539,-7.41103,360 252 425 426,678 418 419 431
0,pasted__polySurface41Shape,390,6,back,back_left,0.2322834,0.6677643,-14.4918,117.81523,-7.0845,427 305 360 426,430 672 678 431
0,pasted__polySurface41Shape,391,11,back,back_lower,0.4633793,0.9477223,-12.58675,111.46697,-5.75094,286 290 404,503 679 501
0,pasted__polySurface41Shape,392,11,back,back_lower,0.463248,0.9476064,-13.61074,111.49753,-6.94158,289 286 308,680 503 502
0,pasted__polySurface41Shape,393,11,back,back_lower,0.4642299,0.9486277,-13.40851,111.01093,-7.49157,289 285 286,681 587 588
0,pasted__polySurface41Shape,394,1,back,back_center,0.7071587,0.9753331,-0.34142,118.90902,-3.51495,35 397 238,682 683 684
0,pasted__polySurface41Shape,395,1,back,back_center,0.7107159,0.9550578,-0.58824,117.03909,-5.87521,238 397 398 400 240,684 683 627 630 640
0,pasted__polySurface41Shape,396,32,back,back_center,0.7808912,0.7233262,0.37637,120.57177,-12.76996,428 430 429,685 686 687
0,pasted__polySurface41Shape,397,32,back,back_center,0.7827437,0.7082143,0.94107,118.82806,-12.37591,431 588 428 429,688 689 685 687
0,pasted__polySurface41Shape,398,32,back,back_lower,0.7818902,0.6285101,7.26994,112.9077,-11.20902,432 434 433,690 691 692
0,pasted__polySurface41Shape,399,32,back,back_right,0.7839496,0.6575403,4.7642,114.34628,-11.88139,435 437 589 436,693 694 695 696
0,pasted__polySurface41Shape,400,32,back,back_right,0.7833899,0.6766325,3.22104,115.77589,-11.86352,590 438 436 589,697 698 696 695
0,pasted__polySurface41Shape,401,32,back,back_center,0.7829326,0.6942048,1.88619,117.33344,-12.08255,438 590 588 431,698 697 689 688
0,pasted__polySurface41Shape,402,32,back,back_lower,0.7843123,0.640582,6.20738,113.29897,-11.73498,432 433 437 435,690 692 694 693
0,pasted__polySurface41Shape,403,32,back,back_lower,0.7953305,0.6187309,7.64402,111.19027,-11.21986,642 433 591 439,699 692 700 701
0,pasted__polySurface41Shape,404,32,back,back_lower,0.7971275,0.6535171,4.33388,112.93281,-11.98625,441 589 437 440,702 695 694 703
0,pasted__polySurface41Shape,405,32,back,back_lower,0.7930844,0.6036267,8.95041,110.65591,-10.2224,553 439 591,704 701 700
0,pasted__polySurface41Shape,406,32,back,back_center,0.7974618,0.6827293,1.63896,115.16955,-11.31158,442 590 443,705 697 706
0,pasted__polySurface41Shape,407,32,back,back_center,0.7928027,0.7041491,0.28231,117.85362,-11.61367,588 70 428,689 707 685
0,pasted__polySurface41Shape,408,32,back,back_lower,0.7972891,0.6361272,5.9762,111.90814,-11.90593,433 642 440 437,692 699 703 694
0,pasted__polySurface41Shape,409,32,back,back_center,0.7950837,0.6932814,0.93132,116.47632,-11.37066,590 442 70 588,697 705 707 689
0,pasted__polySurface41Shape,410,32,back,back_center,0.7960956,0.671381,2.74826,114.28895,-11.71076,589 441 443 590,695 702 706 697
0,pasted__polySurface41Shape,411,32,back,back_lower,0.7844877,0.6170906,8.18162,112.16685,-10.82141,434 555 591 433,691 708 700 692
0,pasted__polySurface41Shape,412,32,back,back_lower,0.7857095,0.601372,9.41873,111.3038,-9.85324,591 555 577 553,700 708 709 704
0,pasted__polySurface41Shape,413,7,back,back_right,0.0975366,0.7777735,7.53995,122.49025,-12.91549,222 470 221,348 710 346
0,pasted__polySurface41Shape,414,10,back,back_left,0.4652321,0.9515234,-8.22065,119.65888,-12.23121,475 476 412 411,711 712 713 714
0,pasted__polySurface41Shape,415,10,back,back_lower,0.4648573,0.9505339,-9.20784,113.14994,-10.52487,587 477 413,715 716 717
0,pasted__polySurface41Shape,416,10,back,back_left,0.4649526,0.9506885,-9.28824,114.31082,-10.84899,477 587 585 478,716 715 718 719
0,pasted__polySurface41Shape,417,10,back,back_left,0.4651287,0.9512014,-8.84568,117.61141,-11.55235,476 479 584 412,712 720 721 713
0,pasted__polySurface41Shape,418,10,back,back_left,0.4650412,0.9509204,-9.19302,115.82372,-11.14354,584 479 478 585,721 720 719 718
0,pasted__polySurface41Shape,419,30,back,back_center,0.6762546,0.726443,2.46025,123.67111,-13.89534,482 484 483 480,722 723 724 725
0,pasted__polySurface41Shape,420,30,back,back_right,0.6546796,0.7193428,4.55756,124.25829,-13.60332,570 485 482 480,726 727 722 725
0,pasted__polySurface41Shape,421,30,back,back_right,0.6557357,0.6900765,5.92722,121.81011,-12.95306,485 488 486 482,727 728 729 722
0,pasted__polySurface41Shape,422,30,back,back_right,0.6640972,0.6109611,8.43748,114.63515,-10.87432,499 571 498 495,730 731 732 733
0,pasted__polySurface41Shape,423,30,back,back_right,0.6620348,0.6237933,8.18837,115.90801,-11.10127,494 499 495 493,734 730 733 735
0,pasted__polySurface41Shape,424,30,back,back_center,0.6908067,0.7288472,1.19076,123.14611,-13.75943,484 503 502 483,723 736 737 724
0,pasted__polySurface41Shape,425,30,back,back_center,0.6956357,0.7034281,2.01591,121.00928,-13.12009,487 504 503 484,738 739 736 723
0,pasted__polySurface41Shape,426,32,back,back_center,0.7721757,0.7348655,0.77196,122.16572,-13.35674,503 429 430 502,740 687 686 741
0,pasted__polySurface41Shape,427,31,back,back_center,0.7479685,0.7563023,-0.16183,124.33368,-13.5997,430 521 501,742 743 744
0,pasted__polySurface41Shape,428,31,back,back_center,0.743891,0.7162265,-1.54977,120.11321,-12.66963,526 524 449 451,745 746 747 748
0,pasted__polySurface41Shape,429,31,back,back_center,0.7443565,0.7362647,-0.68823,122.16788,-13.14956,430 449 524 521,742 747 746 743
0,pasted__polySurface41Shape,430,32,back,back_center,0.772795,0.7155816,1.62422,120.11636,-12.80228,503 504 431 429,740 749 688 687
0,pasted__polySurface41Shape,431,29,back,back_center,0.6022699,0.6923944,-2.96828,121.25579,-12.6699,523 525 511 509,750 751 752 753
0,pasted__polySurface41Shape,432,29,back,back_center,0.6055744,0.7295215,-1.30325,124.47487,-13.5298,507 516 501 522 523 509,754 755 756 757 750 753
0,pasted__polySurface41Shape,433,29,back,back_top,0.608705,0.7735209,1.26227,128.38504,-13.54493,518 468 500,758 759 760
0,pasted__polySurface41Shape,434,29,back,back_lower,0.6165042,0.607473,-7.22607,113.94824,-10.84595,454 515 528,761 762 763
0,pasted__polySurface41Shape,435,29,back,back_left,0.6098121,0.6229843,-6.24923,115.3004,-11.09632,532 528 515 519,764 763 762 765
0,pasted__polySurface41Shape,436,29,back,back_left,0.6041628,0.6442265,-5.07473,117.09717,-11.45292,530 532 519 520,766 764 765 767
0,pasted__polySurface41Shape,437,29,back,back_left,0.6018178,0.6676199,-3.98183,119.09319,-12.01797,525 530 520 511,751 766 767 752
0,pasted__polySurface41Shape,438,29,back,back_top,0.6088795,0.7612212,0.43923,127.24303,-13.87715,501 516 518 500,756 755 758 760
0,pasted__polySurface41Shape,439,31,back,back_center,0.7439819,0.6979258,-2.58035,118.33404,-12.1733,529 526 451 458,768 745 748 769
0,pasted__polySurface41Shape,440,31,back,back_lower,0.7416512,0.6326613,-7.21127,113.57692,-10.91479,454 527 453,770 771 772
0,pasted__polySurface41Shape,441,31,back,back_left,0.7440551,0.6610185,-5.13541,115.34799,-11.38849,533 531 455 456,773 774 775 776
0,pasted__polySurface41Shape,442,31,back,back_left,0.7441824,0.6788441,-3.85236,116.69234,-11.65637,531 529 458 455,774 768 769 775
0,pasted__polySurface41Shape,443,31,back,back_left,0.7433199,0.6455541,-6.28026,114.3376,-11.20517,527 533 456 453,771 773 776 772
0,pasted__polySurface41Shape,444,31,back,back_center,0.7532317,0.7423328,-1.29566,123.20904,-13.14724,521 524 523 522,743 746 777 778
0,pasted__polySurface41Shape,445,31,back,back_center,0.7528504,0.7208271,-2.19298,121.06931,-12.53618,524 526 525 523,746 745 779 777
0,pasted__polySurface41Shape,446,31,back,back_lower,0.7447029,0.6336445,-7.21785,113.8361,-10.78936,527 454 528,771 770 780
0,pasted__polySurface41Shape,447,31,back,back_left,0.751577,0.6767088,-4.49323,117.02204,-11.33722,531 532 530 529,774 781 782 768
0,pasted__polySurface41Shape,448,31,back,back_left,0.7476901,0.6441607,-6.522,114.55485,-10.93341,528 533 527,780 773 771
0,pasted__polySurface41Shape,449,31,back,back_center,0.7537572,0.7598836,-0.56529,124.96252,-13.62664,501 521 522,744 743 778
0,pasted__polySurface41Shape,450,31,back,back_left,0.7523646,0.6985356,-3.25571,118.93461,-11.90821,529 530 525 526,768 782 779 745
0,pasted__polySurface41Shape,451,31,back,back_left,0.7497814,0.6565683,-5.74157,115.45454,-11.04344,532 531 533 528,781 774 773 780
0,pasted__polySurface41Shape,452,29,back,back_center,0.6300437,0.7371646,-2.95582,126.48461,-13.75678,471 506 505 472,783 784 785 786
0,pasted__polySurface41Shape,453,29,back,back_center,0.6149022,0.7160801,-2.87172,123.80304,-13.58148,507 509 508 505,754 753 787 785
0,pasted__polySurface41Shape,454,29,back,back_left,0.6307173,0.7113509,-4.53433,124.24809,-13.46432,508 474 472 505,787 788 786 785
0,pasted__polySurface41Shape,455,29,back,back_left,0.6142449,0.6902131,-4.09705,121.51172,-12.97092,509 511 510 508,753 752 789 787
0,pasted__polySurface41Shape,456,29,back,back_left,0.6311057,0.6846659,-5.93839,121.80633,-12.91138,510 475 474 508,789 790 788 787
0,pasted__polySurface41Shape,457,29,back,back_left,0.6310744,0.6596523,-7.04917,119.4713,-12.20216,512 476 475 510,791 792 790 789
0,pasted__polySurface41Shape,458,29,back,back_left,0.6305184,0.6382653,-7.80529,117.40931,-11.50031,513 479 476 512,793 794 792 791
0,pasted__polySurface41Shape,459,29,back,back_left,0.6288867,0.6058503,-8.52023,114.05332,-10.76874,514 454 477 478,795 761 796 797
0,pasted__polySurface41Shape,460,29,back,back_lower,0.629409,0.5953783,-8.73868,112.96092,-10.45942,477 454 413,796 761 798
0,pasted__polySurface41Shape,461,29,back,back_lower,0.6198648,0.6070248,-7.57057,113.95843,-10.88736,454 514 515,761 795 762
0,pasted__polySurface41Shape,462,29,back,back_center,0.6156527,0.7407109,-1.51996,125.93933,-13.95474,516 507 505 506,755 754 785 784
0,pasted__polySurface41Shape,463,29,back,back_top,0.626185,0.7788612,-0.25267,129.54484,-12.852,467 517 473,799 800 801
0,pasted__polySurface41Shape,464,29,back,back_top,0.6289551,0.760285,-1.39562,128.26181,-13.5269,517 506 471 473,800 784 783 801
0,pasted__polySurface41Shape,465,29,back,back_top,0.6161628,0.7612088,-0.20053,127.67339,-13.85107,506 517 518 516,784 800 758 755
0,pasted__polySurface41Shape,466,29,back,back_top,0.6131656,0.7741069,0.89744,128.66872,-13.48597,517 468 518,800 759 758
0,pasted__polySurface41Shape,467,29,back,back_left,0.617052,0.6220374,-6.9643,115.37059,-11.20229,515 514 513 519,762 795 793 765
0,pasted__polySurface41Shape,468,29,back,back_left,0.6149097,0.6423787,-6.12728,117.23248,-11.64265,519 513 512 520,765 793 791 767
0,pasted__polySurface41Shape,469,29,back,back_left,0.6140442,0.6652165,-5.17714,119.27869,-12.28389,520 512 510 511,767 791 789 752
0,pasted__polySurface41Shape,470,29,back,back_left,0.6297305,0.6207464,-8.27775,115.62001,-11.0884,478 479 513 514,797 794 793 795
0,pasted__polySurface41Shape,471,29,back,back_top,0.6169734,0.7822751,0.77203,129.49914,-12.88604,467 468 517,799 759 800
0,pasted__polySurface41Shape,472,32,back,back_center,0.7685114,0.75369,0.2534,124.33202,-13.70055,502 430 501,741 686 802
0,pasted__polySurface41Shape,473,32,back,back_center,0.7727868,0.6972331,2.64243,118.32778,-12.08863,431 504 490 438,688 749 803 698
0,pasted__polySurface41Shape,474,32,back,back_lower,0.7746752,0.6309966,7.24963,113.60702,-10.8785,434 432 497,691 690 804
0,pasted__polySurface41Shape,475,32,back,back_right,0.7722712,0.6600726,5.18496,115.37005,-11.3399,436 492 496 435,696 805 806 693
0,pasted__polySurface41Shape,476,32,back,back_right,0.772538,0.6780665,3.90571,116.69214,-11.53308,438 490 492 436,698 803 805 696
0,pasted__polySurface41Shape,477,32,back,back_right,0.7728684,0.6440799,6.32384,114.36381,-11.17514,435 496 497 432,693 806 804 690
0,pasted__polySurface41Shape,478,30,back,back_center,0.6979544,0.6805167,2.82,119.21156,-12.27535,490 504 487,807 739 738
0,pasted__polySurface41Shape,479,30,back,back_center,0.6852942,0.7487802,0.55789,124.93645,-13.93009,502 501 483,737 808 724
0,pasted__polySurface41Shape,480,30,back,back_right,0.6515543,0.7409926,3.64282,126.18865,-13.83619,480 481 570,725 809 726
0,pasted__polySurface41Shape,481,30,back,back_right,0.6794186,0.699315,3.53636,121.38156,-13.29083,486 487 484 482,729 738 723 722
0,pasted__polySurface41Shape,482,30,back,back_right,0.6823076,0.6716793,4.51891,119.13495,-12.26892,489 490 487 486,810 807 738 729
0,pasted__polySurface41Shape,483,30,back,back_right,0.6575409,0.6628777,7.01729,119.48157,-12.16456,488 491 489 486,728 811 810 729
0,pasted__polySurface41Shape,484,30,back,back_right,0.6824769,0.6472833,5.49338,117.18792,-11.46407,489 493 492 490,810 735 812 807
0,pasted__polySurface41Shape,485,30,back,back_right,0.6597943,0.6402494,7.75606,117.46692,-11.47819,491 494 493 489,811 734 735 810
0,pasted__polySurface41Shape,486,30,back,back_right,0.6772529,0.6164587,7.06815,114.73507,-10.97862,495 498 497 496,733 732 813 814
0,pasted__polySurface41Shape,487,30,back,back_lower,0.6662587,0.5978577,8.54347,113.32111,-10.55986,571 555 434 498,731 815 816 732
0,pasted__polySurface41Shape,488,30,back,back_lower,0.6744691,0.6052541,7.60456,113.81109,-10.77671,497 498 434,813 732 816
0,pasted__polySurface41Shape,489,30,back,back_center,0.672877,0.7538755,1.21589,125.99168,-13.9361,480 483 501 500,725 724 808 817
0,pasted__polySurface41Shape,490,30,back,back_right,0.679939,0.6298839,6.36824,115.80563,-11.15205,493 495 496 492,735 733 814 812
0,pasted__polySurface41Shape,491,30,back,back_center,0.6573069,0.7545793,2.38508,126.92345,-13.84212,500 481 480,817 809 725
0,pasted__polySurface41Shape,492,30,back,back_top,0.6515903,0.767403,2.05459,128.21247,-13.52479,500 468 481,817 818 809
0,pasted__polySurface41Shape,493,10,back,back_left,0.4653136,0.9527411,-4.04512,126.77777,-13.59964,472 562 214 471,819 820 821 822
0,pasted__polySurface41Shape,494,10,back,back_top,0.4652255,0.953107,-2.2975,128.6084,-13.2949,471 214 46 473,822 821 823 824
0,pasted__polySurface41Shape,495,10,back,back_left,0.4653469,0.9523297,-5.73463,124.49725,-13.4169,474 569 562 472,825 826 820 819
0,pasted__polySurface41Shape,496,10,back,back_left,0.4653145,0.9519032,-7.19033,121.98613,-12.91578,474 475 411 569,825 711 714 826
0,pasted__polySurface41Shape,497,10,back,back_right,0.4638601,0.95271,5.79036,124.51269,-13.38354,470 485 570 578,827 828 829 830
0,pasted__polySurface41Shape,498,10,back,back_right,0.4637816,0.952116,7.26941,122.02186,-12.65085,222 488 485 470,831 832 828 827
0,pasted__polySurface41Shape,499,10,back,back_right,0.4637723,0.951592,8.29957,119.7041,-12.02328,223 491 488 222,833 834 832 831
0,pasted__polySurface41Shape,500,10,back,back_lower,0.4640485,0.9502596,9.23431,113.19018,-10.49409,579 555 571,835 836 837
0,pasted__polySurface41Shape,501,10,back,back_right,0.4639561,0.9504839,9.32254,114.35073,-10.82305,571 499 220 579,837 838 839 835
0,pasted__polySurface41Shape,502,10,back,back_right,0.4638127,0.9511545,8.92459,117.66465,-11.53442,219 494 491 223,840 841 834 833
0,pasted__polySurface41Shape,503,10,back,back_right,0.4638755,0.9507855,9.25147,115.871,-11.14989,499 494 219 220,838 841 840 839
0,pasted__polySurface41Shape,504,10,back,back_right,0.4639948,0.9532475,4.20297,126.72318,-13.8023,578 570 481 568,830 829 842 843
0,pasted__polySurface41Shape,505,10,back,back_top,0.4641946,0.9536688,2.71933,128.46654,-13.5132,568 481 468 469,843 842 844 845
0,pasted__polySurface41Shape,506,1,back,back_lower,0.7138535,0.9041351,-2.9734,111.47141,-10.19782,592 550 534 535,846 847 848 849
0,pasted__polySurface41Shape,507,1,back,back_lower,0.7187421,0.8672023,-8.35837,109.83229,-9.9459,558 536 537,850 851 852
0,pasted__polySurface41Shape,508,1,back,back_lower,0.7167954,0.8790487,-6.52464,109.85803,-10.39203,536 538 539 537,851 853 854 852
0,pasted__polySurface41Shape,509,1,back,back_center,0.7265032,0.9285596,-0.51949,115.20353,-10.27721,567 70 400 399,855 638 630 629
0,pasted__polySurface41Shape,510,1,back,back_lower,0.723214,0.8704533,-8.10102,110.04768,-10.7908,536 558 564 566,851 850 856 857
0,pasted__polySurface41Shape,511,1,back,back_lower,0.714855,0.892033,-4.53156,110.49438,-10.50732,535 534 539 538,849 848 854 853
0,pasted__polySurface41Shape,512,31,back,back_lower,0.7193012,0.604451,-8.84648,110.22029,-10.35486,461 564 558,858 859 860
0,pasted__polySurface41Shape,513,31,back,back_lower,0.7094537,0.653246,-3.92825,111.9825,-12.2433,641 462 466 465,861 862 863 864
0,pasted__polySurface41Shape,514,31,back,back_lower,0.7115501,0.6686869,-2.48492,113.24129,-11.87365,565 466 462 463,865 863 862 866
0,pasted__polySurface41Shape,515,31,back,back_lower,0.7120192,0.6216697,-7.14981,110.41745,-11.61781,566 564 643,867 859 868
0,pasted__polySurface41Shape,516,31,back,back_lower,0.7156295,0.6160378,-7.75198,110.43493,-11.1328,643 564 461,868 859 858
0,pasted__polySurface41Shape,517,31,back,back_center,0.7140108,0.6923237,-0.56453,115.80891,-11.04838,70 567 464,869 870 871
0,pasted__polySurface41Shape,518,31,back,back_center,0.7136961,0.6819898,-1.34499,114.60994,-11.42941,567 565 463 464,870 865 866 871
0,pasted__polySurface41Shape,519,31,back,back_lower,0.7098444,0.6363108,-5.6381,111.00639,-12.1228,465 566 643 641,864 867 868 861
0,pasted__polySurface41Shape,520,31,back,back_center,0.7353754,0.7244811,-0.30075,120.57068,-12.75827,449 430 428,747 742 872
0,pasted__polySurface41Shape,521,31,back,back_center,0.7337442,0.7089472,-0.87338,118.82076,-12.52325,451 449 428 450,748 747 872 873
0,pasted__polySurface41Shape,522,31,back,back_lower,0.7345186,0.6300959,-7.23192,112.87757,-11.24195,452 454 453,874 770 772
0,pasted__polySurface41Shape,523,31,back,back_left,0.7324547,0.6589009,-4.71526,114.32505,-11.96512,457 640 456 455,875 876 776 775
0,pasted__polySurface41Shape,524,31,back,back_left,0.7330676,0.6777111,-3.16596,115.75761,-12.08275,459 457 455 458,877 875 775 769
0,pasted__polySurface41Shape,525,31,back,back_center,0.7337161,0.6949775,-1.82459,117.31852,-12.38518,450 459 458 451,873 877 769 748
0,pasted__polySurface41Shape,526,31,back,back_lower,0.7289006,0.6006531,-9.5066,110.97752,-9.80925,460 558 303,878 860 879
0,pasted__polySurface41Shape,527,31,back,back_lower,0.7320972,0.6421565,-6.16421,113.27327,-11.76244,453 456 640 452,772 776 876 874
0,pasted__polySurface41Shape,528,31,back,back_lower,0.7210346,0.620357,-7.61102,111.15869,-11.25007,460 452 643 461,878 874 868 858
0,pasted__polySurface41Shape,529,31,back,back_lower,0.7192755,0.6550399,-4.28998,112.9132,-12.07474,462 641 640 457,862 861 876 875
0,pasted__polySurface41Shape,530,31,back,back_lower,0.7234421,0.6053212,-8.92732,110.65007,-10.27783,460 461 558,878 858 860
0,pasted__polySurface41Shape,531,31,back,back_center,0.7191127,0.6838308,-1.59095,115.1552,-11.62982,463 459 464,866 877 871
0,pasted__polySurface41Shape,532,31,back,back_center,0.7231699,0.7051797,-0.23944,117.84867,-11.77174,428 70 450,872 869 873
0,pasted__polySurface41Shape,533,31,back,back_lower,0.7191217,0.6377437,-5.93669,111.88332,-11.93546,452 640 641 643,874 876 861 868
0,pasted__polySurface41Shape,534,31,back,back_center,0.7211831,0.6944042,-0.89053,116.46538,-11.6661,70 464 459 450,869 871 877 873
0,pasted__polySurface41Shape,535,31,back,back_center,0.720409,0.6726475,-2.70067,114.27237,-11.9369,463 462 457 459,866 862 875 877
0,pasted__polySurface41Shape,536,31,back,back_lower,0.7319018,0.6186512,-8.1485,112.13305,-10.85414,460 413 454 452,878 880 770 874
0,pasted__polySurface41Shape,537,31,back,back_lower,0.7327268,0.6062484,-9.23792,111.64068,-10.1044,413 460 303,880 878 879
0,pasted__polySurface41Shape,538,1,back,back_lower,0.7545391,0.902742,2.9841,111.4764,-10.19309,540 541 542 543,881 882 883 884
0,pasted__polySurface41Shape,539,1,back,back_lower,0.7493336,0.8671558,8.301,109.6154,-9.96176,544 545 575,885 886 887
0,pasted__polySurface41Shape,540,1,back,back_center,0.7418119,0.9288655,0.53084,115.20631,-10.19721,207 70 448 206,316 324 888 317
0,pasted__polySurface41Shape,541,1,back,back_lower,0.7451798,0.8700374,8.07433,109.90042,-10.7881,563 575 545 447,889 887 886 890
0,pasted__polySurface41Shape,542,1,back,back_lower,0.7434244,0.9056022,2.54561,112.26287,-11.5761,542 446 444 543,883 891 892 884
0,pasted__polySurface41Shape,543,1,back,back_lower,0.7534262,0.8901914,4.5471,110.50363,-10.49855,547 546 540 543,893 894 881 884
0,pasted__polySurface41Shape,544,1,back,back_lower,0.7455517,0.8620968,9.31256,109.9335,-9.86334,553 575 563,895 887 889
0,pasted__polySurface41Shape,545,1,back,back_lower,0.7512894,0.877429,6.5383,109.87161,-10.37915,547 545 544 546,893 886 885 894
0,pasted__polySurface41Shape,546,1,back,back_lower,0.7557407,0.9176147,1.71844,112.87687,-9.18648,542 541 73 206,883 882 318 317
0,pasted__polySurface41Shape,547,32,back,back_lower,0.7971837,0.6027386,8.86891,110.22579,-10.29974,553 563 439,704 896 701
0,pasted__polySurface41Shape,548,32,back,back_lower,0.8070304,0.6516236,3.96993,111.99997,-12.18254,440 445 444 441,703 897 898 702
0,pasted__polySurface41Shape,549,32,back,back_lower,0.8050423,0.6672919,2.528,113.25557,-11.706,441 444 446 443,702 898 899 706
0,pasted__polySurface41Shape,550,32,back,back_lower,0.8006795,0.614393,7.7823,110.46706,-11.10237,439 563 642,701 896 699
0,pasted__polySurface41Shape,551,32,back,back_lower,0.8043385,0.6200179,7.18317,110.4471,-11.58971,642 563 447,699 896 900
0,pasted__polySurface41Shape,552,32,back,back_center,0.8019965,0.6911154,0.59468,115.81667,-10.82824,442 448 70,705 901 707
0,pasted__polySurface41Shape,553,32,back,back_center,0.802944,0.6809041,1.3893,114.62244,-11.1464,448 442 443 446,901 705 706 899
0,pasted__polySurface41Shape,554,32,back,back_lower,0.8065968,0.6346713,5.67627,111.02983,-12.09892,642 447 445 440,699 900 897 703
0,pasted__polySurface41Shape,555,2,back,back_lower,0.4702999,0.8740216,7.73658,109.77909,-9.249,544 575 81,902 136 135
0,pasted__polySurface41Shape,556,2,back,back_lower,0.4871518,0.9178747,3.18677,111.6603,-7.72937,201 548 541 540,167 903 904 905
0,pasted__polySurface41Shape,557,2,back,back_lower,0.4919081,0.9323493,2.13017,112.82381,-7.38782,541 548 73,904 903 114
0,pasted__polySurface41Shape,558,2,back,back_lower,0.4801876,0.9007277,4.77424,110.58674,-8.48821,540 546 81 201,905 906 135 167
0,pasted__polySurface41Shape,559,2,back,back_lower,0.4943437,0.8953603,5.12984,110.24744,-6.97561,81 83 201,135 132 167
0,pasted__polySurface41Shape,560,7,back,back_right,0.0985694,0.8031233,7.01542,124.67653,-13.402,221 470 549 62,346 710 907 347
0,pasted__polySurface41Shape,561,7,back,back_top,0.0972974,0.8376228,6.38775,127.67326,-13.4336,37 224 549,233 352 907
0,pasted__polySurface41Shape,562,16,back,back_right,0.5822224,0.8509923,6.16524,125.12756,-13.44938,549 470 578,908 909 342
0,pasted__polySurface41Shape,563,16,back,back_top,0.5753417,0.8608346,5.98107,127.78341,-13.44643,37 549 572,90 908 91
0,pasted__polySurface41Shape,564,1,back,back_lower,0.7430966,0.9174877,1.37215,113.66986,-10.85924,542 206 448 446,883 317 888 891
0,pasted__polySurface41Shape,565,1,back,back_lower,0.7436647,0.8935291,4.14124,111.06552,-11.9503,547 543 444 445,893 884 892 910
0,pasted__polySurface41Shape,566,1,back,back_lower,0.7442257,0.8816882,6.0942,110.26977,-11.66307,547 445 447 545,893 910 890 886
0,pasted__polySurface41Shape,567,1,back,back_lower,0.7254365,0.9177892,-1.34981,113.66393,-10.99536,565 567 399 592,911 855 629 846
0,pasted__polySurface41Shape,568,1,back,back_lower,0.7248452,0.9068928,-2.51545,112.25256,-11.65639,565 592 535 466,911 846 849 912
0,pasted__polySurface41Shape,569,1,back,back_lower,0.724507,0.8954895,-4.10416,111.04791,-11.98438,466 535 538 465,912 849 853 913
0,pasted__polySurface41Shape,570,1,back,back_lower,0.7241088,0.8835924,-6.06085,110.24465,-11.68689,465 538 536 566,913 853 851 857
0,pasted__polySurface41Shape,571,5,back,back_left,0.2655096,0.7827516,-7.51591,122.41394,-13.17711,411 586 569,660 659 914
0,pasted__polySurface41Shape,572,5,back,back_left,0.2642703,0.8059205,-7.04217,124.50785,-13.51782,586 264 593 569,659 658 915 914
0,pasted__polySurface41Shape,573,5,back,back_left,0.2652959,0.8254016,-6.78177,126.2988,-13.61373,414 593 264,664 915 658
0,pasted__polySurface41Shape,574,17,back,back_left,0.5895958,0.8493819,-6.17134,125.10954,-13.51928,593 562 569,916 654 917
0,pasted__polySurface41Shape,575,17,back,back_left,0.5917321,0.8554543,-5.73944,126.52277,-13.61693,593 581 562,916 422 654
0,pasted__polySurface41Shape,576,2,back,back_lower,0.470919,0.8868022,6.32719,110.01044,-9.38349,544 81 546,902 135 906
0,pasted__polySurface41Shape,577,2,back,back_lower,0.5110708,0.9175045,3.41341,112.19282,-5.23416,176 68 548 201,166 112 903 167
0,pasted__polySurface41Shape,578,2,back,back_lower,0.507944,0.9336214,2.16772,113.34785,-5.70889,68 73 548,112 114 903
0,pasted__polySurface41Shape,579,1,back,back_lower,0.7125113,0.9184271,-1.71585,112.87549,-9.18779,592 399 274 550,846 629 628 847
0,pasted__polySurface41Shape,580,4,back,back_lower,0.689424,0.874013,-7.80226,110.00657,-9.2231,537 282 558,918 456 919
0,pasted__polySurface41Shape,581,4,back,back_lower,0.6675438,0.9175922,-3.18419,111.65892,-7.73068,394 534 550 551,920 921 922 923
0,pasted__polySurface41Shape,582,4,back,back_lower,0.6617299,0.9316682,-2.12673,112.82197,-7.38957,550 274 551,922 434 923
0,pasted__polySurface41Shape,583,4,back,back_lower,0.6766469,0.9008311,-4.77424,110.58674,-8.48821,534 394 282 539,921 920 456 924
0,pasted__polySurface41Shape,584,4,back,back_lower,0.6631094,0.8943324,-5.12984,110.24744,-6.97561,282 394 284,456 920 453
0,pasted__polySurface41Shape,585,4,back,back_lower,0.6876221,0.8876094,-6.32719,110.01044,-9.38349,537 539 282,918 924 456
0,pasted__polySurface41Shape,586,4,back,back_lower,0.6434387,0.915577,-3.41342,112.19282,-5.23416,371 394 551 270,482 920 923 433
0,pasted__polySurface41Shape,587,4,back,back_lower,0.6453749,0.931943,-2.16772,113.34785,-5.70889,270 551 274,433 923 434
0,pasted__polySurface41Shape,588,10,back,back_top,0.4651224,0.953466,-0.56731,130.10876,-12.51379,473 46 123 467,824 823 925 926
0,pasted__polySurface41Shape,589,10,back,back_top,0.4644343,0.9540087,1.34302,129.8346,-12.78766,469 468 123,845 844 927
0,pasted__polySurface41Shape,590,14,back,back_left,0.5747822,0.9218852,-7.60254,114.90836,-2.20216,560 583 595 594,928 929 491 528
0,pasted__polySurface41Shape,591,14,back,back_left,0.5800571,0.9217107,-6.02198,114.45657,-2.68224,312 596 595 583,930 492 491 929
0,pasted__polySurface41Shape,592,15,back,back_right,0.6003385,0.925415,7.11836,116.20161,-1.99311,598 597 116 98,183 219 931 932
0,pasted__polySurface41Shape,593,15,back,back_right,0.5938219,0.9255578,5.17348,115.44514,-2.40499,599 598 98 71,184 183 932 933
0,pasted__polySurface41Shape,594,15,back,back_right,0.6060907,0.9255087,8.90833,117.05434,-2.5581,622 623 116 597,934 935 931 219
0,pasted__polySurface41Shape,595,10,back,back_left,0.4631283,0.9530892,-9.63788,117.5545,-3.40728,557 561 618 619,936 937 938 939
0,pasted__polySurface41Shape,596,15,back,back_right,0.6057707,0.920902,9.36094,115.56094,-2.66654,621 622 597 117,940 934 219 218
0,pasted__polySurface41Shape,597,10,back,back_left,0.4633065,0.9525091,-10.1698,115.87597,-3.37346,561 296 617 618,937 941 942 938
0,pasted__polySurface41Shape,598,16,back,back_top,0.574237,0.8740453,4.27212,130.09845,-13.06928,199 37 573 218,343 90 92 333
0,pasted__polySurface41Shape,599,17,back,back_top,0.5956844,0.8713831,-4.27154,130.09776,-13.06737,392 410 580 556,655 647 421 420
0,pasted__polySurface41Shape,600,7,back,back_right,0.0969486,0.8228934,6.77033,126.44203,-13.59698,549 224 62,907 352 347
0,pasted__polySurface41Shape,601,16,back,back_right,0.5798642,0.8573027,5.70492,126.52937,-13.63673,572 549 578,91 908 342
0,pasted__polySurface41Shape,602,5,back,back_top,0.2645371,0.8418801,-6.36334,127.69194,-13.41986,556 593 414,649 915 664
0,pasted__polySurface41Shape,603,17,back,back_top,0.5955735,0.8591028,-5.98029,127.78249,-13.44388,556 581 593,420 422 916
0,pasted__polySurface41Shape,604,15,back,back_right,0.6052649,0.9167569,9.76263,114.31955,-3.09554,615 620 621 117,330 943 940 218
0,pasted__polySurface41Shape,605,10,back,back_lower,0.4633194,0.951635,-10.76678,113.53407,-4.10837,624 625 616 600,944 945 946 947
0,pasted__polySurface41Shape,606,26,back,back_lower,0.6834244,0.7973436,-9.98335,111.98795,-4.17131,603 602 273 363,439 520 478 585
0,pasted__polySurface41Shape,607,26,back,back_lower,0.6831853,0.7828578,-11.46082,111.62679,-4.63946,363 290 604 603,585 522 440 439
0,pasted__polySurface41Shape,608,24,back,back_lower,0.7384326,0.8034175,9.81735,111.14532,-3.51449,113 169 606 605,211 209 119 214
0,pasted__polySurface41Shape,609,24,back,back_lower,0.7394103,0.7899428,11.27779,111.07609,-3.80218,607 606 169 115,120 119 209 208
0,pasted__polySurface41Shape,610,26,back,back_lower,0.6916644,0.8103982,-8.26726,111.55009,-3.53255,608 602 314 315,479 520 516 519
0,pasted__polySurface41Shape,611,26,back,back_lower,0.6909527,0.8195171,-7.38439,112.18834,-3.69518,609 608 315 372,480 479 519 513
0,pasted__polySurface41Shape,612,26,back,back_lower,0.6920194,0.8319327,-6.41292,113.28104,-3.70865,609 313 312,480 508 511
0,pasted__polySurface41Shape,613,14,back,back_lower,0.5781659,0.9174762,-7.05764,113.38356,-3.34925,610 609 312 583,525 524 930 929
0,pasted__polySurface41Shape,614,14,back,back_lower,0.5743071,0.9177438,-8.27009,113.69264,-2.93107,611 610 583 560,948 525 929 928
0,pasted__polySurface41Shape,615,10,back,back_left,0.4633611,0.952045,-10.52509,114.59146,-3.61019,600 616 617 296,947 946 942 941
0,pasted__polySurface41Shape,616,24,back,back_lower,0.7453211,0.8164827,8.606,112.1192,-3.92795,72 612 605,274 163 214
0,pasted__polySurface41Shape,617,24,back,back_lower,0.7459737,0.822564,8.12822,112.51565,-4.00876,72 613 612,274 109 163
0,pasted__polySurface41Shape,618,15,back,back_lower,0.5985772,0.9141586,8.06457,112.78074,-3.95542,72 614 613,949 217 216
0,pasted__polySurface41Shape,619,15,back,back_lower,0.6035418,0.9097752,10.63801,112.64839,-4.52588,629 96 627,950 951 952
0,pasted__polySurface41Shape,620,14,back,back_left,0.5696936,0.9173662,-9.76264,114.31956,-3.09554,617 616 611 560,953 954 948 928
0,pasted__polySurface41Shape,621,14,back,back_left,0.5693916,0.921506,-9.36094,115.56094,-2.66654,618 617 560 594,955 953 928 528
0,pasted__polySurface41Shape,622,14,back,back_left,0.5692934,0.9260705,-8.90833,117.05434,-2.5581,619 618 594 559,956 955 528 529
0,pasted__polySurface41Shape,623,10,back,back_lower,0.4627002,0.9513224,10.92554,112.80415,-4.64399,626 627 96,957 958 959
0,pasted__polySurface41Shape,624,10,back,back_right,0.4624571,0.9520072,10.52508,114.59146,-3.61019,621 620 601 95,960 961 962 963
0,pasted__polySurface41Shape,625,10,back,back_right,0.4624324,0.952474,10.1698,115.87597,-3.37346,95 554 622 621,963 964 965 960
0,pasted__polySurface41Shape,626,10,back,back_right,0.4625101,0.9530758,9.63788,117.5545,-3.40728,554 552 623 622,964 50 52 965
0,pasted__polySurface41Shape,627,92,back,back_left,0.9548135,0.2606597,-8.78159,120.63845,-1.63901,405 619 256,966 526 416
0,pasted__polySurface41Shape,628,92,back,back_right,0.9761103,0.2575556,7.33784,118.61175,-1.88084,53 99 98 116 623,59 180 179 967 968
0,pasted__polySurface41Shape,629,11,back,back_lower,0.4644291,0.9489092,-12.44421,111.2469,-5.17506,286 279 290,588 531 969
0,pasted__polySurface41Shape,630,11,back,back_lower,0.464305,0.9475692,12.58675,111.46697,-5.75094,85 211 89,196 195 322
0,pasted__polySurface41Shape,631,11,back,back_lower,0.4645086,0.9488753,-12.82967,110.91372,-4.9089,286 317 279,588 449 531
0,pasted__polySurface41Shape,632,11,back,back_lower,0.4637891,0.9490305,12.44421,111.2469,-5.17506,85 89 78,277 970 220
0,pasted__polySurface41Shape,633,11,back,back_lower,0.4644443,0.9487233,-13.2609,110.49685,-6.00568,286 370 278 317,588 463 450 449
0,pasted__polySurface41Shape,634,11,back,back_lower,0.463762,0.9489729,12.82967,110.91372,-4.9089,85 78 118,277 220 128
0,pasted__polySurface41Shape,635,10,back,back_lower,0.4632373,0.9513288,-10.92554,112.80415,-4.64399,297 625 624,971 945 944
0,pasted__polySurface41Shape,636,14,back,back_lower,0.5727514,0.9108523,-10.0245,112.52638,-4.54473,273 628 297,523 642 972
0,pasted__polySurface41Shape,637,10,back,back_lower,0.4625675,0.9516103,10.76678,113.53407,-4.10837,620 627 626 601,961 958 957 962
0,pasted__polySurface41Shape,638,15,back,back_lower,0.6044599,0.9127208,10.20542,113.25821,-3.82462,615 629 627 620,330 950 952 943
0,pasted__polySurface41Shape,639,14,back,back_lower,0.5702994,0.9132924,-10.20542,113.25822,-3.82462,616 625 628 611,954 973 642 948
0,pasted__polySurface41Shape,640,14,back,back_lower,0.5710797,0.9102641,-10.63802,112.64839,-4.52588,297 628 625,972 642 973
0,pasted__polySurface41Shape,641,15,back,back_lower,0.6014939,0.9136718,9.14115,112.88094,-3.71629,614 629 615,217 950 330
0,pasted__polySurface41Shape,642,15,back,back_lower,0.601913,0.9104273,10.02449,112.52638,-4.54473,72 96 629,949 951 950
0,pasted__polySurface41Shape,643,13,back,back_lower,0.4375801,0.9320954,12.71086,112.16331,-5.14826,97 211 210,321 186 162
0,pasted__polySurface41Shape,644,6,back,back_lower,0.2192632,0.5979411,-14.21827,112.07328,-8.30526,376 289 424,484 974 470
0,pasted__polySurface41Shape,645,8,back,back_lower,0.1537307,0.9605756,14.75925,112.94044,-8.4772,181 178 233 234,170 169 354 149
0,pasted__polySurface41Shape,646,13,back,back_top,0.4135399,0.7526038,10.93618,127.41305,-5.47778,126 56 146 147,96 36 39 95
0,pasted__polySurface41Shape,647,12,back,back_top,0.3406196,0.7777743,-10.93619,127.41305,-5.47778,322 342 341 259,426 425 373 372
0,pasted__polySurface41Shape,648,11,back,back_lower,0.4634098,0.947765,-12.34696,111.58922,-5.36209,290 630 404,679 975 501
0,pasted__polySurface41Shape,649,26,back,back_lower,0.6778917,0.7815794,-11.54909,111.94522,-5.07337,297 630 290 363,584 976 522 585
0,pasted__polySurface41Shape,650,6,back,back_lower,0.2297331,0.5966124,-14.35829,111.90338,-7.39492,289 308 424,974 468 470
0,pasted__polySurface41Shape,651,11,back,back_lower,0.4643654,0.9474049,13.61074,111.49753,-6.94158,88 106 85,977 197 196
0,pasted__polySurface41Shape,652,4,back,back_lower,0.6832622,0.8519424,-9.85128,109.33627,-8.31881,368 558 632,465 919 455
0,pasted__polySurface41Shape,653,4,back,back_lower,0.6837869,0.8674409,-8.3107,109.88259,-8.58064,282 632 558,456 455 919
0,pasted__polySurface41Shape,654,2,back,back_lower,0.49144,0.8520627,9.60814,108.7693,-6.65863,173 172 75 633,144 124 133 134
0,pasted__polySurface41Shape,655,2,back,back_lower,0.4910679,0.8754894,7.18035,109.50144,-7.06677,83 81 633 75,132 135 134 133
0,pasted__polySurface41Shape,656,5,back,back_lower,0.3000253,0.6249018,-12.27613,110.15107,-8.52213,301 647 285,471 586 472
0,pasted__polySurface41Shape,657,7,back,back_lower,0.0591299,0.623816,13.01731,110.64434,-8.28575,84 100 88,978 152 285
0,pasted__polySurface41Shape,658,92,side,side_under_left,0.9556788,0.2635068,-8.56804,122.49759,0.04138,634 405 256 268,979 966 416 415
0,pasted__polySurface41Shape,659,28,back,back_left,0.5554014,0.754052,-8.51128,124.17122,1.28367,268 324 635 634,980 981 427 391
0,pasted__polySurface41Shape,660,28,back,back_left,0.5557138,0.7328739,-8.22931,126.23853,1.4813,324 242 636 635,981 982 486 427
0,pasted__polySurface41Shape,661,28,back,back_top,0.5614144,0.7014528,-7.50845,129.31069,0.97806,242 244 292 636,982 983 385 486
0,pasted__polySurface41Shape,662,27,back,back_right,0.4740273,0.7783176,10.57688,122.45963,-1.52821,65 637 212 61,984 98 327 329
0,pasted__polySurface41Shape,663,27,back,back_right,0.4745925,0.7560673,10.21499,124.51493,-1.14068,638 637 65 127,99 98 984 985
0,pasted__polySurface41Shape,664,27,back,back_right,0.4746798,0.7326971,9.50893,126.69541,-1.06339,639 638 127 51,172 99 985 986
0,pasted__polySurface41Shape,665,27,back,back_top,0.4742229,0.7055199,8.678,129.25216,-1.05044,91 639 51 92,53 172 986 54
0,pasted__polySurface41Shape,666,28,back,back_top,0.5688486,0.6689994,-6.25234,132.17696,0.12827,406 292 244 384,413 385 983 643
0,pasted__polySurface41Shape,667,27,back,back_top,0.4739615,0.6671501,6.82653,132.52541,-1.24042,133 213 91 52,82 81 53 55
0,pasted__polySurface41Shape,668,15,back,back_lower,0.6005843,0.9128656,8.98682,112.65664,-4.04883,72 629 614,949 950 217
0,pasted__polySurface41Shape,669,14,back,back_lower,0.5733124,0.9141141,-9.14115,112.88094,-3.71629,628 610 611,642 525 948
0,pasted__polySurface41Shape,670,10,back,back_left,0.4631206,0.9538268,-9.42695,119.54496,-2.80814,557 619 405,936 939 987
0,pasted__polySurface41Shape,671,92,back,back_right,0.9778911,0.2606597,8.78159,120.63845,-1.63901,623 212 53,968 56 59
0,pasted__polySurface41Shape,672,8,back,back_right,0.1662618,0.8666139,13.26349,120.40613,-7.53567,49 235 59,359 87 68
0,pasted__polySurface41Shape,673,8,back,back_right,0.1484074,0.8621887,13.08204,120.60746,-8.97135,136 235 135,69 87 240
0,pasted__polySurface41Shape,674,12,back,back_left,0.3426236,0.69715,-12.81248,120.53143,-5.75219,261 252 345 344,378 676 560 379
0,pasted__polySurface41Shape,675,6,back,back_left,0.2160971,0.7079727,-13.08204,120.60746,-8.97135,425 332 331,419 403 545
0,pasted__polySurface41Shape,676,6,back,back_left,0.2247473,0.7145164,-13.02419,121.19207,-8.35126,425 261 332,419 400 403
0,pasted__polySurface41Shape,677,7,back,back_top,0.0603333,0.9162042,5.49575,133.59521,-9.18245,153 196 131 39,263 988 989 264
0,pasted__polySurface41Shape,678,11,back,back_top,0.4639332,0.9476034,0.81372,130.25573,-12.37362,123 468 467,990 991 992
0,pasted__polySurface41Shape,679,7,back,back_lower,0.0684433,0.6197112,12.27612,110.15107,-8.52213,644 100 84,153 152 978
0,pasted__polySurface41Shape,680,7,back,back_lower,0.0652084,0.6103049,12.68569,109.52829,-8.1879,174 645 644 84,993 139 153 978
0,pasted__polySurface41Shape,681,7,back,back_lower,0.0685544,0.5953646,12.63367,108.3634,-7.89368,646 645 174 76,140 139 993 994
0,pasted__polySurface41Shape,682,5,back,back_lower,0.2853728,0.6267675,-10.99584,110.12211,-8.9054,558 647 301,631 586 471
0,pasted__polySurface41Shape,683,5,back,back_lower,0.2838599,0.6161579,-10.96651,109.33429,-8.39561,648 647 558 368,457 586 631 995
0,pasted__polySurface41Shape,684,5,back,back_lower,0.2879065,0.6004266,-11.55241,108.1215,-7.79718,280 649 648 368,996 458 457 995
0,pasted__polySurface41Shape,685,5,back,back_top,0.2868308,0.9734966,-1.16087,135.01625,-7.1816,32 654 387 248,367 366 997 998
0,pasted__polySurface41Shape,686,7,back,back_top,0.0709537,0.9696034,1.16086,135.01625,-7.1816,32 44 194 653,226 999 1000 307
0,pasted__polySurface41Shape,687,7,back,back_top,0.0666238,0.954833,2.54909,134.94544,-7.61669,655 653 194 42,308 307 1000 1001
0,pasted__polySurface41Shape,688,5,back,back_top,0.2624594,0.9006076,-4.19531,131.86954,-12.16312,392 652 651,1002 617 616
0,pasted__polySurface41Shape,689,5,back,back_top,0.2622362,0.8853625,-4.84605,130.88473,-12.69733,556 652 392,649 617 1002
0,pasted__polySurface41Shape,690,7,back,back_top,0.0784486,0.9670678,0.94957,134.70223,-7.8048,195 32 653,227 226 307
0,pasted__polySurface41Shape,691,7,back,back_top,0.0630003,0.9379618,3.96289,134.49966,-8.24665,196 655 42 131,988 308 1001 989
0,pasted__polySurface41Shape,692,7,back,back_top,0.0812107,0.9362302,2.96729,134.00151,-9.47806,198 197 655 196,1003 309 308 988
0,pasted__polySurface41Shape,693,5,back,back_top,0.2916068,0.9589422,-2.54909,134.94544,-7.61669,654 656 246 387,366 615 614 997
0,pasted__polySurface41Shape,694,5,back,back_top,0.2781813,0.9564976,-1.92017,134.47043,-8.59302,388 390 656 654,365 1004 615 366
0,pasted__polySurface41Shape,695,7,back,back_top,0.0818473,0.9162198,4.16117,133.2306,-10.51596,198 196 153 657,1003 988 263 1005
0,pasted__polySurface41Shape,696,7,back,back_top,0.0999815,0.9138147,3.16302,132.50444,-11.46339,199 216 198 657,337 1006 1003 1005
0,pasted__polySurface41Shape,697,5,back,back_top,0.2775761,0.9402846,-2.96729,134.00151,-9.47806,391 389 656 390,1007 612 615 1004
0,pasted__polySurface41Shape,698,5,back,back_top,0.2586729,0.9380618,-1.9937,133.20491,-10.48849,249 408 391 390,1008 1009 1007 1004
0,pasted__polySurface41Shape,699,7,back,back_top,0.0821813,0.8942799,5.36349,132.12745,-11.55309,657 153 154 650,1005 263 231 234
0,pasted__polySurface41Shape,700,7,back,back_top,0.0976615,0.8971132,4.19523,131.86937,-12.1628,199 657 650,337 1005 234
0,pasted__polySurface41Shape,701,7,back,back_top,0.1000112,0.9345546,1.9937,133.20491,-10.48849,45 197 198 216,331 309 1003 1006
0,pasted__polySurface41Shape,702,5,back,back_top,0.2600843,0.9552631,-1.03666,133.67966,-9.60213,249 390 388 122,1008 1004 365 535
0,pasted__polySurface41Shape,703,5,back,back_top,0.2775927,0.9203426,-4.16126,133.23081,-10.51635,391 651 348 389,1007 616 572 612
0,pasted__polySurface41Shape,704,5,back,back_top,0.2594534,0.917235,-3.16308,132.50457,-11.46363,392 651 391 408,1002 616 1007 1009
0,pasted__polySurface41Shape,705,13,back,back_top,0.4420449,0.6337054,3.75344,134.50346,-2.69334,160 183 57,237 294 272
0,pasted__polySurface41Shape,706,12,back,back_top,0.3631729,0.9060186,-3.0742,134.7589,-3.26609,355 378 385,540 602 601
0,pasted__polySurface41Shape,707,4,back,back_lower,0.6477129,0.8960048,-4.91649,110.57395,-5.42767,371 320 284 394,482 454 453 920
0,pasted__polySurface41Shape,708,2,back,back_lower,0.5200953,0.8921885,5.63082,110.75827,-4.344,82 176 121,224 166 131
0,pasted__polySurface41Shape,709,26,back,back_lower,0.6920194,0.8274281,-6.55952,112.74521,-3.75522,609 372 313,480 513 508
0,pasted__polySurface41Shape,710,24,back,back_lower,0.7386794,0.8265482,7.38413,112.13486,-3.69709,612 613 177 114,163 109 164 165
1,polySurfaceShape67,0,83,side,side_right_spike,0.9850336,0.3290749,5.06737,133.29273,6.11554,10 11 16 17,0 1 2 3
1,polySurfaceShape67,1,83,side,side_right_spike,0.9850996,0.3251715,6.52817,131.71301,6.61725,11 12 18 16,1 4 5 2
1,polySurfaceShape67,2,83,side,side_right_spike,0.9851677,0.3214913,8.11359,129.74107,6.7448,12 13 6 18,4 6 7 5
1,polySurfaceShape67,3,83,side,side_right_spike,0.9851796,0.3177247,9.86219,127.34015,6.18924,13 14 2 6,6 8 9 7
1,polySurfaceShape67,4,83,side,side_right_spike,0.9851499,0.3139955,11.02476,125.39407,5.10338,14 15 3 2,8 10 11 9
1,polySurfaceShape67,5,83,side,side_right_spike,0.9849527,0.310966,11.53819,124.52228,4.08475,15 0 3,10 12 11
1,polySurfaceShape67,6,83,side,side_right_spike,0.984463,0.3292942,5.11638,133.40939,5.81861,5 4 11 10,13 14 1 0
1,polySurfaceShape67,7,83,side,side_right_spike,0.9844669,0.3252485,6.61265,131.78749,6.245,4 8 12 11,14 15 4 1
1,polySurfaceShape67,8,83,side,side_right_spike,0.9844073,0.3213944,8.23688,129.76788,6.31726,8 7 13 12,15 16 6 4
1,polySurfaceShape67,9,83,side,side_right_spike,0.9843464,0.3174723,10.00551,127.36879,5.77809,7 1 14 13,16 17 8 6
1,polySurfaceShape67,10,83,side,side_right_spike,0.9843209,0.3136872,11.14093,125.4647,4.79028,1 9 15 14,17 18 10 8
1,polySurfaceShape67,11,83,side,side_right_spike,0.9844054,0.3107817,11.5951,124.59117,3.9409,9 0 15,18 12 10
2,pasted__pasted__polySurface26Shape,0,42,braid,left_braid_low,0.9759408,0.6094741,-26.04105,83.072,-10.92209,2 4 3,3 4 2
2,pasted__pasted__polySurface26Shape,1,42,braid,left_braid_low,0.9765339,0.6143395,-26.0967,85.13536,-9.53783,5 2 0,5 3 0
2,pasted__pasted__polySurface26Shape,2,42,braid,left_braid_low,0.9824218,0.6182146,-27.34389,84.37232,-8.68807,9 12 11 10,7 12 11 10
2,pasted__pasted__polySurface26Shape,3,42,braid,left_braid_low,0.9819087,0.6114089,-27.37656,82.20765,-9.86403,7 12 9 8,9 12 7 8
2,pasted__pasted__polySurface26Shape,4,42,braid,left_braid_mid,0.9827677,0.6243103,-26.62876,86.00305,-7.53103,1 10 11 13,1 10 11 13
2,pasted__pasted__polySurface26Shape,5,42,braid,left_braid_low,0.9788494,0.6169963,-26.63625,84.96894,-9.3321,9 10 0 2,7 10 0 3
2,pasted__pasted__polySurface26Shape,6,42,braid,left_braid_mid,0.9800944,0.6227815,-26.15338,86.13608,-8.1423,10 1 0,10 1 0
2,pasted__pasted__polySurface26Shape,7,42,braid,left_braid_low,0.9800128,0.6047444,-26.97897,80.54514,-10.87511,14 8 3,14 8 2
2,pasted__pasted__polySurface26Shape,8,42,braid,left_braid_low,0.9788047,0.6035128,-26.60028,80.43622,-11.00999,14 3 6,14 2 6
2,pasted__pasted__polySurface26Shape,9,42,braid,left_braid_low,0.9757398,0.6064928,-25.93245,81.86126,-11.17551,4 6 3,4 6 2
2,pasted__pasted__polySurface26Shape,10,42,braid,left_braid_mid,0.9829932,0.629438,-25.35971,87.12914,-6.55386,13 16 15 1,13 15 16 1
2,pasted__pasted__polySurface26Shape,11,42,braid,left_braid_low,0.986236,0.6242301,-26.93137,85.29715,-6.61219,13 11 17 18,13 11 17 18
2,pasted__pasted__polySurface26Shape,12,42,braid,left_braid_low,0.985757,0.6182978,-27.55528,83.59722,-7.86031,17 11 12 19,17 11 12 19
2,pasted__pasted__polySurface26Shape,13,42,braid,left_braid_mid,0.9858982,0.6299167,-25.61798,86.65101,-5.76463,16 13 18 20,15 13 18 20
2,pasted__pasted__polySurface26Shape,14,42,braid,left_braid_low,0.9897187,0.6303238,-25.15604,85.65094,-5.29855,20 18 21 22,20 18 21 22
2,pasted__pasted__polySurface26Shape,15,42,braid,left_braid_low,0.989141,0.6240192,-26.6058,84.43603,-6.17943,17 30 21 18,17 23 21 18
2,pasted__pasted__polySurface26Shape,16,42,braid,left_braid_mid,0.987838,0.6386999,-22.56572,86.99161,-5.42421,25 23 24,24 25 26
2,pasted__pasted__polySurface26Shape,17,42,braid,left_braid_mid,0.9863579,0.6406951,-21.9373,87.75681,-5.70225,23 26 24,25 27 26
2,pasted__pasted__polySurface26Shape,18,42,braid,left_braid_mid,0.9830593,0.6328125,-23.93761,88.06268,-6.01618,15 16 27,16 15 28
2,pasted__pasted__polySurface26Shape,19,42,braid,left_braid_mid,0.9855952,0.6411412,-21.55909,88.67887,-5.76511,28 24 26,29 26 27
2,pasted__pasted__polySurface26Shape,20,42,braid,left_braid_mid,0.9847671,0.6386649,-22.0579,88.84735,-5.68069,27 24 28,28 26 29
2,pasted__pasted__polySurface26Shape,21,42,braid,left_braid_mid,0.9849099,0.6350087,-23.69397,87.79706,-5.57916,27 16 20 24,28 15 20 26
2,pasted__pasted__polySurface26Shape,22,42,braid,left_braid_mid,0.9865136,0.6445082,-20.53895,89.99306,-6.04025,28 117 29,29 118 30
2,pasted__pasted__polySurface26Shape,23,42,braid,left_braid_mid,0.9876542,0.6364954,-23.41014,86.97981,-5.23964,25 24 20,24 26 20
2,pasted__pasted__polySurface26Shape,24,42,braid,left_braid_low,0.9816654,0.605173,-27.0911,80.45721,-10.40043,7 8 14,9 8 14
2,pasted__pasted__polySurface26Shape,25,42,braid,left_braid_mid,0.9897394,0.6346185,-23.89438,86.17433,-5.14759,25 20 22,24 20 22
2,pasted__pasted__polySurface26Shape,26,42,braid,left_braid_low,0.9846091,0.6127861,-27.5186,82.14624,-8.9984,7 19 12,9 19 12
2,pasted__pasted__polySurface26Shape,27,42,braid,left_braid_low,0.9876208,0.6188721,-27.39143,83.32401,-7.31428,19 30 17,19 23 17
2,pasted__pasted__polySurface26Shape,28,33,braid,left_braid_low,0.94191,0.7172372,-26.32014,80.03339,-11.10004,33 31 32,31 32 33
2,pasted__pasted__polySurface26Shape,29,33,braid,left_braid_low,0.9416391,0.7201175,-25.66537,80.58038,-11.67154,34 32 31,34 33 32
2,pasted__pasted__polySurface26Shape,30,33,braid,left_braid_low,0.9393688,0.7251382,-23.7134,81.07793,-12.23687,35 37 34 36,35 36 34 37
2,pasted__pasted__polySurface26Shape,31,33,braid,left_braid_low,0.940958,0.7297831,-22.47573,82.33068,-11.88416,36 38 35,37 38 35
2,pasted__pasted__polySurface26Shape,32,33,braid,left_braid_low,0.9398569,0.7321553,-21.51516,82.53463,-11.65254,35 38 39,35 38 39
2,pasted__pasted__polySurface26Shape,33,33,braid,left_braid_low,0.9399952,0.7381746,-20.71507,83.86487,-10.60037,41 39 40,40 39 41
2,pasted__pasted__polySurface26Shape,34,33,braid,left_braid_low,0.9388608,0.7202966,-25.28231,79.90954,-12.02049,34 37 42 32,34 36 42 33
2,pasted__pasted__polySurface26Shape,35,33,braid,left_braid_low,0.9395847,0.7158135,-26.44228,79.21389,-11.15482,32 42 43 33,33 42 43 31
2,pasted__pasted__polySurface26Shape,36,33,braid,left_braid_low,0.9416103,0.7351233,-21.17432,83.46945,-11.0791,38 40 39,38 41 39
2,pasted__pasted__polySurface26Shape,37,33,braid,left_braid_low,0.9436288,0.7343039,-21.75531,83.6547,-11.00433,44 40 38,44 41 38
2,pasted__pasted__polySurface26Shape,38,33,braid,left_braid_low,0.9435341,0.724877,-24.38019,82.33174,-11.74592,4 36 34,45 37 34
2,pasted__pasted__polySurface26Shape,39,33,braid,left_braid_low,0.9434383,0.7311667,-22.46769,83.12988,-11.52516,44 38 36,44 38 37
2,pasted__pasted__polySurface26Shape,40,33,braid,left_braid_low,0.944949,0.7281402,-23.48567,83.2256,-11.41942,44 36 4,44 37 45
2,pasted__pasted__polySurface26Shape,41,33,braid,left_braid_low,0.9438888,0.7220262,-25.2701,81.76004,-11.43941,4 34 31,45 34 32
2,pasted__pasted__polySurface26Shape,42,33,braid,left_braid_low,0.935849,0.731653,-21.16338,81.59145,-11.29634,46 35 39 45,46 35 39 47
2,pasted__pasted__polySurface26Shape,43,33,braid,left_braid_low,0.9353298,0.7247764,-23.19878,79.96278,-11.99013,46 48 37 35,46 48 36 35
2,pasted__pasted__polySurface26Shape,44,33,braid,left_braid_low,0.9362148,0.7388936,-19.98245,83.31144,-10.01701,47 45 39 41,49 47 39 40
2,pasted__pasted__polySurface26Shape,45,33,braid,left_braid_low,0.9357742,0.7195857,-25.02305,79.02901,-11.93011,48 49 42 37,48 50 42 36
2,pasted__pasted__polySurface26Shape,46,33,braid,left_braid_low,0.9370929,0.7159659,-26.17794,78.68318,-11.36318,43 42 49,43 42 50
2,pasted__pasted__polySurface26Shape,47,33,braid,left_braid_low,0.9309065,0.7316901,-21.24519,80.70798,-10.11853,46 45 50 51,46 47 51 52
2,pasted__pasted__polySurface26Shape,48,33,braid,left_braid_low,0.9316168,0.739204,-19.74073,82.48287,-8.77133,47 53 50 45,49 53 51 47
2,pasted__pasted__polySurface26Shape,49,33,braid,left_braid_low,0.9311953,0.7250558,-22.99675,79.39698,-11.04286,51 52 46,52 54 46
2,pasted__pasted__polySurface26Shape,50,33,braid,left_braid_low,0.93318,0.7231244,-23.52245,79.21363,-11.60426,46 52 48,46 54 48
2,pasted__pasted__polySurface26Shape,51,33,braid,left_braid_low,0.9339176,0.7196324,-24.76007,78.7202,-11.65899,49 48 52,50 48 54
2,pasted__pasted__polySurface26Shape,52,33,braid,left_braid_low,0.9275275,0.7397749,-20.40317,82.02911,-7.68007,53 56 54 50,53 55 56 51
2,pasted__pasted__polySurface26Shape,53,33,braid,left_braid_low,0.9265374,0.7350663,-21.1361,80.83334,-8.57065,55 50 54,57 51 56
2,pasted__pasted__polySurface26Shape,54,33,braid,left_braid_low,0.922679,0.7424142,-21.67716,82.51414,-6.96132,56 61 57 58,55 58 59 60
2,pasted__pasted__polySurface26Shape,55,33,braid,left_braid_low,0.9190815,0.7466544,-22.78233,83.47371,-6.87181,61 59 60,58 61 62
2,pasted__pasted__polySurface26Shape,56,33,braid,left_braid_low,0.9219816,0.7492239,-22.19431,84.40997,-6.45026,61 63 62 59,58 63 64 61
2,pasted__pasted__polySurface26Shape,57,33,braid,left_braid_low,0.9253564,0.7528,-21.53798,85.75143,-6.04242,64 71 62 63,65 66 64 63
2,pasted__pasted__polySurface26Shape,58,33,braid,left_braid_low,0.9250435,0.7468617,-21.11675,83.86573,-6.29975,65 63 61 56,67 63 58 55
2,pasted__pasted__polySurface26Shape,59,33,braid,left_braid_low,0.9195525,0.7446242,-22.557,82.95174,-6.92585,61 60 57,58 62 59
2,pasted__pasted__polySurface26Shape,60,33,braid,left_braid_low,0.9284793,0.7455215,-20.02178,83.72936,-6.68557,56 53 66 65,55 53 68 67
2,pasted__pasted__polySurface26Shape,61,33,braid,left_braid_low,0.9294969,0.7507259,-20.08036,85.47641,-6.20457,67 64 65 66,69 65 67 68
2,pasted__pasted__polySurface26Shape,62,33,braid,left_braid_low,0.9323591,0.7450663,-19.23943,84.13208,-7.66556,68 66 53 47,70 68 53 49
2,pasted__pasted__polySurface26Shape,63,33,braid,left_braid_mid,0.9339346,0.7511625,-19.29297,86.06888,-7.12963,69 67 68,71 69 70
2,pasted__pasted__polySurface26Shape,64,33,braid,left_braid_low,0.9357379,0.7451219,-19.44379,84.62012,-8.73325,70 68 47 41,72 70 49 40
2,pasted__pasted__polySurface26Shape,65,33,braid,left_braid_low,0.9353584,0.7495999,-19.22299,85.65883,-7.9068,69 68 70,71 70 72
2,pasted__pasted__polySurface26Shape,66,33,braid,left_braid_mid,0.9279859,0.7563678,-21.18606,87.09938,-5.97918,72 71 64,73 66 65
2,pasted__pasted__polySurface26Shape,67,33,braid,left_braid_mid,0.9305751,0.7562492,-20.31336,87.26471,-6.17654,73 72 64 67,74 73 65 69
2,pasted__pasted__polySurface26Shape,68,33,braid,left_braid_mid,0.9331695,0.7547334,-19.57887,86.95956,-6.68399,73 67 69,74 69 71
2,pasted__pasted__polySurface26Shape,69,33,braid,left_braid_low,0.9324807,0.7494312,-19.2974,85.43388,-6.90993,68 67 66,70 69 68
2,pasted__pasted__polySurface26Shape,70,33,braid,left_braid_mid,0.931643,0.7604745,-20.55359,88.6227,-6.38987,74 72 73,75 73 74
2,pasted__pasted__polySurface26Shape,71,33,braid,left_braid_low,0.9274273,0.7316811,-21.65468,80.30111,-9.33976,50 55 51,51 57 52
2,pasted__pasted__polySurface26Shape,72,33,braid,left_braid_low,0.9267018,0.7506853,-20.91555,85.19589,-5.98549,63 65 64,63 67 65
2,pasted__pasted__polySurface26Shape,73,33,braid,left_braid_low,0.9246982,0.7393816,-21.14156,81.73927,-7.392,54 56 58,56 55 60
2,pasted__pasted__polySurface26Shape,74,33,braid,left_braid_low,0.9244615,0.7355526,-21.59052,80.84841,-8.22009,55 54 58,57 56 60
2,pasted__pasted__polySurface26Shape,75,51,braid,left_braid_mid,0.9873044,0.5622756,-22.44241,86.45867,-5.20974,75 78 76 77,76 77 78 79
2,pasted__pasted__polySurface26Shape,76,51,braid,left_braid_mid,0.9878915,0.5674101,-21.70438,87.43429,-5.65673,79 75 77,80 76 79
2,pasted__pasted__polySurface26Shape,77,51,braid,left_braid_low,0.9867701,0.5505335,-24.84139,84.73841,-4.98968,80 83 81 82,81 82 83 84
2,pasted__pasted__polySurface26Shape,78,51,braid,left_braid_low,0.9869434,0.5569466,-23.43528,85.58957,-4.89202,80 82 76 78,81 84 78 77
2,pasted__pasted__polySurface26Shape,79,51,braid,left_braid_low,0.9866056,0.5347223,-27.73575,82.86474,-7.25362,84 87 85 86,85 86 87 88
2,pasted__pasted__polySurface26Shape,80,51,braid,left_braid_low,0.9866478,0.5429405,-26.53445,83.79799,-5.82792,83 84 86 81,82 85 88 83
2,pasted__pasted__polySurface26Shape,81,51,braid,left_braid_low,0.9865949,0.5238245,-27.88141,81.5113,-9.40657,89 93 87 88,89 90 86 91
2,pasted__pasted__polySurface26Shape,82,51,braid,left_braid_low,0.9868523,0.5162083,-27.35816,80.08546,-10.38141,88 91 90 89,91 92 93 89
2,pasted__pasted__polySurface26Shape,83,51,braid,left_braid_low,0.9875474,0.5111425,-27.06065,79.02095,-10.67941,92 90 91,94 93 92
2,pasted__pasted__polySurface26Shape,84,51,braid,left_braid_low,0.9872042,0.5286664,-28.2583,82.20742,-8.43751,87 93 85,86 90 87
2,pasted__pasted__polySurface26Shape,85,73,braid,left_braid_mid,0.965552,0.4149789,-22.13258,86.12039,-5.3535,94 98 95 96,95 96 97 98
2,pasted__pasted__polySurface26Shape,86,73,braid,left_braid_mid,0.965227,0.4203196,-21.52688,87.28111,-5.78368,97 94 96,99 95 98
2,pasted__pasted__polySurface26Shape,87,73,braid,left_braid_low,0.9653022,0.4092562,-23.1403,85.04189,-4.96143,98 100 99 95,96 100 101 97
2,pasted__pasted__polySurface26Shape,88,73,braid,left_braid_low,0.9689569,0.4095857,-22.90763,84.7745,-5.79344,95 99 101 102,97 101 102 103
2,pasted__pasted__polySurface26Shape,89,73,braid,left_braid_low,0.9682941,0.4144388,-22.09041,85.7087,-5.91303,96 95 102,98 97 103
2,pasted__pasted__polySurface26Shape,90,73,braid,left_braid_low,0.9690037,0.4029623,-24.29487,83.81309,-5.77818,101 99 103 104,102 101 104 105
2,pasted__pasted__polySurface26Shape,91,73,braid,left_braid_low,0.9652962,0.3957094,-26.35538,83.21625,-5.70784,105 107 106 103,106 107 108 104
2,pasted__pasted__polySurface26Shape,92,73,braid,left_braid_low,0.96527,0.4028527,-24.63117,84.07895,-4.98401,105 103 99 100,106 104 101 100
2,pasted__pasted__polySurface26Shape,93,73,braid,left_braid_low,0.9643147,0.387962,-27.75787,82.37753,-7.07209,107 115 108 106,107 109 110 108
2,pasted__pasted__polySurface26Shape,94,73,braid,left_braid_low,0.9601352,0.3692589,-27.75032,79.84926,-10.44283,109 113 110 111,111 112 113 114
2,pasted__pasted__polySurface26Shape,95,73,braid,left_braid_low,0.9613677,0.3758579,-28.28901,80.93288,-9.5666,111 116 112 109,114 115 116 111
2,pasted__pasted__polySurface26Shape,96,73,braid,left_braid_low,0.9594367,0.3642197,-27.26079,78.95567,-10.76875,114 110 113,117 113 112
2,pasted__pasted__polySurface26Shape,97,73,braid,left_braid_low,0.9626654,0.3812179,-28.39348,81.64101,-8.48402,115 112 116 108,109 116 115 110
2,pasted__pasted__polySurface26Shape,98,73,braid,left_braid_low,0.9683565,0.3970876,-25.63389,83.11586,-6.04717,106 104 103,108 105 104
2,pasted__pasted__polySurface26Shape,99,42,braid,left_braid_mid,0.9858513,0.6432131,-20.94729,89.21102,-6.13316,28 26 117,29 27 118
2,pasted__pasted__polySurface26Shape,100,63,braid,left_braid_mid,0.8147898,0.4822143,-19.70302,91.5458,-4.96654,118 122 119 120,119 120 121 122
2,pasted__pasted__polySurface26Shape,101,63,braid,left_braid_mid,0.8137555,0.4944825,-19.09732,92.70652,-5.39672,121 118 120,123 119 122
2,pasted__pasted__polySurface26Shape,102,63,braid,left_braid_mid,0.8142855,0.4692005,-20.71074,90.46731,-4.57447,122 124 123 119,120 124 125 121
2,pasted__pasted__polySurface26Shape,103,63,braid,left_braid_mid,0.8231871,0.469544,-20.47808,90.19992,-5.40648,119 123 125 29,121 125 126 127
2,pasted__pasted__polySurface26Shape,104,63,braid,left_braid_mid,0.8215884,0.4806752,-19.66085,91.13412,-5.52607,120 119 29,122 121 127
2,pasted__pasted__polySurface26Shape,105,63,braid,left_braid_mid,0.8229992,0.4547694,-21.87248,89.22338,-5.39299,125 123 126 127,126 125 128 129
2,pasted__pasted__polySurface26Shape,106,63,braid,left_braid_mid,0.8146058,0.4379529,-23.96152,88.56625,-5.32969,128 130 129 126,130 131 132 128
2,pasted__pasted__polySurface26Shape,107,63,braid,left_braid_mid,0.8138354,0.4547379,-22.20316,89.5011,-4.59743,128 126 123 124,130 128 125 124
2,pasted__pasted__polySurface26Shape,108,63,braid,left_braid_mid,0.8151436,0.4193502,-25.43564,87.57625,-6.7116,130 138 131 129,131 133 134 132
2,pasted__pasted__polySurface26Shape,109,63,braid,left_braid_low,0.8074103,0.3765008,-25.55525,84.7794,-10.11371,132 136 133 134,135 136 137 138
2,pasted__pasted__polySurface26Shape,110,63,braid,left_braid_low,0.8115952,0.3909803,-26.06779,85.91823,-9.23103,134 139 135 132,138 139 140 135
2,pasted__pasted__polySurface26Shape,111,63,braid,left_braid_low,0.803222,0.3657879,-25.07797,83.85994,-10.44265,137 133 136,141 137 136
2,pasted__pasted__polySurface26Shape,112,63,braid,left_braid_mid,0.8138453,0.4032007,-26.13236,86.71065,-8.13861,138 135 139 131,133 140 139 134
2,pasted__pasted__polySurface26Shape,113,63,braid,left_braid_mid,0.8213379,0.4415315,-23.23849,88.46913,-5.66863,129 127 126,132 129 128
2,pasted__pasted__polySurface26Shape,114,65,braid,left_braid_mid,0.8440045,0.4797095,-20.01286,91.88409,-4.82278,140 143 141 142,142 143 144 145
2,pasted__pasted__polySurface26Shape,115,65,braid,left_braid_mid,0.8426466,0.4916351,-19.27482,92.85971,-5.26977,144 140 142,146 142 145
2,pasted__pasted__polySurface26Shape,116,65,braid,left_braid_mid,0.8453041,0.4509823,-22.41382,90.15964,-4.60321,145 148 146 147,147 148 149 150
2,pasted__pasted__polySurface26Shape,117,65,braid,left_braid_mid,0.8449224,0.4669225,-21.00572,91.01499,-4.50507,145 147 141 143,147 150 144 143
2,pasted__pasted__polySurface26Shape,118,65,braid,left_braid_mid,0.8446907,0.4139974,-25.44024,88.00703,-6.89973,149 152 150 151,151 152 153 154
2,pasted__pasted__polySurface26Shape,119,65,braid,left_braid_mid,0.8451269,0.4317649,-24.15103,89.12594,-5.45235,148 149 151 146,148 151 154 149
2,pasted__pasted__polySurface26Shape,120,65,braid,left_braid_mid,0.8452768,0.3919277,-25.67201,86.47171,-9.07391,154 158 152 153,155 156 152 157
2,pasted__pasted__polySurface26Shape,121,65,braid,left_braid_low,0.8446627,0.3740663,-25.17573,84.9889,-10.05541,153 156 155 154,157 158 159 155
2,pasted__pasted__polySurface26Shape,122,65,braid,left_braid_low,0.8432714,0.3622693,-24.88196,83.91646,-10.35433,157 155 156,160 159 158
2,pasted__pasted__polySurface26Shape,123,65,braid,left_braid_mid,0.846294,0.4028041,-26.00933,87.2514,-8.09509,152 158 150,152 156 153
2,pasted__pasted__polySurface26Shape,124,20,braid,left_braid_low,0.9330062,0.7977492,-24.14513,84.92114,-10.77587,161 159 160,161 162 163
2,pasted__pasted__polySurface26Shape,125,20,braid,left_braid_low,0.931655,0.8036105,-23.49036,85.46813,-11.34737,162 160 159,164 163 162
2,pasted__pasted__polySurface26Shape,126,20,braid,left_braid_mid,0.9257625,0.8133281,-21.49781,86.05139,-11.90269,163 165 162 164,165 166 164 167
2,pasted__pasted__polySurface26Shape,127,20,braid,left_braid_mid,0.927312,0.8218255,-20.17294,87.62989,-11.62624,164 166 163,167 168 165
2,pasted__pasted__polySurface26Shape,128,20,braid,left_braid_mid,0.9248632,0.825961,-19.18021,87.90176,-11.38669,163 166 167,165 168 169
2,pasted__pasted__polySurface26Shape,129,20,braid,left_braid_mid,0.9248194,0.8371197,-17.8454,89.61329,-10.30852,169 167 168,170 169 171
2,pasted__pasted__polySurface26Shape,130,20,braid,left_braid_low,0.9263729,0.8037018,-23.1073,84.79729,-11.69632,162 165 170 160,164 166 172 163
2,pasted__pasted__polySurface26Shape,131,20,braid,left_braid_low,0.9290622,0.7945735,-24.26727,84.10163,-10.83065,160 170 171 161,163 172 173 161
2,pasted__pasted__polySurface26Shape,132,20,braid,left_braid_mid,0.9272802,0.8311012,-18.65731,89.12678,-10.96396,166 168 167,168 171 169
2,pasted__pasted__polySurface26Shape,133,20,braid,left_braid_mid,0.9306901,0.8295921,-19.2941,89.39811,-10.96271,172 168 166,174 171 168
2,pasted__pasted__polySurface26Shape,134,20,braid,left_braid_mid,0.9328783,0.8138125,-22.02669,87.10473,-11.36571,173 164 162,175 167 164
2,pasted__pasted__polySurface26Shape,135,20,braid,left_braid_mid,0.9311305,0.8241604,-20.17177,88.61851,-11.32869,172 166 164,174 168 167
2,pasted__pasted__polySurface26Shape,136,20,braid,left_braid_mid,0.9341089,0.8197411,-21.12038,88.22742,-11.09605,172 164 173,174 167 175
2,pasted__pasted__polySurface26Shape,137,20,braid,left_braid_mid,0.9345414,0.8083565,-22.95204,86.45818,-11.06794,173 162 159,175 164 162
2,pasted__pasted__polySurface26Shape,138,20,braid,left_braid_mid,0.9179915,0.8253822,-18.8773,86.71381,-10.94477,175 163 167 174,176 165 169 177
2,pasted__pasted__polySurface26Shape,139,20,braid,left_braid_low,0.918478,0.8127881,-21.00977,84.8801,-11.66251,175 177 165 163,176 178 166 165
2,pasted__pasted__polySurface26Shape,140,20,braid,left_braid_mid,0.9181623,0.838418,-17.32698,88.82986,-9.58036,176 174 167 169,179 177 169 170
2,pasted__pasted__polySurface26Shape,141,20,braid,left_braid_low,0.9207919,0.8022554,-22.84804,83.91676,-11.60594,177 178 170 165,178 180 172 166
2,pasted__pasted__polySurface26Shape,142,20,braid,left_braid_low,0.924379,0.7947218,-24.00293,83.57093,-11.03901,171 170 178,173 172 180
2,pasted__pasted__polySurface26Shape,143,20,braid,left_braid_low,0.9096221,0.8256965,-18.97597,85.79475,-9.77112,175 174 179 180,176 177 181 182
2,pasted__pasted__polySurface26Shape,144,20,braid,left_braid_mid,0.9096311,0.8386447,-17.34422,87.83847,-8.39252,176 182 179 174,179 183 181 177
2,pasted__pasted__polySurface26Shape,145,20,braid,left_braid_low,0.9112381,0.8136883,-20.82174,84.28473,-10.71868,180 181 175,182 184 176
2,pasted__pasted__polySurface26Shape,146,20,braid,left_braid_low,0.9149691,0.8097793,-21.34744,84.10138,-11.28008,175 181 177,176 184 178
2,pasted__pasted__polySurface26Shape,147,20,braid,left_braid_low,0.917276,0.8026074,-22.58506,83.60795,-11.33482,178 177 181,180 178 184
2,pasted__pasted__polySurface26Shape,148,20,braid,left_braid_mid,0.9027253,0.8394256,-18.00562,87.38692,-7.30101,182 185 183 179,183 185 186 181
2,pasted__pasted__polySurface26Shape,149,20,braid,left_braid_mid,0.902245,0.8316843,-18.81492,86.02984,-8.21043,184 179 183,187 181 186
2,pasted__pasted__polySurface26Shape,150,20,braid,left_braid_mid,0.894786,0.8433258,-19.26503,87.90274,-6.57866,185 188 186 69,185 188 189 190
2,pasted__pasted__polySurface26Shape,151,20,braid,left_braid_mid,0.8887889,0.8491892,-20.35339,88.8978,-6.485,188 117 187,188 191 192
2,pasted__pasted__polySurface26Shape,152,20,braid,left_braid_mid,0.8923024,0.8538494,-19.76475,89.83539,-6.0633,188 190 189 117,188 193 194 191
2,pasted__pasted__polySurface26Shape,153,20,braid,left_braid_mid,0.8968194,0.860457,-19.10842,91.17685,-5.65547,191 198 189 190,195 196 194 193
2,pasted__pasted__polySurface26Shape,154,20,braid,left_braid_mid,0.8975094,0.8507221,-18.68719,89.29115,-5.9128,192 190 188 185,197 193 188 185
2,pasted__pasted__polySurface26Shape,155,20,braid,left_braid_mid,0.8899433,0.8462459,-20.13014,88.37147,-6.53956,188 187 186,188 192 189
2,pasted__pasted__polySurface26Shape,156,20,braid,left_braid_mid,0.9033645,0.8490181,-17.59222,89.15478,-6.29861,185 182 193 192,185 183 198 197
2,pasted__pasted__polySurface26Shape,157,20,braid,left_braid_mid,0.9042769,0.857762,-17.6508,90.90183,-5.81761,194 191 192 193,199 195 197 198
2,pasted__pasted__polySurface26Shape,158,20,braid,left_braid_mid,0.9100913,0.8486309,-16.80987,89.5575,-7.2786,195 193 182 176,200 198 183 179
2,pasted__pasted__polySurface26Shape,159,20,braid,left_braid_mid,0.91202,0.8587121,-16.77614,91.54783,-6.73035,196 194 195,201 199 200
2,pasted__pasted__polySurface26Shape,160,20,braid,left_braid_mid,0.9170384,0.8494642,-16.69005,90.39673,-8.2104,197 195 176 169,202 200 179 170
2,pasted__pasted__polySurface26Shape,161,20,braid,left_braid_mid,0.9154826,0.8564998,-16.61541,91.39698,-7.40252,196 195 197,201 200 202
2,pasted__pasted__polySurface26Shape,162,20,braid,left_braid_mid,0.9004867,0.8670792,-18.7565,92.5248,-5.59222,199 198 191,203 196 195
2,pasted__pasted__polySurface26Shape,163,20,braid,left_braid_mid,0.9053726,0.8674584,-17.92165,92.82343,-5.78294,200 199 191 194,204 203 195 199
2,pasted__pasted__polySurface26Shape,164,20,braid,left_braid_mid,0.9105245,0.8649255,-17.1125,92.61626,-6.27585,200 194 196,204 199 201
2,pasted__pasted__polySurface26Shape,165,20,braid,left_braid_mid,0.9096528,0.8559345,-16.86784,90.8593,-6.52297,195 194 193,200 199 198
2,pasted__pasted__polySurface26Shape,166,20,braid,left_braid_mid,0.9064902,0.8750304,-18.16881,94.26382,-5.99463,201 199 200,205 203 204
2,pasted__pasted__polySurface26Shape,167,20,braid,left_braid_low,0.9041503,0.8259573,-19.39674,85.36403,-8.99514,179 184 180,181 187 182
2,pasted__pasted__polySurface26Shape,168,20,braid,left_braid_mid,0.8995244,0.8572639,-18.48599,90.62131,-5.59853,190 192 191,193 197 195
2,pasted__pasted__polySurface26Shape,169,20,braid,left_braid_mid,0.8983875,0.8386613,-18.75478,87.07432,-7.01559,183 185 69,186 185 190
2,pasted__pasted__polySurface26Shape,170,20,braid,left_braid_mid,0.8989699,0.8324749,-19.26945,86.04468,-7.85989,184 183 69,187 186 190
2,pasted__pasted__polySurface26Shape,171,25,braid,left_braid_mid,0.9541659,0.8274446,-23.25246,91.80202,-9.1521,204 202 203,206 207 208
2,pasted__pasted__polySurface26Shape,172,25,braid,left_braid_mid,0.9549837,0.8087817,-24.44265,87.97736,-10.83822,207 205 206,209 210 211
2,pasted__pasted__polySurface26Shape,173,25,braid,left_braid_mid,0.9534309,0.8184222,-23.81097,90.06598,-10.18121,206 205 202 204,211 210 207 206
2,pasted__pasted__polySurface26Shape,174,25,braid,left_braid_mid,0.9520949,0.8064789,-23.85839,87.57739,-11.01614,206 208 207,211 212 209
2,pasted__pasted__polySurface26Shape,175,25,braid,left_braid_mid,0.947532,0.811222,-22.92783,88.72342,-10.79001,208 206 209,212 211 213
2,pasted__pasted__polySurface26Shape,176,25,braid,left_braid_mid,0.9480166,0.8034744,-23.08905,87.08184,-10.79007,211 208 210,214 212 215
2,pasted__pasted__polySurface26Shape,177,25,braid,left_braid_mid,0.9475696,0.8170197,-22.75136,89.90306,-10.41554,209 206 204,213 211 206
2,pasted__pasted__polySurface26Shape,178,25,braid,left_braid_mid,0.9448656,0.8094336,-22.44587,88.39614,-10.62665,210 208 209,215 212 213
2,pasted__pasted__polySurface26Shape,179,25,braid,left_braid_mid,0.9635412,0.8073435,-25.18884,87.25725,-9.67179,213 216 214 212,216 217 218 219
2,pasted__pasted__polySurface26Shape,180,25,braid,left_braid_mid,0.9639013,0.8185603,-24.95005,89.58933,-8.79862,215 217 216 213,220 221 217 216
2,pasted__pasted__polySurface26Shape,181,25,braid,left_braid_mid,0.9683902,0.8179559,-25.11158,89.16986,-8.12398,218 215 213 219,222 220 216 223
2,pasted__pasted__polySurface26Shape,182,25,braid,left_braid_mid,0.9673153,0.8087442,-25.21465,87.32098,-9.01056,212 219 213,219 223 216
2,pasted__pasted__polySurface26Shape,183,25,braid,left_braid_mid,0.968754,0.8285472,-24.44039,91.29846,-6.98491,220 215 218 221,224 220 222 225
2,pasted__pasted__polySurface26Shape,184,25,braid,left_braid_mid,0.9642554,0.8290226,-24.16058,91.6545,-7.68851,220 222 217 215,224 226 221 220
2,pasted__pasted__polySurface26Shape,185,25,braid,left_braid_mid,0.9589886,0.8074543,-25.04088,87.5033,-10.39758,205 207 214 216,210 209 218 217
2,pasted__pasted__polySurface26Shape,186,25,braid,left_braid_mid,0.9592537,0.8188652,-24.72446,89.96118,-9.53407,217 202 205 216,221 207 210 217
2,pasted__pasted__polySurface26Shape,187,25,braid,left_braid_mid,0.9595881,0.8292342,-23.84786,91.97221,-8.39058,217 222 203 202,221 226 208 207
2,pasted__pasted__polySurface26Shape,188,25,braid,left_braid_low,0.9593843,0.7975325,-24.88109,85.52693,-10.51363,223 214 207,227 218 209
2,pasted__pasted__polySurface26Shape,189,25,braid,left_braid_low,0.956453,0.7958922,-24.42527,85.32397,-10.68582,223 207 211,227 209 214
2,pasted__pasted__polySurface26Shape,190,25,braid,left_braid_mid,0.9523634,0.8014055,-23.90752,86.49463,-10.97945,208 211 207,212 214 209
2,pasted__pasted__polySurface26Shape,191,25,braid,left_braid_mid,0.9684935,0.8392212,-23.26669,93.03421,-6.11044,221 225 224 220,225 228 229 224
2,pasted__pasted__polySurface26Shape,192,25,braid,left_braid_mid,0.9746454,0.8275426,-24.59161,90.63337,-6.19477,221 218 226 227,225 222 230 231
2,pasted__pasted__polySurface26Shape,193,25,braid,left_braid_mid,0.9728917,0.8170996,-25.29791,88.65896,-7.51582,226 218 219 228,230 222 223 232
2,pasted__pasted__polySurface26Shape,194,25,braid,left_braid_mid,0.9749446,0.838272,-23.27877,92.29977,-5.2783,225 221 227 229,228 225 231 233
2,pasted__pasted__polySurface26Shape,195,25,braid,left_braid_mid,0.9648774,0.837805,-23.24396,93.02985,-6.816,224 222 220,229 226 224
2,pasted__pasted__polySurface26Shape,196,25,braid,left_braid_mid,0.9619004,0.837871,-23.04263,93.19781,-7.26453,224 203 222,229 208 226
2,pasted__pasted__polySurface26Shape,197,25,braid,left_braid_mid,0.9824417,0.8370022,-22.72881,91.07146,-4.91217,229 227 230 231,233 231 234 235
2,pasted__pasted__polySurface26Shape,198,25,braid,left_braid_mid,0.980023,0.8262802,-24.23607,89.73508,-5.80723,226 239 230 227,230 236 234 231
2,pasted__pasted__polySurface26Shape,199,25,braid,left_braid_mid,0.9839425,0.8526087,-20.13616,92.41704,-5.03725,234 232 233,237 238 239
2,pasted__pasted__polySurface26Shape,200,25,braid,left_braid_mid,0.9823637,0.8572241,-19.50774,93.18223,-5.31529,232 235 233,238 240 239
2,pasted__pasted__polySurface26Shape,201,25,braid,left_braid_mid,0.9688248,0.8469563,-22.22182,94.00452,-5.6561,224 225 236,229 228 241
2,pasted__pasted__polySurface26Shape,202,25,braid,left_braid_mid,0.9790783,0.8585043,-19.58339,93.84909,-5.36878,237 233 235,242 239 240
2,pasted__pasted__polySurface26Shape,203,25,braid,left_braid_mid,0.9751098,0.8549771,-20.5195,94.04775,-5.23088,236 233 237,241 239 242
2,pasted__pasted__polySurface26Shape,204,25,braid,left_braid_mid,0.974911,0.8484039,-21.65312,93.43058,-5.09803,236 225 229 233,241 228 233 239
2,pasted__pasted__polySurface26Shape,205,25,braid,left_braid_mid,0.9792451,0.8622656,-18.99062,94.44402,-5.77091,237 235 238,242 240 243
2,pasted__pasted__polySurface26Shape,206,25,braid,left_braid_mid,0.9819042,0.8487384,-20.98059,92.40523,-4.85268,234 233 229,237 239 233
2,pasted__pasted__polySurface26Shape,207,25,braid,left_braid_low,0.9625037,0.7975752,-24.99322,85.439,-10.03894,212 214 223,219 218 227
2,pasted__pasted__polySurface26Shape,208,25,braid,left_braid_mid,0.9843621,0.8443311,-21.46483,91.59975,-4.76064,234 229 231,237 233 235
2,pasted__pasted__polySurface26Shape,209,25,braid,left_braid_mid,0.9696579,0.8083861,-25.32324,87.07698,-8.66921,212 228 219,219 232 223
2,pasted__pasted__polySurface26Shape,210,25,braid,left_braid_mid,0.9765692,0.8177858,-25.10787,88.44106,-6.96333,228 239 226,232 236 230
2,pasted__pasted__polySurface26Shape,211,41,braid,left_braid_low,0.9488386,0.6761585,-29.27139,78.7533,-7.40566,242 243 241 240,244 245 246 247
2,pasted__pasted__polySurface26Shape,212,41,braid,left_braid_low,0.9499803,0.687631,-29.41461,78.3399,-8.51053,241 243 244,246 245 248
2,pasted__pasted__polySurface26Shape,213,41,braid,left_braid_low,0.9550697,0.6759627,-29.34284,79.2705,-7.64237,245 246 243 242,249 250 245 244
2,pasted__pasted__polySurface26Shape,214,41,braid,left_braid_low,0.9546452,0.6922828,-29.29436,78.54451,-9.102,247 244 246,251 248 250
2,pasted__pasted__polySurface26Shape,215,41,braid,left_braid_low,0.9536251,0.6874623,-29.43651,78.63866,-8.63003,246 244 243,250 248 245
2,pasted__pasted__polySurface26Shape,216,41,braid,left_braid_low,0.9476707,0.6496206,-27.63416,80.30848,-5.35578,250 251 249 248,252 253 254 255
2,pasted__pasted__polySurface26Shape,217,41,braid,left_braid_low,0.9482082,0.6623557,-28.64402,79.46728,-6.18178,242 240 249 251,244 247 254 253
2,pasted__pasted__polySurface26Shape,218,41,braid,left_braid_low,0.9556431,0.648689,-27.88678,81.01601,-5.72805,252 253 251 250,256 257 253 252
2,pasted__pasted__polySurface26Shape,219,41,braid,left_braid_low,0.9556276,0.6619278,-28.80179,80.10796,-6.51152,245 242 251 253,249 244 253 257
2,pasted__pasted__polySurface26Shape,220,41,braid,left_braid_low,0.9477556,0.623372,-24.99546,82.25751,-5.45604,256 257 255 254,258 259 260 261
2,pasted__pasted__polySurface26Shape,221,41,braid,left_braid_low,0.9474373,0.6375074,-26.41673,81.211,-5.09733,250 248 255 257,252 255 260 259
2,pasted__pasted__polySurface26Shape,222,41,braid,left_braid_low,0.9539915,0.6226127,-25.33326,82.81973,-5.65815,258 259 257 256,262 263 259 258
2,pasted__pasted__polySurface26Shape,223,41,braid,left_braid_low,0.9551321,0.6362984,-26.74049,81.90384,-5.44362,252 250 257 259,256 252 259 263
2,pasted__pasted__polySurface26Shape,224,41,braid,left_braid_low,0.9478452,0.6084404,-23.69299,83.19833,-6.39107,254 261 260 256,261 264 265 258
2,pasted__pasted__polySurface26Shape,225,41,braid,left_braid_low,0.9527259,0.610093,-24.05848,83.56753,-6.20026,258 256 260,262 258 265
2,pasted__pasted__polySurface26Shape,226,64,braid,left_braid_low,0.876794,0.4158195,-28.94919,83.08804,-8.2709,262 274 263 264,266 267 268 269
2,pasted__pasted__polySurface26Shape,227,64,braid,left_braid_low,0.8704185,0.3801666,-27.18304,84.01621,-6.25061,267 265 266,270 271 272
2,pasted__pasted__polySurface26Shape,228,64,braid,left_braid_low,0.8731182,0.3837907,-27.47089,83.94851,-6.59436,266 265 268,272 271 273
2,pasted__pasted__polySurface26Shape,229,64,braid,left_braid_low,0.875655,0.4630261,-28.87093,81.56212,-10.48274,269 272 270 271,274 275 276 277
2,pasted__pasted__polySurface26Shape,230,64,braid,left_braid_low,0.8736247,0.482471,-28.33633,80.5662,-11.20878,272 278 273 270,275 278 279 276
2,pasted__pasted__polySurface26Shape,231,64,braid,left_braid_low,0.8771775,0.4411581,-29.12642,82.44713,-9.41693,274 269 271 263,267 274 277 268
2,pasted__pasted__polySurface26Shape,232,64,braid,left_braid_low,0.8696459,0.5018271,-27.35676,78.74342,-11.61336,277 275 276,280 281 282
2,pasted__pasted__polySurface26Shape,233,64,braid,left_braid_low,0.8713603,0.4948657,-27.91419,79.71254,-11.56778,273 278 275,279 278 281
2,pasted__pasted__polySurface26Shape,234,64,braid,left_braid_low,0.8720592,0.4979743,-27.63223,79.41655,-11.50171,275 278 276,281 278 282
2,pasted__pasted__polySurface26Shape,235,64,braid,left_braid_low,0.8744285,0.3953939,-28.31613,83.52439,-7.20038,268 262 264 266,273 266 269 272
2,pasted__pasted__polySurface26Shape,236,64,braid,left_braid_low,0.8704185,0.3727926,-26.36629,84.43951,-6.06197,279 265 267,283 271 270
2,pasted__pasted__polySurface26Shape,237,38,braid,left_braid_mid,0.8864866,0.6147842,-18.06378,92.6007,-5.27882,280 283 281 282,284 285 286 287
2,pasted__pasted__polySurface26Shape,238,38,braid,left_braid_mid,0.8820033,0.6287885,-17.25981,90.6729,-5.51502,283 286 284 285,285 288 289 290
2,pasted__pasted__polySurface26Shape,239,38,braid,left_braid_mid,0.8816378,0.6411475,-17.1058,88.93519,-5.92498,284 286 287 288,289 288 291 292
2,pasted__pasted__polySurface26Shape,240,38,braid,left_braid_mid,0.8815995,0.6523766,-17.13615,87.40718,-6.58449,287 290 289 288,291 293 294 292
2,pasted__pasted__polySurface26Shape,241,38,braid,left_braid_mid,0.88727,0.6526267,-17.72232,87.1839,-6.11933,290 287 291 292,293 291 295 296
2,pasted__pasted__polySurface26Shape,242,38,braid,left_braid_low,0.8869441,0.6632559,-18.02275,85.98136,-7.08587,290 292 293 294,293 296 297 298
2,pasted__pasted__polySurface26Shape,243,38,braid,left_braid_low,0.8864486,0.673746,-18.66071,85.11852,-8.1764,293 296 295 294,297 299 300 298
2,pasted__pasted__polySurface26Shape,244,38,braid,left_braid_low,0.8831782,0.6940911,-20.59531,84.2593,-10.24593,299 297 298,301 302 303
2,pasted__pasted__polySurface26Shape,245,38,braid,left_braid_low,0.8851098,0.694373,-20.71601,84.16575,-10.08798,300 299 298,304 301 303
2,pasted__pasted__polySurface26Shape,246,38,braid,left_braid_low,0.8858791,0.6839403,-19.6026,84.55773,-9.21243,298 295 296 300,303 300 299 304
2,pasted__pasted__polySurface26Shape,247,38,braid,left_braid_low,0.8825256,0.6834262,-19.34167,84.7237,-9.49251,295 298 297 301,300 303 302 305
2,pasted__pasted__polySurface26Shape,248,38,braid,left_braid_low,0.8821864,0.6731201,-18.24651,85.33016,-8.52059,295 301 302 294,300 305 306 298
2,pasted__pasted__polySurface26Shape,249,38,braid,left_braid_mid,0.8818131,0.6627809,-17.49585,86.21342,-7.49797,302 289 290 294,306 294 293 298
2,pasted__pasted__polySurface26Shape,250,38,braid,left_braid_mid,0.8873557,0.6412445,-17.73716,88.76008,-5.51167,291 287 286 303,295 291 288 307
2,pasted__pasted__polySurface26Shape,251,38,braid,left_braid_mid,0.887172,0.6284918,-17.89368,90.60923,-5.22265,280 303 286 283,284 307 288 285
2,pasted__pasted__polySurface26Shape,252,38,braid,left_braid_mid,0.8826777,0.6151884,-17.57778,92.61036,-5.43609,283 285 304 281,285 290 308 286
2,pasted__pasted__polySurface26Shape,253,38,braid,left_braid_mid,0.8853773,0.604786,-18.18804,94.02574,-5.5978,305 282 281,309 287 286
2,pasted__pasted__polySurface26Shape,254,38,braid,left_braid_mid,0.8834292,0.6049312,-17.94749,94.0445,-5.65456,305 281 304,309 286 308
2,pasted__pasted__polySurface26Shape,255,21,braid,left_braid_mid,0.8323446,0.8269716,-16.49373,90.4134,-9.89159,306 309 307 308,310 311 312 313
2,pasted__pasted__polySurface26Shape,256,21,braid,left_braid_mid,0.8315752,0.8138146,-15.26236,91.1206,-9.01996,306 308 310 311,310 313 314 315
2,pasted__pasted__polySurface26Shape,257,21,braid,left_braid_mid,0.8315964,0.8006757,-14.45779,92.17289,-8.21385,312 313 311 310,316 317 315 314
2,pasted__pasted__polySurface26Shape,258,21,braid,left_braid_mid,0.8334077,0.7622849,-14.16258,96.7686,-6.44275,314 317 315 316,318 319 320 321
2,pasted__pasted__polySurface26Shape,259,21,braid,left_braid_mid,0.8323561,0.7752654,-14.05063,95.13445,-6.89512,318 315 317 319,322 320 319 323
2,pasted__pasted__polySurface26Shape,260,21,braid,left_braid_mid,0.8330658,0.8395863,-17.84365,89.86312,-10.63602,320 307 309 321,324 312 311 325
2,pasted__pasted__polySurface26Shape,261,21,braid,left_braid_mid,0.8334484,0.8522043,-19.30335,89.23496,-11.04159,320 321 322 323,324 325 326 327
2,pasted__pasted__polySurface26Shape,262,21,braid,left_braid_mid,0.8341858,0.8641463,-20.81126,88.55099,-10.92556,323 322 324,327 326 328
2,pasted__pasted__polySurface26Shape,263,21,braid,left_braid_mid,0.8344018,0.7508126,-14.60303,98.14545,-6.24022,314 316 325,318 321 329
2,pasted__pasted__polySurface26Shape,264,21,braid,left_braid_mid,0.831859,0.7878672,-14.10868,93.59187,-7.51214,312 318 319 313,316 322 323 317
2,pasted__pasted__polySurface26Shape,265,22,braid,left_braid_mid,0.8492975,0.8631065,-20.83503,88.73247,-11.10646,328 326 327,330 331 332
2,pasted__pasted__polySurface26Shape,266,22,braid,left_braid_mid,0.8476692,0.8119335,-15.17699,91.43335,-9.46623,329 332 330 331,333 334 335 336
2,pasted__pasted__polySurface26Shape,267,22,braid,left_braid_mid,0.8474654,0.7992776,-14.35827,92.4576,-8.7364,329 331 333 334,333 336 337 338
2,pasted__pasted__polySurface26Shape,268,22,braid,left_braid_mid,0.8478749,0.7871212,-13.95041,93.81785,-8.03257,335 334 333 336,339 338 337 340
2,pasted__pasted__polySurface26Shape,269,22,braid,left_braid_mid,0.8481563,0.8246316,-16.39452,90.69501,-10.22861,337 330 332 338,341 335 334 342
2,pasted__pasted__polySurface26Shape,270,22,braid,left_braid_mid,0.8485028,0.8371518,-17.76178,90.09489,-10.90207,337 338 339 340,341 342 343 344
2,pasted__pasted__polySurface26Shape,271,22,braid,left_braid_mid,0.8486884,0.8503869,-19.2896,89.46997,-11.30484,339 328 327 340,343 330 332 344
2,pasted__pasted__polySurface26Shape,272,22,braid,left_braid_mid,0.8494451,0.7508368,-14.56698,98.20168,-6.44624,343 341 342,345 346 347
2,pasted__pasted__polySurface26Shape,273,22,braid,left_braid_mid,0.8486112,0.7621621,-14.03891,96.89899,-6.81755,342 345 344 343,347 348 349 345
2,pasted__pasted__polySurface26Shape,274,22,braid,left_braid_mid,0.8482375,0.7748868,-13.85877,95.32794,-7.361,335 336 344 345,339 340 349 348
2,pasted__pasted__polySurface26Shape,275,39,braid,left_braid_mid,0.9003233,0.6098398,-20.11349,98.65706,-6.38631,348 346 347,350 351 352
2,pasted__pasted__polySurface26Shape,276,39,braid,left_braid_mid,0.9031142,0.6093197,-19.88283,98.74519,-6.62621,349 346 348,353 351 350
2,pasted__pasted__polySurface26Shape,277,39,braid,left_braid_mid,0.9051929,0.6364081,-21.72369,96.93529,-8.88571,350 353 351 352,354 355 356 357
2,pasted__pasted__polySurface26Shape,278,39,braid,left_braid_mid,0.8981661,0.6510475,-23.01912,95.45819,-9.54734,354 356 351 355,358 359 356 360
2,pasted__pasted__polySurface26Shape,279,39,braid,left_braid_mid,0.8984179,0.6645494,-23.36108,94.07694,-10.52255,355 358 357 354,360 361 362 358
2,pasted__pasted__polySurface26Shape,280,39,braid,left_braid_mid,0.8989285,0.676303,-23.12697,92.64379,-10.96471,358 360 359 357,361 363 364 362
2,pasted__pasted__polySurface26Shape,281,39,braid,left_braid_mid,0.9043117,0.6765511,-22.66632,92.78269,-11.32317,360 358 361 362,363 361 365 366
2,pasted__pasted__polySurface26Shape,282,39,braid,left_braid_mid,0.9032232,0.6858891,-22.31548,91.58265,-11.20291,363 360 362,367 363 366
2,pasted__pasted__polySurface26Shape,283,39,braid,left_braid_mid,0.8995833,0.6873985,-22.55619,91.28298,-10.92543,360 363 364 359,363 367 368 364
2,pasted__pasted__polySurface26Shape,284,39,braid,left_braid_mid,0.9050054,0.6642208,-22.84097,94.31687,-10.967,365 361 358 355,369 365 361 360
2,pasted__pasted__polySurface26Shape,285,39,braid,left_braid_mid,0.9053095,0.6504417,-22.48648,95.75418,-10.05909,355 351 353 365,360 356 355 369
2,pasted__pasted__polySurface26Shape,286,39,braid,left_braid_mid,0.8984348,0.6366394,-22.22402,96.70023,-8.3409,351 356 366 352,356 359 370 357
2,pasted__pasted__polySurface26Shape,287,39,braid,left_braid_mid,0.8992257,0.6959139,-22.13624,90.25656,-10.67187,367 364 363,371 368 367
2,pasted__pasted__polySurface26Shape,288,39,braid,left_braid_mid,0.9043679,0.6219853,-20.82593,97.97452,-7.64079,350 352 346 349,354 357 351 353
2,pasted__pasted__polySurface26Shape,289,39,braid,left_braid_mid,0.8991438,0.6223942,-21.23143,97.81597,-7.19419,352 366 347 346,357 370 352 351
2,pasted__pasted__polySurface26Shape,290,40,braid,left_braid_mid,0.9273567,0.6946774,-23.73827,94.64562,-6.6194,370 368 369,372 373 374
2,pasted__pasted__polySurface26Shape,291,40,braid,left_braid_mid,0.9309247,0.6719058,-22.59393,96.1698,-4.92499,371 374 372 373,375 376 377 378
2,pasted__pasted__polySurface26Shape,292,40,braid,left_braid_mid,0.9289677,0.6945447,-23.78247,94.76961,-6.65899,370 369 375,372 374 379
2,pasted__pasted__polySurface26Shape,293,40,braid,left_braid_mid,0.9253946,0.6722653,-22.43092,95.65892,-4.78366,376 374 371 377,380 376 375 381
2,pasted__pasted__polySurface26Shape,294,40,braid,left_braid_mid,0.92406,0.6596648,-21.19924,96.19913,-4.23021,374 376 378 379,376 380 382 383
2,pasted__pasted__polySurface26Shape,295,40,braid,left_braid_mid,0.9321387,0.6451133,-20.03353,97.73358,-4.26658,379 382 380 381,383 384 385 386
2,pasted__pasted__polySurface26Shape,296,40,braid,left_braid_mid,0.9317206,0.65885,-21.43826,96.95107,-4.39176,379 381 372 374,383 386 377 376
2,pasted__pasted__polySurface26Shape,297,40,braid,left_braid_mid,0.9213913,0.6298428,-17.86124,97.61098,-4.68472,383 385 384 382,387 388 389 384
2,pasted__pasted__polySurface26Shape,298,40,braid,left_braid_mid,0.9225152,0.6466976,-19.71281,96.73274,-4.14341,383 382 379 378,387 384 383 382
2,pasted__pasted__polySurface26Shape,299,40,braid,left_braid_mid,0.9223873,0.6140939,-16.341,98.8099,-5.44909,384 385 386 387,389 388 390 391
2,pasted__pasted__polySurface26Shape,300,40,braid,left_braid_mid,0.9317501,0.6176729,-17.28796,99.41582,-5.10807,384 387 388 389,389 391 392 393
2,pasted__pasted__polySurface26Shape,301,40,braid,left_braid_mid,0.9321435,0.6301195,-18.484,98.61957,-4.57156,389 380 382 384,393 385 384 389
2,pasted__pasted__polySurface26Shape,302,40,braid,left_braid_mid,0.9252298,0.605295,-15.73443,99.88052,-5.83964,386 390 387,390 394 391
2,pasted__pasted__polySurface26Shape,303,40,braid,left_braid_mid,0.9303221,0.6083855,-16.40547,100.08996,-5.59074,387 390 388,391 394 392
2,pasted__pasted__polySurface26Shape,304,40,braid,left_braid_mid,0.926441,0.6850641,-23.32022,95.09287,-5.74051,371 369 368 377,375 374 373 381
2,pasted__pasted__polySurface26Shape,305,40,braid,left_braid_mid,0.9299336,0.6848199,-23.419,95.3859,-5.83196,369 371 373 375,374 375 378 379
2,pasted__pasted__polySurface26Shape,306,44,braid,left_braid_mid,0.872281,0.540736,-16.93379,99.47213,-10.38586,391 394 392 393,395 396 397 398
2,pasted__pasted__polySurface26Shape,307,44,braid,left_braid_mid,0.8705902,0.5514962,-15.15893,100.55352,-10.19494,396 395 394,399 400 396
2,pasted__pasted__polySurface26Shape,308,44,braid,left_braid_mid,0.8615031,0.5468843,-14.42089,98.50687,-11.07594,399 397 398,401 402 403
2,pasted__pasted__polySurface26Shape,309,44,braid,left_braid_mid,0.8605081,0.5352057,-16.71479,96.69254,-11.13255,398 405 400 401,403 404 405 406
2,pasted__pasted__polySurface26Shape,310,44,braid,left_braid_mid,0.8644815,0.5354332,-17.15092,97.53484,-11.14747,398 401 392,403 406 397
2,pasted__pasted__polySurface26Shape,311,44,braid,left_braid_mid,0.8624582,0.5239628,-18.95205,95.87617,-10.30773,402 407 403 401,407 408 409 406
2,pasted__pasted__polySurface26Shape,312,44,braid,left_braid_mid,0.8674771,0.5314672,-18.10005,97.55269,-10.49755,393 392 401 403,398 397 406 409
2,pasted__pasted__polySurface26Shape,313,44,braid,left_braid_mid,0.8599034,0.5520077,-13.24715,99.02955,-10.5482,404 397 399,410 402 401
2,pasted__pasted__polySurface26Shape,314,44,braid,left_braid_mid,0.8599477,0.5435812,-14.87608,97.66224,-11.16344,398 397 405,403 402 404
2,pasted__pasted__polySurface26Shape,315,44,braid,left_braid_mid,0.8598793,0.5189042,-19.53368,94.80037,-10.18203,402 406 407,407 411 408
2,pasted__pasted__polySurface26Shape,316,44,braid,left_braid_mid,0.8559789,0.5437966,-14.53129,97.05271,-10.57888,408 405 397,412 404 402
2,pasted__pasted__polySurface26Shape,317,44,braid,left_braid_mid,0.8554023,0.5523641,-12.9976,98.33454,-9.73314,409 397 404,413 402 410
2,pasted__pasted__polySurface26Shape,318,44,braid,left_braid_mid,0.8553904,0.5364484,-16.06137,96.01567,-10.54963,405 408 410 400,404 412 414 405
2,pasted__pasted__polySurface26Shape,319,44,braid,left_braid_mid,0.8596284,0.5269347,-18.27042,95.66658,-10.79451,400 402 401,405 407 406
2,pasted__pasted__polySurface26Shape,320,44,braid,left_braid_mid,0.8540139,0.5582415,-12.48557,99.2656,-8.57975,409 404 412 413,413 410 416 417
2,pasted__pasted__polySurface26Shape,321,44,braid,left_braid_mid,0.8659042,0.5551356,-14.07231,100.51003,-10.05864,399 394 395 414,401 396 400 418
2,pasted__pasted__polySurface26Shape,322,44,braid,left_braid_mid,0.8460782,0.5565681,-13.36164,98.12259,-7.21332,415 417 409 413,419 420 413 417
2,pasted__pasted__polySurface26Shape,323,44,braid,left_braid_mid,0.8660678,0.5440061,-15.66093,98.96035,-11.05999,398 392 394 399,403 397 396 401
2,pasted__pasted__polySurface26Shape,324,44,braid,left_braid_mid,0.8736823,0.5469136,-16.07669,100.40164,-10.16353,394 391 396,396 395 399
2,pasted__pasted__polySurface26Shape,325,44,braid,left_braid_mid,0.8530332,0.5474559,-13.82655,97.20233,-9.67631,408 397 409,412 402 413
2,pasted__pasted__polySurface26Shape,326,44,braid,left_braid_mid,0.8497187,0.5447522,-14.35049,96.46606,-9.15293,408 409 416,412 413 421
2,pasted__pasted__polySurface26Shape,327,44,braid,left_braid_mid,0.8467707,0.5483488,-14.10547,96.84294,-8.31156,416 409 417,421 413 420
2,pasted__pasted__polySurface26Shape,328,44,braid,left_braid_mid,0.8402241,0.5583727,-14.44312,98.27305,-6.50205,418 417 415,422 420 419
2,pasted__pasted__polySurface26Shape,329,44,braid,left_braid_mid,0.8396575,0.5662414,-14.61769,99.8494,-5.9178,418 415 419 420,422 419 423 424
2,pasted__pasted__polySurface26Shape,330,44,braid,left_braid_mid,0.8469295,0.5653608,-13.11856,100.0076,-6.24966,413 422 419 415,417 425 423 419
2,pasted__pasted__polySurface26Shape,331,44,braid,left_braid_top,0.8596055,0.5666087,-12.31269,101.53047,-8.40421,414 421 412,418 426 416
2,pasted__pasted__polySurface26Shape,332,44,braid,left_braid_mid,0.854501,0.5664666,-12.28097,100.92235,-7.47717,422 413 412 421,425 417 416 426
2,pasted__pasted__polySurface26Shape,333,44,braid,left_braid_top,0.8547759,0.5728924,-12.44031,102.2076,-6.90642,421 423 422,426 427 425
2,pasted__pasted__polySurface26Shape,334,44,braid,left_braid_top,0.849207,0.5742681,-13.23368,102.1124,-6.12205,424 419 422 423,428 423 425 427
2,pasted__pasted__polySurface26Shape,335,44,braid,left_braid_top,0.8424496,0.5739475,-14.44696,101.64348,-5.7832,424 420 419,428 424 423
2,pasted__pasted__polySurface26Shape,336,44,braid,left_braid_top,0.8507333,0.5801132,-13.44116,103.39842,-6.32904,425 424 423,429 428 427
2,pasted__pasted__polySurface26Shape,337,44,braid,left_braid_mid,0.8604577,0.5587842,-12.72021,100.31892,-9.62913,414 412 404 399,418 416 410 401
2,pasted__pasted__polySurface26Shape,338,44,braid,left_braid_mid,0.85109,0.5381061,-15.59074,95.77616,-9.76306,410 408 416,414 412 421
2,pasted__pasted__polySurface26Shape,339,44,braid,left_braid_mid,0.8574713,0.51955,-19.26078,94.54253,-10.35103,406 402 411,411 407 415
2,pasted__pasted__polySurface26Shape,340,43,braid,left_braid_top,0.7898864,0.5348957,-18.88468,101.68325,-9.27151,428 426 427,430 431 432
2,pasted__pasted__polySurface26Shape,341,43,braid,left_braid_mid,0.8087257,0.5191446,-19.36147,96.36398,-9.99686,431 429 430,433 434 435
2,pasted__pasted__polySurface26Shape,342,43,braid,left_braid_mid,0.7932953,0.5312992,-19.06621,100.71884,-9.66764,432 427 426,436 432 431
2,pasted__pasted__polySurface26Shape,343,43,braid,left_braid_mid,0.8033979,0.5202954,-18.86211,97.45369,-10.08579,429 433 430,434 437 435
2,pasted__pasted__polySurface26Shape,344,43,braid,left_braid_mid,0.7997631,0.5229196,-18.84018,98.44922,-10.16302,432 433 429,436 437 434
2,pasted__pasted__polySurface26Shape,345,43,braid,left_braid_mid,0.7988489,0.5295027,-19.80043,99.62831,-9.87108,427 432 434,432 436 438
2,pasted__pasted__polySurface26Shape,346,43,braid,left_braid_top,0.7915572,0.5407492,-19.47263,102.08346,-8.46054,436 427 435,439 432 440
2,pasted__pasted__polySurface26Shape,347,43,braid,left_braid_mid,0.8021651,0.5249305,-19.61039,98.36768,-10.20466,432 429 434,436 434 438
2,pasted__pasted__polySurface26Shape,348,43,braid,left_braid_mid,0.8047847,0.5324384,-20.37758,98.98802,-8.89741,434 438 437 427,438 441 442 432
2,pasted__pasted__polySurface26Shape,349,43,braid,left_braid_mid,0.8105887,0.5237486,-19.98317,96.68492,-9.39885,439 438 429,443 441 434
2,pasted__pasted__polySurface26Shape,350,43,braid,left_braid_mid,0.8074418,0.5258522,-20.10251,97.60925,-9.63778,429 438 434,434 441 438
2,pasted__pasted__polySurface26Shape,351,43,braid,left_braid_mid,0.8105762,0.5198601,-19.6681,96.09327,-9.80405,439 429 431,443 434 433
2,pasted__pasted__polySurface26Shape,352,43,braid,left_braid_mid,0.8148509,0.517292,-19.80768,95.05163,-9.82028,439 431 440,443 433 444
2,pasted__pasted__polySurface26Shape,353,43,braid,left_braid_mid,0.7899927,0.5224654,-17.35646,99.94956,-9.83792,442 441 433,445 446 437
2,pasted__pasted__polySurface26Shape,354,43,braid,left_braid_top,0.8043884,0.5553118,-19.13552,101.44008,-5.47298,443 448 444 445,447 448 449 450
2,pasted__pasted__polySurface26Shape,355,43,braid,left_braid_mid,0.8070127,0.5441707,-20.14959,99.83292,-6.73748,446 443 445 437,451 447 450 442
2,pasted__pasted__polySurface26Shape,356,43,braid,left_braid_top,0.7873155,0.5445024,-18.87465,103.01598,-7.95258,436 435 447,439 440 452
2,pasted__pasted__polySurface26Shape,357,43,braid,left_braid_mid,0.8102184,0.5355083,-20.37653,98.39304,-7.78749,446 437 438,451 442 441
2,pasted__pasted__polySurface26Shape,358,43,braid,left_braid_mid,0.8017501,0.5409997,-20.368,100.46473,-7.73122,445 427 437,450 432 442
2,pasted__pasted__polySurface26Shape,359,43,braid,left_braid_mid,0.8114244,0.5463414,-19.56583,99.29534,-6.25666,449 443 446,453 447 451
2,pasted__pasted__polySurface26Shape,360,43,braid,left_braid_top,0.8043292,0.5660589,-17.41389,102.78957,-4.703,448 452 450 444,448 454 455 449
2,pasted__pasted__polySurface26Shape,361,43,braid,left_braid_top,0.805981,0.5750123,-15.49896,103.84774,-4.90134,451 450 452 453,456 455 454 457
2,pasted__pasted__polySurface26Shape,362,43,braid,left_braid_top,0.8144788,0.5720401,-15.03903,101.83331,-5.63817,456 454 455,458 459 460
2,pasted__pasted__polySurface26Shape,363,43,braid,left_braid_top,0.8103709,0.5725868,-15.35457,102.57877,-5.09165,456 453 452,458 457 454
2,pasted__pasted__polySurface26Shape,364,43,braid,left_braid_top,0.8121411,0.5751994,-14.63008,102.71628,-5.52418,456 455 453,458 460 457
2,pasted__pasted__polySurface26Shape,365,43,braid,left_braid_top,0.8102542,0.5648358,-16.872,101.47288,-4.81124,457 456 452 448,461 458 454 448
2,pasted__pasted__polySurface26Shape,366,43,braid,left_braid_mid,0.8107314,0.5549801,-18.55485,100.26154,-5.33008,443 449 457 448,447 453 461 448
2,pasted__pasted__polySurface26Shape,367,43,braid,left_braid_mid,0.8143453,0.5561496,-17.95537,99.7774,-5.39693,458 457 449,462 461 453
2,pasted__pasted__polySurface26Shape,368,43,braid,left_braid_mid,0.8149925,0.5640245,-16.50504,100.5926,-5.33452,456 457 458 454,458 461 462 459
2,pasted__pasted__polySurface26Shape,369,43,braid,left_braid_top,0.8103583,0.5815939,-13.745,104.20904,-5.98468,460 459 453,463 464 457
2,pasted__pasted__polySurface26Shape,370,43,braid,left_braid_top,0.8076912,0.580926,-14.13627,104.58312,-5.47645,453 459 451,457 464 456
2,pasted__pasted__polySurface26Shape,371,43,braid,left_braid_top,0.8118927,0.5793988,-13.95951,103.51707,-5.98496,455 460 453,460 463 457
2,pasted__pasted__polySurface26Shape,372,43,braid,left_braid_top,0.7955635,0.5504067,-20.25685,101.29298,-7.32196,461 435 445,465 440 450
2,pasted__pasted__polySurface26Shape,373,43,braid,left_braid_top,0.7895574,0.5381891,-19.04428,102.0887,-8.88901,428 427 436,430 432 439
2,pasted__pasted__polySurface26Shape,374,43,braid,left_braid_top,0.7868535,0.5474569,-18.81799,103.28654,-7.39248,447 435 462,452 440 466
2,pasted__pasted__polySurface26Shape,375,43,braid,left_braid_mid,0.7932366,0.5236116,-18.02193,99.63023,-10.03628,442 433 432,445 437 436
2,pasted__pasted__polySurface26Shape,376,43,braid,left_braid_mid,0.7897289,0.528752,-18.18326,100.87053,-9.85467,432 426 463,436 431 467
2,pasted__pasted__polySurface26Shape,377,43,braid,left_braid_mid,0.7903046,0.5258551,-17.91303,100.39045,-9.92213,432 463 442,436 467 445
2,pasted__pasted__polySurface26Shape,378,43,braid,left_braid_top,0.7967335,0.5431071,-20.03753,101.5171,-7.77298,435 427 445,440 432 450
2,pasted__pasted__polySurface26Shape,379,66,braid,left_braid_top,0.9722546,0.4748752,-19.43942,102.5712,-6.00854,465 468 466 464,468 469 470 471
2,pasted__pasted__polySurface26Shape,380,66,braid,left_braid_top,0.9676055,0.4815271,-18.32243,103.9507,-6.14326,469 467 468,472 473 469
2,pasted__pasted__polySurface26Shape,381,66,braid,left_braid_top,0.9719598,0.4852556,-17.73983,103.84002,-5.0595,471 468 465 470,474 469 468 475
2,pasted__pasted__polySurface26Shape,382,66,braid,left_braid_top,0.971132,0.4930555,-16.17152,104.609,-4.77004,471 470 472,474 475 476
2,pasted__pasted__polySurface26Shape,383,66,braid,left_braid_mid,0.9694248,0.4451952,-20.09448,96.02306,-9.68969,475 473 474,477 478 479
2,pasted__pasted__polySurface26Shape,384,66,braid,left_braid_mid,0.9688332,0.4532036,-21.17142,98.91038,-9.14865,476 479 477 478,480 481 482 483
2,pasted__pasted__polySurface26Shape,385,66,braid,left_braid_mid,0.9680785,0.4570838,-21.08839,100.00011,-8.6246,476 478 480 481,480 483 484 485
2,pasted__pasted__polySurface26Shape,386,66,braid,left_braid_top,0.9675907,0.4650024,-20.46728,101.50752,-7.83876,482 481 480 466,486 485 484 470
2,pasted__pasted__polySurface26Shape,387,66,braid,left_braid_mid,0.9710402,0.4566955,-21.2731,99.74326,-8.24716,478 484 483 480,483 487 488 484
2,pasted__pasted__polySurface26Shape,388,66,braid,left_braid_top,0.9717979,0.464405,-20.70549,101.07715,-7.25354,480 483 464 466,484 488 471 470
2,pasted__pasted__polySurface26Shape,389,66,braid,left_braid_mid,0.9701705,0.4488151,-20.62266,96.68189,-9.60821,474 487 485 486,479 489 490 491
2,pasted__pasted__polySurface26Shape,390,66,braid,left_braid_mid,0.9700926,0.4451287,-20.13786,95.97787,-9.63727,473 487 474,478 489 479
2,pasted__pasted__polySurface26Shape,391,66,braid,left_braid_top,0.9691299,0.4848473,-17.84742,104.21808,-5.56348,468 471 469,469 474 472
2,pasted__pasted__polySurface26Shape,392,66,braid,left_braid_top,0.9675518,0.4751673,-19.22849,103.10532,-6.80648,466 468 467 482,470 469 473 486
2,pasted__pasted__polySurface26Shape,393,66,braid,left_braid_mid,0.9692534,0.4488576,-20.52513,96.76869,-9.72127,475 474 486 488,477 479 491 492
2,pasted__pasted__polySurface26Shape,394,66,braid,left_braid_mid,0.9701164,0.45129,-21.10573,97.71184,-9.34696,489 477 486 485,493 482 491 490
2,pasted__pasted__polySurface26Shape,395,66,braid,left_braid_mid,0.9692556,0.4513296,-20.95784,97.83737,-9.53008,479 488 486 477,481 492 491 482
2,pasted__pasted__polySurface26Shape,396,66,braid,left_braid_mid,0.9703699,0.4529769,-21.34432,98.73268,-8.88705,484 478 477 489,487 483 482 493
2,pasted__pasted__polySurface26Shape,397,34,braid,left_braid_mid,0.9627344,0.7482178,-14.62253,96.09945,-8.4373,492 490 491,494 495 496
2,pasted__pasted__polySurface26Shape,398,34,braid,left_braid_mid,0.9599756,0.7515813,-14.30039,96.46442,-7.21842,491 528 493 492,496 497 498 494
2,pasted__pasted__polySurface26Shape,399,34,braid,left_braid_mid,0.9687953,0.7262897,-20.34043,93.10163,-10.72276,496 494 495,499 500 501
2,pasted__pasted__polySurface26Shape,400,34,braid,left_braid_mid,0.9693551,0.7310519,-19.15337,94.14516,-10.65001,497 499 496 495,502 503 499 501
2,pasted__pasted__polySurface26Shape,401,34,braid,left_braid_mid,0.9686017,0.7357786,-17.85076,94.89345,-10.48584,499 497 498,503 502 504
2,pasted__pasted__polySurface26Shape,402,34,braid,left_braid_mid,0.9656325,0.7252946,-20.16897,92.18336,-11.2806,496 503 500 494,499 505 506 500
2,pasted__pasted__polySurface26Shape,403,34,braid,left_braid_mid,0.9656142,0.7366402,-17.01254,94.36484,-10.76843,501 499 498 502,507 503 504 508
2,pasted__pasted__polySurface26Shape,404,34,braid,left_braid_mid,0.9658809,0.7310382,-18.56604,93.37914,-11.31387,496 499 501 503,499 503 507 505
2,pasted__pasted__polySurface26Shape,405,34,braid,left_braid_mid,0.9641566,0.742405,-15.56248,95.1826,-9.70891,502 498 490 492,508 504 495 494
2,pasted__pasted__polySurface26Shape,406,34,braid,left_braid_mid,0.9588828,0.7472015,-14.30121,95.05996,-7.86539,492 493 504,494 498 509
2,pasted__pasted__polySurface26Shape,407,34,braid,left_braid_mid,0.9611825,0.7247844,-19.52741,90.80015,-11.58446,503 507 505 500,505 510 511 506
2,pasted__pasted__polySurface26Shape,408,34,braid,left_braid_mid,0.9610434,0.7359431,-16.23885,92.9713,-10.75515,502 508 506 501,508 512 513 507
2,pasted__pasted__polySurface26Shape,409,34,braid,left_braid_mid,0.9612832,0.7303427,-17.79942,91.91867,-11.4987,501 506 507 503,507 513 510 505
2,pasted__pasted__polySurface26Shape,410,34,braid,left_braid_mid,0.9601278,0.7419522,-14.97329,94.05171,-9.36177,492 504 508 502,494 509 512 508
2,pasted__pasted__polySurface26Shape,411,34,braid,left_braid_mid,0.956417,0.7351312,-16.06637,91.64395,-10.02161,506 508 509 510,513 512 514 515
2,pasted__pasted__polySurface26Shape,412,34,braid,left_braid_mid,0.9556656,0.7299908,-17.46968,90.52811,-10.53935,510 526 511 507 506,515 516 517 510 513
2,pasted__pasted__polySurface26Shape,413,34,braid,left_braid_mid,0.9611084,0.7187267,-21.25398,89.47394,-10.93585,512 513 500 505,518 519 506 511
2,pasted__pasted__polySurface26Shape,414,34,braid,left_braid_mid,0.9645511,0.7204674,-21.2854,90.86122,-10.8419,494 500 513,500 506 519
2,pasted__pasted__polySurface26Shape,415,34,braid,left_braid_mid,0.9574502,0.7239291,-19.25934,89.66477,-11.23433,505 507 511 514,511 510 517 520
2,pasted__pasted__polySurface26Shape,416,34,braid,left_braid_mid,0.958433,0.7190091,-20.82252,88.78756,-11.01357,512 505 514,518 511 520
2,pasted__pasted__polySurface26Shape,417,34,braid,left_braid_mid,0.9561655,0.7414643,-14.99846,93.01554,-8.6082,504 515 509 508,509 521 514 512
2,pasted__pasted__polySurface26Shape,418,34,braid,left_braid_mid,0.9497046,0.7498163,-16.6199,94.56119,-5.83765,517 516 518 519,523 522 524 525
2,pasted__pasted__polySurface26Shape,419,34,braid,left_braid_mid,0.9564936,0.7470773,-14.40676,94.52028,-7.35029,493 515 504,498 521 509
2,pasted__pasted__polySurface26Shape,420,34,braid,left_braid_mid,0.9473535,0.7499266,-17.46158,94.42571,-5.77407,517 519 520,523 525 526
2,pasted__pasted__polySurface26Shape,421,34,braid,left_braid_mid,0.9462879,0.7513354,-17.88069,94.85503,-5.87353,520 519 521,526 525 527
2,pasted__pasted__polySurface26Shape,422,34,braid,left_braid_mid,0.9537576,0.7483314,-15.17875,94.50719,-6.49004,493 518 516 515,498 524 522 521
2,pasted__pasted__polySurface26Shape,423,34,braid,left_braid_mid,0.9529404,0.7348596,-16.4257,90.95808,-9.14466,522 526 510 509,528 516 515 514
2,pasted__pasted__polySurface26Shape,424,34,braid,left_braid_mid,0.9532942,0.7414366,-15.45157,92.48644,-7.87955,523 509 515,529 514 521
2,pasted__pasted__polySurface26Shape,425,34,braid,left_braid_mid,0.9521294,0.7441438,-15.53595,93.01745,-6.98561,523 515 516,529 521 522
2,pasted__pasted__polySurface26Shape,426,34,braid,left_braid_mid,0.9494293,0.744062,-16.42525,92.74228,-6.64729,524 523 516 517,530 529 522 523
2,pasted__pasted__polySurface26Shape,427,34,braid,left_braid_mid,0.9524103,0.7388651,-15.87151,91.72828,-8.23967,509 523 522,514 529 528
2,pasted__pasted__polySurface26Shape,428,34,braid,left_braid_mid,0.9500665,0.7394607,-16.40728,91.62341,-7.64152,525 522 523 524,531 528 529 530
2,pasted__pasted__polySurface26Shape,429,34,braid,left_braid_mid,0.9509172,0.7356404,-16.68267,90.88217,-8.51677,526 522 525,516 528 531
2,pasted__pasted__polySurface26Shape,430,34,braid,left_braid_mid,0.9473009,0.7454636,-17.21313,93.01609,-6.30816,524 517 520,530 523 526
2,pasted__pasted__polySurface26Shape,431,34,braid,left_braid_mid,0.9600453,0.7569134,-14.62379,97.96629,-6.52497,491 527 528,496 532 497
2,pasted__pasted__polySurface26Shape,432,34,braid,left_braid_mid,0.9570317,0.758282,-15.3332,98.09708,-5.9809,528 527 529,497 532 533
2,pasted__pasted__polySurface26Shape,433,34,braid,left_braid_mid,0.9553521,0.7540447,-15.15611,96.56728,-6.02447,518 493 528 529,524 498 497 533
2,pasted__pasted__polySurface26Shape,434,34,braid,left_braid_mid,0.9511437,0.7546883,-16.59343,96.31904,-5.5574,529 519 518,533 525 524
2,pasted__pasted__polySurface26Shape,435,46,braid,left_braid_mid,0.8874595,0.5308738,-21.74545,93.11863,-10.57006,530 547 531 532,534 535 536 537
2,pasted__pasted__polySurface26Shape,436,46,braid,left_braid_mid,0.886877,0.5414677,-21.53353,95.27636,-9.67502,530 532 534 533,534 537 538 539
2,pasted__pasted__polySurface26Shape,437,46,braid,left_braid_mid,0.8937542,0.5296481,-22.70435,92.54829,-9.91747,531 543 535 532,536 540 541 537
2,pasted__pasted__polySurface26Shape,438,46,braid,left_braid_mid,0.8945395,0.5409903,-22.75328,94.67541,-8.65784,535 537 534 532,541 542 538 537
2,pasted__pasted__polySurface26Shape,439,46,braid,left_braid_mid,0.8942356,0.553477,-21.91564,96.79415,-6.77883,536 534 537 538,543 538 542 544
2,pasted__pasted__polySurface26Shape,440,46,braid,left_braid_mid,0.8944953,0.5646992,-20.2835,98.27213,-5.38257,539 544 536 538,545 546 543 544
2,pasted__pasted__polySurface26Shape,441,46,braid,left_braid_mid,0.8994329,0.5618213,-20.84609,97.247,-4.7142,538 540 539,544 547 545
2,pasted__pasted__polySurface26Shape,442,46,braid,left_braid_mid,0.9008884,0.5524603,-22.25256,95.69075,-5.68335,541 540 538 537,548 547 544 542
2,pasted__pasted__polySurface26Shape,443,46,braid,left_braid_mid,0.8818372,0.5429271,-20.46741,95.54651,-9.76143,530 533 542,534 539 549
2,pasted__pasted__polySurface26Shape,444,46,braid,left_braid_mid,0.8876134,0.5554647,-20.85403,97.58369,-7.66311,536 561 545 534,543 550 551 538
2,pasted__pasted__polySurface26Shape,445,46,braid,left_braid_mid,0.881807,0.5482952,-20.28062,96.50158,-9.13218,545 542 533,551 549 539
2,pasted__pasted__polySurface26Shape,446,46,braid,left_braid_mid,0.8856392,0.5489765,-21.02094,96.65133,-8.83577,545 533 534,551 539 538
2,pasted__pasted__polySurface26Shape,447,46,braid,left_braid_mid,0.8826901,0.5321607,-20.74544,93.43231,-10.47555,547 530 546,535 534 552
2,pasted__pasted__polySurface26Shape,448,46,braid,left_braid_mid,0.8806135,0.5385945,-20.30954,94.68821,-10.04434,546 530 542,552 534 549
2,pasted__pasted__polySurface26Shape,449,46,braid,left_braid_mid,0.900789,0.5405865,-23.12891,93.81576,-7.52995,535 548 541 537,541 553 548 542
2,pasted__pasted__polySurface26Shape,450,46,braid,left_braid_mid,0.8986185,0.5306531,-23.06976,92.31152,-8.94409,543 548 535,540 553 541
2,pasted__pasted__polySurface26Shape,451,46,braid,left_braid_mid,0.8887443,0.5220736,-21.83118,91.16266,-10.63252,549 531 547,554 536 535
2,pasted__pasted__polySurface26Shape,452,46,braid,left_braid_mid,0.8920753,0.5211065,-22.31839,90.86415,-10.34629,549 543 531,554 540 536
2,pasted__pasted__polySurface26Shape,453,46,braid,left_braid_mid,0.9041427,0.5418083,-22.88765,93.50222,-6.86197,550 541 548,555 548 553
2,pasted__pasted__polySurface26Shape,454,46,braid,left_braid_mid,0.9028801,0.5645721,-19.88401,96.8689,-4.48843,551 539 540,556 545 547
2,pasted__pasted__polySurface26Shape,455,46,braid,left_braid_mid,0.9116632,0.5647488,-18.81669,95.50528,-5.04823,553 551 552,557 556 558
2,pasted__pasted__polySurface26Shape,456,46,braid,left_braid_mid,0.9065643,0.5607017,-20.25712,95.67649,-4.53442,551 540 554,556 547 559
2,pasted__pasted__polySurface26Shape,457,46,braid,left_braid_mid,0.9059761,0.5530849,-21.6258,94.79654,-5.18039,540 541 555 554,547 548 560 559
2,pasted__pasted__polySurface26Shape,458,46,braid,left_braid_mid,0.9061866,0.5474496,-22.34925,94.01342,-5.92233,550 555 541,555 560 548
2,pasted__pasted__polySurface26Shape,459,46,braid,left_braid_mid,0.9150399,0.5635424,-18.7025,95.03522,-5.64982,553 552 556,557 558 561
2,pasted__pasted__polySurface26Shape,460,46,braid,left_braid_mid,0.9097538,0.554911,-20.77833,94.40155,-5.16328,554 555 552,559 560 558
2,pasted__pasted__polySurface26Shape,461,46,braid,left_braid_mid,0.9097366,0.5602783,-19.82737,95.07331,-4.84065,551 554 552,556 559 558
2,pasted__pasted__polySurface26Shape,462,46,braid,left_braid_mid,0.8912375,0.5730642,-18.49072,99.36795,-5.56622,558 557 544,562 563 546
2,pasted__pasted__polySurface26Shape,463,46,braid,left_braid_mid,0.8921625,0.5744813,-18.20385,99.39394,-5.2888,558 544 559,562 546 564
2,pasted__pasted__polySurface26Shape,464,46,braid,left_braid_mid,0.8943618,0.5713896,-18.9162,98.9537,-5.01898,559 544 539,564 546 545
2,pasted__pasted__polySurface26Shape,465,46,braid,left_braid_mid,0.9126078,0.5724761,-17.55438,96.65915,-5.14528,560 551 553,565 556 557
2,pasted__pasted__polySurface26Shape,466,46,braid,left_braid_mid,0.8911795,0.5672879,-19.64359,98.84735,-5.89392,544 557 536,546 563 543
2,pasted__pasted__polySurface26Shape,467,75,braid,left_braid_low,0.9976886,0.3844335,-23.70503,84.12078,-6.45019,564 562 563,566 567 568
2,pasted__pasted__polySurface26Shape,468,75,braid,left_braid_low,0.9961594,0.3861405,-22.83581,84.7277,-6.46124,565 564 563,569 566 568
2,pasted__pasted__polySurface26Shape,469,53,braid,left_braid_low,0.9786534,0.5276559,-25.23806,78.07279,-11.80941,567 570 568 566,570 571 572 573
2,pasted__pasted__polySurface26Shape,470,53,braid,left_braid_low,0.9774348,0.5324012,-24.3943,77.83671,-11.68037,567 569 570,570 574 571
2,pasted__pasted__polySurface26Shape,471,53,braid,left_braid_low,0.9790011,0.5386955,-23.58375,78.62411,-11.08665,569 567 571,574 570 575
2,pasted__pasted__polySurface26Shape,472,53,braid,left_braid_low,0.976099,0.5416066,-23.06989,78.38867,-10.5811,569 571 572,574 575 576
2,pasted__pasted__polySurface26Shape,473,53,braid,left_braid_low,0.97293,0.536496,-23.72196,77.36649,-10.78212,572 573 569,576 577 574
2,pasted__pasted__polySurface26Shape,474,53,braid,left_braid_low,0.9744523,0.5496608,-22.29358,79.24275,-9.50033,574 575 572 571,578 579 576 575
2,pasted__pasted__polySurface26Shape,475,53,braid,left_braid_low,0.9700518,0.5465362,-22.5254,78.24484,-9.05133,575 579 576 572,579 580 581 576
2,pasted__pasted__polySurface26Shape,476,53,braid,left_braid_low,0.9760686,0.5169784,-26.76972,78.09685,-11.25758,568 577 578,572 582 583
2,pasted__pasted__polySurface26Shape,477,53,braid,left_braid_low,0.9669475,0.5540205,-22.12238,79.44821,-7.84187,575 584 580 579,579 584 585 580
2,pasted__pasted__polySurface26Shape,478,53,braid,left_braid_low,0.9575658,0.5643701,-23.08814,82.06173,-6.98326,582 585 583 581,586 587 588 589
2,pasted__pasted__polySurface26Shape,479,53,braid,left_braid_low,0.9623705,0.560079,-22.38793,80.84043,-7.08326,581 580 584 582,589 585 584 586
2,pasted__pasted__polySurface26Shape,480,53,braid,left_braid_low,0.9733833,0.5317862,-24.48058,77.07636,-11.44222,573 570 569,577 571 574
2,pasted__pasted__polySurface26Shape,481,53,braid,left_braid_low,0.969472,0.5581325,-21.84598,80.40215,-8.23647,575 574 586 584,579 578 590 584
2,pasted__pasted__polySurface26Shape,482,53,braid,left_braid_low,0.9641188,0.563621,-22.00054,81.545,-7.43721,584 586 582,584 590 586
2,pasted__pasted__polySurface26Shape,483,53,braid,left_braid_low,0.9534802,0.5351587,-26.03031,77.11253,-8.17813,587 590 588 589,591 592 593 594
2,pasted__pasted__polySurface26Shape,484,53,braid,left_braid_low,0.9621324,0.5373493,-24.67305,76.42718,-8.62138,591 594 592 593,595 596 597 598
2,pasted__pasted__polySurface26Shape,485,53,braid,left_braid_low,0.95781,0.5366767,-25.40305,76.60175,-8.12549,587 589 592 594,591 594 597 596
2,pasted__pasted__polySurface26Shape,486,53,braid,left_braid_low,0.9659502,0.5388038,-23.88877,76.73346,-9.16292,576 591 593,581 595 598
2,pasted__pasted__polySurface26Shape,487,53,braid,left_braid_low,0.9660211,0.5449431,-23.03859,77.5953,-8.38376,591 576 579 595,595 581 580 599
2,pasted__pasted__polySurface26Shape,488,53,braid,left_braid_low,0.9649924,0.5504191,-22.54782,78.55892,-7.5966,595 579 580,599 580 585
2,pasted__pasted__polySurface26Shape,489,53,braid,left_braid_low,0.961247,0.5553132,-22.90308,79.75174,-6.84669,596 580 581,600 585 589
2,pasted__pasted__polySurface26Shape,490,53,braid,left_braid_low,0.9535446,0.5505716,-24.89709,79.20731,-6.99996,599 597 598,601 602 603
2,pasted__pasted__polySurface26Shape,491,53,braid,left_braid_low,0.9531369,0.543533,-25.42087,78.05352,-7.4352,590 587 599 598,592 591 601 603
2,pasted__pasted__polySurface26Shape,492,53,braid,left_braid_low,0.9570318,0.5577526,-23.67645,80.56156,-6.80125,581 583 597 596,589 588 602 600
2,pasted__pasted__polySurface26Shape,493,53,braid,left_braid_low,0.9576851,0.5435188,-24.73032,77.50209,-7.32227,600 599 587 594,604 601 591 596
2,pasted__pasted__polySurface26Shape,494,53,braid,left_braid_low,0.9572216,0.5508309,-24.17887,78.92868,-6.8563,599 600 596 597,601 604 600 602
2,pasted__pasted__polySurface26Shape,495,53,braid,left_braid_low,0.961889,0.5506273,-23.16089,78.60336,-7.08216,596 600 595 580,600 604 599 585
2,pasted__pasted__polySurface26Shape,496,53,braid,left_braid_low,0.9619113,0.54418,-23.83837,77.33391,-7.67357,595 600 594 591,599 604 596 595
2,pasted__pasted__polySurface26Shape,497,53,braid,left_braid_low,0.979041,0.5205514,-26.18492,78.33113,-11.44837,568 578 566,572 583 573
2,pasted__pasted__polySurface26Shape,498,53,braid,left_braid_low,0.9703718,0.5221254,-26.28803,77.07578,-11.52395,601 568 570,605 572 571
2,pasted__pasted__polySurface26Shape,499,53,braid,left_braid_low,0.9697025,0.51719,-27.07399,77.31934,-11.19935,601 577 568,605 582 572
2,pasted__pasted__polySurface26Shape,500,53,braid,left_braid_low,0.9680432,0.5249124,-25.83799,76.59186,-11.12709,601 570 573,605 571 577
2,pasted__pasted__polySurface26Shape,501,53,braid,left_braid_low,0.9560651,0.5255519,-26.81589,76.59062,-9.20713,601 589 588,605 594 593
2,pasted__pasted__polySurface26Shape,502,53,braid,left_braid_low,0.9614652,0.5275163,-26.02411,76.16955,-9.57464,601 593 592,605 598 597
2,pasted__pasted__polySurface26Shape,503,53,braid,left_braid_low,0.9585751,0.5271862,-26.43119,76.28788,-9.17899,601 592 589,605 597 594
2,pasted__pasted__polySurface26Shape,504,53,braid,left_braid_low,0.9647615,0.5267252,-25.7512,76.27024,-10.31432,601 573 593,605 577 598
2,pasted__pasted__polySurface26Shape,505,53,braid,left_braid_low,0.9691598,0.5375876,-23.8057,76.97088,-9.97156,576 593 573 572,581 598 577 576
2,pasted__pasted__polySurface26Shape,506,19,braid,left_braid_top,0.8193453,0.8233945,-13.2511,110.75511,-9.39281,602 605 603 604,606 607 608 609
2,pasted__pasted__polySurface26Shape,507,19,braid,left_braid_top,0.818659,0.8136773,-11.9459,110.48567,-9.91723,602 604 606,606 609 610
2,pasted__pasted__polySurface26Shape,508,19,braid,left_braid_top,0.8197148,0.8046212,-10.74686,109.95659,-9.8695,606 608 607 602,610 611 612 606
2,pasted__pasted__polySurface26Shape,509,19,braid,left_braid_top,0.814198,0.8016393,-10.1698,110.35794,-9.70043,608 606 609 610,611 610 613 614
2,pasted__pasted__polySurface26Shape,510,19,braid,left_braid_top,0.8151865,0.7929864,-9.30495,109.9536,-9.35934,608 610 611,611 614 615
2,pasted__pasted__polySurface26Shape,511,19,braid,left_braid_top,0.8195354,0.7917431,-9.38074,109.5377,-9.24293,613 607 608 611,616 612 611 615
2,pasted__pasted__polySurface26Shape,512,19,braid,left_braid_top,0.81954,0.7808411,-8.70923,109.33992,-8.04205,613 611 612 614,616 615 617 618
2,pasted__pasted__polySurface26Shape,513,19,braid,left_braid_top,0.8196228,0.7709743,-8.77022,109.35317,-6.6235,612 616 615 614,617 619 620 618
2,pasted__pasted__polySurface26Shape,514,19,braid,left_braid_top,0.8195474,0.7595258,-9.55089,109.65678,-5.2863,615 616 618 620,620 619 621 622
2,pasted__pasted__polySurface26Shape,515,19,braid,left_braid_top,0.819935,0.7508489,-10.61759,110.02635,-4.52951,621 620 618,623 622 621
2,pasted__pasted__polySurface26Shape,516,19,braid,left_braid_top,0.8159656,0.8795008,-11.92917,110.74016,-4.19262,623 619 622,624 625 626
2,pasted__pasted__polySurface26Shape,517,19,braid,left_braid_top,0.8144598,0.876432,-12.23166,111.13332,-4.27416,622 619 624,626 625 627
2,pasted__pasted__polySurface26Shape,518,19,braid,left_braid_top,0.8154996,0.8678634,-13.36099,111.36289,-4.6942,625 622 624 626,628 626 627 629
2,pasted__pasted__polySurface26Shape,519,19,braid,left_braid_top,0.8158427,0.8571132,-14.42706,111.5843,-5.5783,626 628 627 625,629 630 631 628
2,pasted__pasted__polySurface26Shape,520,19,braid,left_braid_top,0.8159441,0.8481156,-14.85737,111.66136,-6.6607,627 628 629,631 630 632
2,pasted__pasted__polySurface26Shape,521,19,braid,left_braid_top,0.8134577,0.8444105,-14.73103,111.96723,-7.2058,630 629 628,633 632 630
2,pasted__pasted__polySurface26Shape,522,19,braid,left_braid_top,0.8138025,0.8353575,-14.31676,111.84772,-8.37867,629 630 631 603,632 633 634 608
2,pasted__pasted__polySurface26Shape,523,19,braid,left_braid_top,0.8138038,0.8242299,-13.18753,111.51766,-9.3455,631 632 604 603,634 635 609 608
2,pasted__pasted__polySurface26Shape,524,19,braid,left_braid_top,0.8140362,0.8124422,-11.5906,110.97174,-9.70223,632 609 606 604,635 613 610 609
2,pasted__pasted__polySurface26Shape,525,19,braid,left_braid_top,0.8186828,0.8356626,-14.48897,111.19989,-8.31615,629 603 605 633,632 608 607 636
2,pasted__pasted__polySurface26Shape,526,19,braid,left_braid_top,0.8187311,0.8446114,-14.90403,111.33075,-7.1495,627 629 633,631 632 636
2,pasted__pasted__polySurface26Shape,527,19,braid,left_braid_top,0.8178423,0.7481662,-10.89141,110.59465,-4.30553,621 618 792 619,623 621 637 638
2,pasted__pasted__polySurface26Shape,528,18,braid,left_braid_top,0.7984301,0.8657858,-19.00339,105.41143,-7.47957,637 640 638 639,641 642 643 644
2,pasted__pasted__polySurface26Shape,529,18,braid,left_braid_top,0.7961802,0.8505664,-18.9198,106.61817,-6.1808,639 642 641 637,644 645 646 641
2,pasted__pasted__polySurface26Shape,530,18,braid,left_braid_top,0.7939188,0.8174679,-17.39111,108.27716,-4.40404,643 646 644 645,647 648 649 650
2,pasted__pasted__polySurface26Shape,531,18,braid,left_braid_top,0.8014237,0.8812371,-18.07189,102.69391,-9.43987,636 635 647 648,639 640 651 652
2,pasted__pasted__polySurface26Shape,532,18,braid,left_braid_top,0.800377,0.876562,-18.60043,103.93745,-8.68654,640 648 647 638,642 652 651 643
2,pasted__pasted__polySurface26Shape,533,18,braid,left_braid_top,0.7942052,0.8003299,-16.37355,108.95684,-3.99759,645 650 649 643,650 653 654 647
2,pasted__pasted__polySurface26Shape,534,18,braid,left_braid_top,0.7949954,0.7818528,-15.20118,109.5541,-3.85157,651 649 650 652,655 654 653 656
2,pasted__pasted__polySurface26Shape,535,18,braid,left_braid_top,0.7945833,0.8341756,-18.3248,107.52525,-5.12342,646 641 642 644,648 646 645 649
2,pasted__pasted__polySurface26Shape,536,18,braid,left_braid_top,0.7960222,0.7631449,-13.89049,110.14122,-3.88826,652 654 653 651,656 657 658 655
2,pasted__pasted__polySurface26Shape,537,18,braid,left_braid_top,0.7983854,0.7524223,-13.1232,110.59161,-4.04604,655 653 654,659 658 657
2,pasted__pasted__polySurface26Shape,538,18,braid,left_braid_top,0.7949229,0.7459363,-12.49927,110.42365,-4.05603,655 654 656,659 657 660
2,pasted__pasted__polySurface26Shape,539,23,braid,left_braid_top,0.8687817,0.7491361,-10.56996,109.29088,-4.74642,659 657 658,661 662 663
2,pasted__pasted__polySurface26Shape,540,23,braid,left_braid_top,0.8680363,0.75955,-10.11805,108.4661,-4.99265,660 661 657 659,664 665 662 661
2,pasted__pasted__polySurface26Shape,541,23,braid,left_braid_top,0.8718728,0.7736351,-9.6674,107.32709,-5.09756,662 660 663 664,666 664 667 668
2,pasted__pasted__polySurface26Shape,542,23,braid,left_braid_top,0.8659843,0.8028781,-9.08249,105.27825,-6.60141,665 668 666 667,669 670 671 672
2,pasted__pasted__polySurface26Shape,543,23,braid,left_braid_top,0.8734838,0.8326731,-9.72963,103.02888,-7.74255,669 672 670 671,673 674 675 676
2,pasted__pasted__polySurface26Shape,544,23,braid,left_braid_top,0.8674513,0.8466199,-10.60204,102.82026,-8.58863,671 675 673 674,676 677 678 679
2,pasted__pasted__polySurface26Shape,545,23,braid,left_braid_top,0.8665984,0.7885334,-9.28492,106.38009,-5.94358,665 667 676 662,669 672 680 666
2,pasted__pasted__polySurface26Shape,546,23,braid,left_braid_top,0.8712902,0.7595226,-10.14796,108.38546,-4.76536,663 660 659 677,667 664 661 681
2,pasted__pasted__polySurface26Shape,547,23,braid,left_braid_top,0.8673296,0.7737496,-9.63424,107.45246,-5.40072,661 660 662 676,665 664 666 680
2,pasted__pasted__polySurface26Shape,548,23,braid,left_braid_top,0.8728692,0.8031451,-9.02962,104.94709,-6.15595,668 665 678 679,670 669 682 683
2,pasted__pasted__polySurface26Shape,549,23,braid,left_braid_top,0.8748225,0.8131009,-9.00559,104.0219,-6.5605,680 668 679,684 670 683
2,pasted__pasted__polySurface26Shape,550,23,braid,left_braid_top,0.8664449,0.8319905,-9.77601,103.47775,-8.056,681 669 671 674,685 673 676 679
2,pasted__pasted__polySurface26Shape,551,23,braid,left_braid_top,0.8708914,0.8588606,-11.39227,102.19606,-8.78899,683 675 682,686 677 687
2,pasted__pasted__polySurface26Shape,552,23,braid,left_braid_top,0.8722915,0.8471471,-10.5942,102.52258,-8.3721,682 675 671 670,687 677 676 675
2,pasted__pasted__polySurface26Shape,553,23,braid,left_braid_top,0.8722411,0.7883455,-9.28408,106.19942,-5.55489,665 662 664 678,669 666 668 682
2,pasted__pasted__polySurface26Shape,554,23,braid,left_braid_top,0.8704681,0.7492841,-10.58351,109.24054,-4.62683,659 658 677,661 663 681
2,pasted__pasted__polySurface26Shape,555,23,braid,left_braid_top,0.8685056,0.8583688,-11.3718,102.34533,-8.90233,683 673 675,686 678 677
2,pasted__pasted__polySurface26Shape,556,23,braid,left_braid_top,0.8658367,0.816769,-9.19325,104.30671,-7.33234,666 668 669 681,671 670 673 685
2,pasted__pasted__polySurface26Shape,557,23,braid,left_braid_top,0.8723431,0.8174957,-9.05913,103.87631,-7.00929,668 680 669,670 684 673
2,pasted__pasted__polySurface26Shape,558,23,braid,left_braid_top,0.875221,0.8226936,-9.25307,103.39311,-7.12753,669 680 672,673 684 674
2,pasted__pasted__polySurface26Shape,559,3,braid,left_braid_top,0.8762832,0.9159111,-14.23301,103.87321,-11.25985,685 687 686 684,688 689 690 691
2,pasted__pasted__polySurface26Shape,560,3,braid,left_braid_top,0.8606749,0.9358678,-11.55331,105.07698,-11.00689,689 685 690 688,692 688 693 694
2,pasted__pasted__polySurface26Shape,561,3,braid,left_braid_top,0.8758723,0.9381379,-13.00579,106.14593,-11.2683,690 685 684 691,693 688 691 695
2,pasted__pasted__polySurface26Shape,562,3,braid,left_braid_top,0.8777896,0.8917335,-15.41771,101.83401,-10.48072,686 687 692 693,690 689 696 697
2,pasted__pasted__polySurface26Shape,563,3,braid,left_braid_top,0.8924774,0.9156561,-15.8323,104.62578,-10.93185,684 686 694 695,691 690 698 699
2,pasted__pasted__polySurface26Shape,564,3,braid,left_braid_top,0.8932302,0.9380234,-14.78946,107.00783,-10.85359,695 696 691 684,699 700 695 691
2,pasted__pasted__polySurface26Shape,565,3,braid,left_braid_top,0.8410423,0.9481474,-9.54498,105.58131,-9.25641,688 707 697 698,694 701 702 703
2,pasted__pasted__polySurface26Shape,566,3,braid,left_braid_top,0.8617957,0.9119382,-13.11112,102.89899,-10.80556,687 685 689 699,689 688 692 704
2,pasted__pasted__polySurface26Shape,567,3,braid,left_braid_top,0.8466573,0.930758,-10.77711,103.94794,-9.9643,689 688 698 700,692 694 703 705
2,pasted__pasted__polySurface26Shape,568,3,braid,left_braid_top,0.9092884,0.9141778,-17.41751,105.13371,-9.94659,694 714 701 695,698 706 707 699
2,pasted__pasted__polySurface26Shape,569,3,braid,left_braid_top,0.9128109,0.9357761,-16.77557,107.60675,-9.63465,701 702 696 695,707 708 700 699
2,pasted__pasted__polySurface26Shape,570,3,braid,left_braid_top,0.9028364,0.8956834,-17.29175,103.10522,-9.89948,704 714 694 703,709 706 698 710
2,pasted__pasted__polySurface26Shape,571,3,braid,left_braid_top,0.874805,0.9633763,-11.74262,108.50053,-10.4255,705 690 691 602,711 693 695 712
2,pasted__pasted__polySurface26Shape,572,3,braid,left_braid_top,0.8548666,0.9677629,-9.95457,108.08431,-9.77118,707 690 705 706,701 693 711 713
2,pasted__pasted__polySurface26Shape,573,3,braid,left_braid_top,0.896287,0.9614454,-13.69849,109.2595,-9.99345,708 602 691 696,714 712 695 700
2,pasted__pasted__polySurface26Shape,574,3,braid,left_braid_top,0.8363798,0.9739749,-8.91056,108.13275,-8.2711,709 707 706 710,715 701 713 716
2,pasted__pasted__polySurface26Shape,575,3,braid,left_braid_top,0.9173594,0.957056,-15.58868,109.77921,-8.79226,696 702 711 708,700 708 717 714
2,pasted__pasted__polySurface26Shape,576,3,braid,left_braid_top,0.9158313,0.9005482,-17.81643,103.83376,-9.09331,714 712 713,706 718 719
2,pasted__pasted__polySurface26Shape,577,3,braid,left_braid_top,0.9283832,0.9357013,-17.96138,108.13221,-8.13845,702 701 715,708 707 720
2,pasted__pasted__polySurface26Shape,578,3,braid,left_braid_top,0.9346098,0.9514278,-16.87082,109.79474,-7.15478,715 716 711 702,720 721 717 708
2,pasted__pasted__polySurface26Shape,579,3,braid,left_braid_top,0.9234004,0.9118937,-18.29244,105.20266,-8.57388,701 714 713 717,707 706 719 722
2,pasted__pasted__polySurface26Shape,580,3,braid,left_braid_top,0.9613267,0.9458822,-16.36151,108.7551,-4.33134,718 721 719 720,723 724 725 726
2,pasted__pasted__polySurface26Shape,581,3,braid,left_braid_top,0.8649008,0.8920497,-14.44685,101.39335,-10.25469,692 687 699,696 689 704
2,pasted__pasted__polySurface26Shape,582,3,braid,left_braid_top,0.8510099,0.9117812,-12.27375,102.46316,-10.0785,699 689 700,704 692 705
2,pasted__pasted__polySurface26Shape,583,3,braid,left_braid_top,0.844985,0.9037782,-12.53532,101.76161,-9.36924,699 700 722,704 705 727
2,pasted__pasted__polySurface26Shape,584,3,braid,left_braid_top,0.8910843,0.8928761,-16.50829,102.47989,-10.30873,686 693 703 694,690 697 710 698
2,pasted__pasted__polySurface26Shape,585,3,braid,left_braid_top,0.8206641,0.9619829,-9.01603,106.7772,-6.89631,724 697 709 723,728 702 715 729
2,pasted__pasted__polySurface26Shape,586,3,braid,left_braid_top,0.8356791,0.9215771,-10.99567,102.9492,-8.73004,725 722 700 698,730 727 705 703
2,pasted__pasted__polySurface26Shape,587,3,braid,left_braid_top,0.8544035,0.9511253,-10.24124,106.43641,-10.36839,690 707 688,693 701 694
2,pasted__pasted__polySurface26Shape,588,3,braid,left_braid_top,0.9546589,0.9340854,-17.42756,107.7164,-5.07109,726 746 718 720,731 732 723 726
2,pasted__pasted__polySurface26Shape,589,3,braid,left_braid_top,0.9508861,0.9522521,-16.77127,109.89576,-5.00158,716 720 719,721 726 725
2,pasted__pasted__polySurface26Shape,590,3,braid,left_braid_top,0.9448985,0.9470863,-17.36614,109.43995,-5.83479,716 715 720,721 720 726
2,pasted__pasted__polySurface26Shape,591,3,braid,left_braid_top,0.944873,0.9382778,-18.06592,108.50499,-5.85689,720 715 726,726 720 731
2,pasted__pasted__polySurface26Shape,592,3,braid,left_braid_top,0.935766,0.9284999,-18.51568,107.3103,-7.21447,717 726 715 701,722 731 720 707
2,pasted__pasted__polySurface26Shape,593,3,braid,left_braid_top,0.8150606,0.9371879,-10.41896,104.43885,-6.67108,727 729 728 725,733 734 735 730
2,pasted__pasted__polySurface26Shape,594,3,braid,left_braid_top,0.8074125,0.9280158,-11.54541,104.15846,-6.32104,730 728 729,736 735 734
2,pasted__pasted__polySurface26Shape,595,3,braid,left_braid_top,0.7917498,0.9352729,-12.17121,105.49697,-5.77729,732 729 731,737 734 738
2,pasted__pasted__polySurface26Shape,596,3,braid,left_braid_top,0.7997961,0.9265808,-12.16061,104.50819,-6.12941,730 729 732,736 734 737
2,pasted__pasted__polySurface26Shape,597,3,braid,left_braid_top,0.8010865,0.9616692,-10.18242,107.07342,-5.34888,733 729 723,739 734 729
2,pasted__pasted__polySurface26Shape,598,3,braid,left_braid_top,0.8081572,0.9584332,-9.75777,106.59253,-5.80453,723 729 724,729 734 728
2,pasted__pasted__polySurface26Shape,599,3,braid,left_braid_top,0.7873373,0.9496305,-11.77472,106.63109,-5.21166,734 731 729,740 738 734
2,pasted__pasted__polySurface26Shape,600,3,braid,left_braid_top,0.8254976,0.9160897,-11.56155,102.71423,-7.70224,725 728 735 722,730 735 741 727
2,pasted__pasted__polySurface26Shape,601,3,braid,left_braid_top,0.8149276,0.9145923,-12.03442,102.97944,-7.02563,735 728 730,741 735 736
2,pasted__pasted__polySurface26Shape,602,3,braid,left_braid_top,0.9519423,0.9636295,-15.5679,110.66245,-5.13906,736 740 716 719,742 743 721 725
2,pasted__pasted__polySurface26Shape,603,3,braid,left_braid_top,0.9671518,0.9590653,-14.91003,109.61363,-4.03441,737 736 719 721,744 742 725 724
2,pasted__pasted__polySurface26Shape,604,3,braid,left_braid_top,0.7873858,0.9731154,-10.88285,108.45463,-4.71967,738 734 733,745 740 739
2,pasted__pasted__polySurface26Shape,605,3,braid,left_braid_top,0.9341037,0.9696136,-15.23645,111.05063,-7.09411,740 739 711,743 746 717
2,pasted__pasted__polySurface26Shape,606,3,braid,left_braid_top,0.9229855,0.969288,-14.97396,110.84318,-8.03232,739 708 711,746 714 717
2,pasted__pasted__polySurface26Shape,607,3,braid,left_braid_top,0.7973944,0.9806166,-9.99623,108.85366,-5.17431,741 738 733,747 745 739
2,pasted__pasted__polySurface26Shape,608,3,braid,left_braid_top,0.8182849,0.9777226,-8.92496,108.332,-6.60027,723 709 710 741,729 715 716 747
2,pasted__pasted__polySurface26Shape,609,3,braid,left_braid_top,0.9782869,0.9761409,-12.6853,110.16374,-4.03699,743 737 742,748 744 749
2,pasted__pasted__polySurface26Shape,610,3,braid,left_braid_top,0.9676779,0.9723035,-13.79383,110.55845,-4.3117,743 744 736 737,748 750 742 744
2,pasted__pasted__polySurface26Shape,611,3,braid,left_braid_top,0.9549399,0.9724932,-14.56786,111.09744,-5.14317,740 736 744,743 742 750
2,pasted__pasted__polySurface26Shape,612,3,braid,left_braid_top,0.7909321,0.9595298,-11.05268,107.169,-4.93905,734 729 733,740 734 739
2,pasted__pasted__polySurface26Shape,613,3,braid,left_braid_top,0.8039186,0.974991,-9.62421,108.22482,-5.49129,741 733 723,747 739 729
2,pasted__pasted__polySurface26Shape,614,3,braid,left_braid_top,0.9402818,0.9652233,-15.71147,110.92938,-6.4584,740 711 716,743 717 721
2,pasted__pasted__polySurface26Shape,615,3,braid,left_braid_top,0.8279687,0.9409812,-9.63963,104.5581,-7.86765,698 697 727 725,703 702 733 730
2,pasted__pasted__polySurface26Shape,616,3,braid,left_braid_top,0.8349805,0.960122,-8.93989,106.72721,-8.40299,697 707 709,702 701 715
2,pasted__pasted__polySurface26Shape,617,3,braid,left_braid_top,0.8116761,0.9496532,-9.86167,105.64243,-6.18156,729 727 724,734 733 728
2,pasted__pasted__polySurface26Shape,618,3,braid,left_braid_top,0.8219208,0.951207,-9.26103,105.62194,-7.07728,697 724 727,702 728 733
2,pasted__pasted__polySurface26Shape,619,3,braid,left_braid_top,0.9328774,0.9110564,-18.36689,105.21089,-7.53306,717 713 745,722 719 751
2,pasted__pasted__polySurface26Shape,620,3,braid,left_braid_top,0.9099336,0.8970991,-17.62552,103.41609,-9.48056,712 714 704,718 706 709
2,pasted__pasted__polySurface26Shape,621,3,braid,left_braid_top,0.944679,0.9217669,-18.23189,106.45135,-6.26836,746 726 717 745,732 731 722 751
2,pasted__pasted__polySurface26Shape,622,68,braid,left_braid_top,0.9127568,0.4398464,-15.61854,105.25558,-4.67426,749 747 748,752 753 754
2,pasted__pasted__polySurface26Shape,623,68,braid,left_braid_top,0.9154713,0.4526609,-14.01646,106.01073,-4.67629,748 753 750 749,754 755 756 752
2,pasted__pasted__polySurface26Shape,624,68,braid,left_braid_top,0.9066768,0.4394484,-16.38024,105.96669,-4.3809,751 758 747 749,757 758 753 752
2,pasted__pasted__polySurface26Shape,625,68,braid,left_braid_top,0.9063781,0.4516581,-14.76292,106.83929,-3.83768,752 751 749 750,759 757 752 756
2,pasted__pasted__polySurface26Shape,626,68,braid,left_braid_top,0.9068806,0.4640191,-13.13774,107.75886,-3.9576,750 755 754 752,756 760 761 759
2,pasted__pasted__polySurface26Shape,627,68,braid,left_braid_top,0.9056067,0.4758351,-12.0681,108.97212,-4.14827,754 755 756,761 760 762
2,pasted__pasted__polySurface26Shape,628,68,braid,left_braid_top,0.9158632,0.4649029,-12.6621,106.99268,-4.75923,755 750 753,760 756 755
2,pasted__pasted__polySurface26Shape,629,68,braid,left_braid_top,0.9091168,0.481807,-11.24303,109.30535,-4.49011,755 757 756,760 763 762
2,pasted__pasted__polySurface26Shape,630,68,braid,left_braid_top,0.9069557,0.4282343,-17.63072,105.18974,-5.40065,760 747 758 759,764 753 758 765
2,pasted__pasted__polySurface26Shape,631,68,braid,left_braid_top,0.9057173,0.4083014,-18.46444,103.95801,-7.86587,763 765 761 762,766 767 768 769
2,pasted__pasted__polySurface26Shape,632,68,braid,left_braid_top,0.904865,0.41599,-18.50096,104.65352,-7.04132,764 761 765,770 768 767
2,pasted__pasted__polySurface26Shape,633,68,braid,left_braid_top,0.9021572,0.3804522,-17.35366,101.05131,-9.72792,767 634 766,771 772 773
2,pasted__pasted__polySurface26Shape,634,68,braid,left_braid_top,0.9037664,0.3860218,-17.64683,101.80611,-9.69444,634 767 635 636,772 771 774 775
2,pasted__pasted__polySurface26Shape,635,68,braid,left_braid_top,0.9052754,0.3994706,-18.39128,103.31928,-8.81495,762 768 647 763,769 776 777 766
2,pasted__pasted__polySurface26Shape,636,68,braid,left_braid_top,0.9049185,0.3928112,-18.07975,102.64887,-9.38873,768 636 635 647,776 775 774 777
2,pasted__pasted__polySurface26Shape,637,68,braid,left_braid_top,0.9053086,0.4225371,-18.24268,105.0535,-6.19163,759 764 760,765 770 764
2,pasted__pasted__polySurface26Shape,638,68,braid,left_braid_top,0.9078021,0.4193641,-18.33221,104.51705,-6.45075,760 764 765,764 770 767
2,pasted__pasted__polySurface26Shape,639,69,braid,left_braid_top,0.9384058,0.4418796,-16.80481,106.78051,-4.45061,770 787 771 769,778 779 780 781
2,pasted__pasted__polySurface26Shape,640,69,braid,left_braid_top,0.9391366,0.4534988,-15.49785,107.59191,-3.79041,769 773 772 770,781 782 783 778
2,pasted__pasted__polySurface26Shape,641,69,braid,left_braid_top,0.9389488,0.4654057,-13.97835,108.46404,-3.66347,773 775 774 772,782 784 785 783
2,pasted__pasted__polySurface26Shape,642,69,braid,left_braid_top,0.9376528,0.4763993,-12.64091,109.40346,-3.86105,774 775 776,785 784 786
2,pasted__pasted__polySurface26Shape,643,69,braid,left_braid_top,0.9371123,0.4007034,-18.07451,103.74034,-8.91737,777 780 778 779,787 788 789 790
2,pasted__pasted__polySurface26Shape,644,69,braid,left_braid_top,0.9370692,0.4129477,-18.33212,104.88124,-7.46722,781 788 782 778,791 792 793 789
2,pasted__pasted__polySurface26Shape,645,69,braid,left_braid_top,0.9397346,0.376292,-17.00187,101.05036,-9.78143,766 634 783,794 795 796
2,pasted__pasted__polySurface26Shape,646,69,braid,left_braid_top,0.9371601,0.394232,-17.76686,103.08146,-9.53687,636 777 779 784,797 787 790 798
2,pasted__pasted__polySurface26Shape,647,69,braid,left_braid_top,0.9373684,0.3826149,-17.10319,101.82251,-9.85008,785 783 634 636,799 796 795 797
2,pasted__pasted__polySurface26Shape,648,69,braid,left_braid_top,0.9366564,0.3882441,-17.34,102.46486,-9.84982,785 636 784,799 797 798
2,pasted__pasted__polySurface26Shape,649,69,braid,left_braid_top,0.937486,0.4290025,-17.7995,105.95694,-5.66519,787 782 786 771,779 793 800 780
2,pasted__pasted__polySurface26Shape,650,69,braid,left_braid_top,0.9377591,0.4209239,-18.33352,105.48595,-6.49335,788 786 782,792 800 793
2,pasted__pasted__polySurface26Shape,651,69,braid,left_braid_top,0.9374479,0.4061783,-18.27901,104.24466,-8.28892,781 778 780,791 789 788
2,pasted__pasted__polySurface26Shape,652,67,braid,left_braid_top,0.9863006,0.4856034,-11.78419,111.72784,-4.76612,793 617 789,801 802 803
2,pasted__pasted__polySurface26Shape,653,67,braid,left_braid_top,0.9858922,0.4750161,-12.56501,112.03308,-5.13647,790 793 789,804 801 803
2,pasted__pasted__polySurface26Shape,654,67,braid,left_braid_top,0.9865565,0.443931,-14.60896,112.1868,-6.67052,628 791 630,805 806 807
2,pasted__pasted__polySurface26Shape,655,67,braid,left_braid_top,0.987843,0.4565395,-14.17224,112.11483,-5.71903,628 626 790 791,805 808 804 806
2,pasted__pasted__polySurface26Shape,656,19,braid,left_braid_top,0.8162915,0.7463567,-11.08862,111.09685,-4.24892,617 619 792,811 638 637
2,pasted__pasted__polySurface26Shape,657,67,braid,left_braid_top,0.9901127,0.4714485,-13.04152,111.86312,-4.96679,626 624 793 790,808 809 801 804
2,pasted__pasted__polySurface26Shape,658,67,braid,left_braid_top,0.9899592,0.4884429,-11.80457,111.44373,-4.42776,624 619 617 793,809 810 802 801
2,pasted__pasted__polySurface26Shape,659,3,braid,left_braid_mid,0.8817841,0.875588,-16.32326,100.7718,-9.82888,693 692 794,697 696 812
2,pasted__pasted__polySurface26Shape,660,3,braid,left_braid_top,0.7875516,0.9230253,-13.20339,104.94767,-6.04129,732 731 796 795,737 738 817 818
2,pasted__pasted__polySurface26Shape,661,3,braid,left_braid_top,0.7969026,0.9141433,-13.11996,103.87394,-6.41721,730 732 795,736 737 818
2,pasted__pasted__polySurface26Shape,662,68,braid,left_braid_top,0.9236242,0.4526318,-13.66157,105.43752,-5.48192,753 748 796,755 754 816
2,pasted__pasted__polySurface26Shape,663,74,braid,left_braid_mid,0.991418,0.3880303,-16.82957,100.69812,-9.70546,766 783 797,813 814 815
2,pasted__pasted__polySurface26Shape,664,52,braid,left_braid_low,0.9216518,0.5333993,-28.8687,79.79612,-9.04992,798 806 799 800,819 820 821 822
2,pasted__pasted__polySurface26Shape,665,52,braid,left_braid_low,0.9211451,0.5397948,-28.50581,80.83655,-8.3381,801 800 799,823 822 821
2,pasted__pasted__polySurface26Shape,666,52,braid,left_braid_low,0.932898,0.539244,-28.03325,79.1913,-6.6004,802 805 803 804,824 825 826 827
2,pasted__pasted__polySurface26Shape,667,52,braid,left_braid_low,0.927625,0.532691,-29.06039,78.86731,-8.29028,804 799 806 807,827 821 820 828
2,pasted__pasted__polySurface26Shape,668,52,braid,left_braid_low,0.9420843,0.5389461,-26.3925,78.54634,-6.98879,808 805 809 810,829 825 830 831
2,pasted__pasted__polySurface26Shape,669,52,braid,left_braid_low,0.942326,0.5303139,-26.78372,77.52364,-7.81946,811 812 810 809,832 833 831 830
2,pasted__pasted__polySurface26Shape,670,52,braid,left_braid_low,0.9400709,0.548159,-25.61002,79.89394,-6.41218,808 814 813 805,829 834 835 825
2,pasted__pasted__polySurface26Shape,671,52,braid,left_braid_low,0.9375413,0.556957,-24.46063,81.39578,-6.41213,814 824 815 813,834 836 837 835
2,pasted__pasted__polySurface26Shape,672,52,braid,left_braid_low,0.9326965,0.5561654,-25.06791,82.04384,-5.96635,813 815 816 817,835 837 838 839
2,pasted__pasted__polySurface26Shape,673,52,braid,left_braid_low,0.9274309,0.5401375,-28.55417,80.19437,-7.25608,803 821 799 804,826 840 821 827
2,pasted__pasted__polySurface26Shape,674,52,braid,left_braid_low,0.9326254,0.5330217,-28.5947,78.13616,-7.54706,818 802 804 807,841 824 827 828
2,pasted__pasted__polySurface26Shape,675,52,braid,left_braid_low,0.9286961,0.5565262,-25.58153,82.81313,-6.09975,817 816 819 820,839 838 842 843
2,pasted__pasted__polySurface26Shape,676,52,braid,left_braid_low,0.9330386,0.5474848,-26.697,80.6054,-5.94984,805 813 817 803,825 835 839 826
2,pasted__pasted__polySurface26Shape,677,52,braid,left_braid_low,0.9278299,0.5485296,-27.24754,81.59861,-6.38797,803 817 820 821,826 839 843 840
2,pasted__pasted__polySurface26Shape,678,52,braid,left_braid_low,0.9323188,0.5637041,-23.71947,83.15866,-6.57478,815 823 822 816,837 844 845 838
2,pasted__pasted__polySurface26Shape,679,52,braid,left_braid_low,0.9353615,0.5629002,-23.66815,82.48445,-6.75051,823 815 824,844 837 836
2,pasted__pasted__polySurface26Shape,680,52,braid,left_braid_low,0.9370769,0.5325405,-27.74731,77.68595,-7.3219,811 809 802 818,832 830 824 841
2,pasted__pasted__polySurface26Shape,681,52,braid,left_braid_low,0.9368024,0.5375392,-27.43195,78.4571,-6.58275,809 805 802,830 825 824
2,pasted__pasted__polySurface26Shape,682,52,braid,left_braid_low,0.921754,0.5280225,-28.9667,79.02596,-9.77711,825 806 798,846 820 819
2,pasted__pasted__polySurface26Shape,683,52,braid,left_braid_low,0.9171636,0.5192757,-27.70371,78.55763,-10.77286,828 826 827,847 848 849
2,pasted__pasted__polySurface26Shape,684,52,braid,left_braid_low,0.9150924,0.5173494,-27.26049,78.56294,-10.74371,829 827 826,850 849 848
2,pasted__pasted__polySurface26Shape,685,52,braid,left_braid_low,0.9154932,0.5249867,-27.95487,79.35647,-10.41554,830 826 828,851 848 847
2,pasted__pasted__polySurface26Shape,686,52,braid,left_braid_low,0.9183742,0.5272295,-28.53793,79.35517,-10.16367,798 830 828 825,819 851 847 846
2,pasted__pasted__polySurface26Shape,687,52,braid,left_braid_low,0.9169727,0.5335262,-28.44015,80.32959,-9.55431,830 798 800,851 819 822
2,pasted__pasted__polySurface26Shape,688,52,braid,left_braid_low,0.9234749,0.5419477,-28.4379,81.01771,-7.74421,801 799 821,823 821 840
2,pasted__pasted__polySurface26Shape,689,52,braid,left_braid_low,0.9295332,0.5628943,-24.18014,83.62486,-6.37084,822 819 816,845 842 838
2,pasted__pasted__polySurface26Shape,690,52,braid,left_braid_low,0.924007,0.5474885,-27.62442,81.90405,-7.13389,801 821 820,823 840 843
2,pasted__pasted__polySurface26Shape,691,52,braid,left_braid_low,0.9286375,0.523879,-28.68107,77.61915,-9.33171,831 807 806,852 828 820
2,pasted__pasted__polySurface26Shape,692,52,braid,left_braid_low,0.9317358,0.5246275,-28.40566,77.26511,-8.81481,831 818 807,852 841 828
2,pasted__pasted__polySurface26Shape,693,52,braid,left_braid_low,0.9346379,0.5242743,-27.87611,77.00061,-8.63546,831 811 818,852 832 841
2,pasted__pasted__polySurface26Shape,694,52,braid,left_braid_low,0.9377028,0.5218785,-27.26755,76.86762,-8.9429,831 812 811,852 833 832
2,pasted__pasted__polySurface26Shape,695,52,braid,left_braid_low,0.9254828,0.522261,-28.63883,77.87803,-9.96759,831 806 825,852 820 846
2,pasted__pasted__polySurface26Shape,696,52,braid,left_braid_low,0.9234804,0.5199367,-28.33904,77.8892,-10.447,831 825 828,852 846 847
2,pasted__pasted__polySurface26Shape,697,52,braid,left_braid_low,0.9229577,0.5163312,-27.85328,77.5844,-10.68814,831 828 827,852 847 849
2,pasted__pasted__polySurface26Shape,698,42,braid,left_braid_low,0.9787329,0.6103417,-26.9761,82.62345,-10.64653,9 2 3 8,7 3 2 8
2,pasted__pasted__polySurface26Shape,699,42,braid,left_braid_low,0.9747853,0.6109962,-25.74279,84.34339,-10.38584,5 4 2,5 4 3
2,pasted__pasted__polySurface26Shape,700,44,braid,left_braid_mid,0.8565096,0.5269354,-17.9613,95.22978,-10.5259,411 402 400 410,415 407 405 414
2,pasted__pasted__polySurface26Shape,701,42,braid,right_braid_low,0.9759408,0.6094741,26.04105,83.072,-10.92209,834 835 836,853 855 854
2,pasted__pasted__polySurface26Shape,702,42,braid,right_braid_low,0.9765339,0.6143395,26.0967,85.13536,-9.53783,837 832 834,856 857 853
2,pasted__pasted__polySurface26Shape,703,42,braid,right_braid_low,0.9824218,0.6182146,27.34389,84.37232,-8.68807,841 842 843 844,858 861 860 859
2,pasted__pasted__polySurface26Shape,704,42,braid,right_braid_low,0.9819087,0.6114089,27.37656,82.20765,-9.86403,839 840 841 844,862 863 858 859
2,pasted__pasted__polySurface26Shape,705,42,braid,right_braid_mid,0.9827677,0.6243103,26.62876,86.00305,-7.53103,833 845 843 842,864 865 860 861
2,pasted__pasted__polySurface26Shape,706,42,braid,right_braid_low,0.9788494,0.6169963,26.63625,84.96894,-9.3321,841 834 832 842,858 853 857 861
2,pasted__pasted__polySurface26Shape,707,42,braid,right_braid_mid,0.9800945,0.6227815,26.15338,86.13608,-8.1423,842 832 833,861 857 864
2,pasted__pasted__polySurface26Shape,708,42,braid,right_braid_low,0.9800128,0.6047444,26.97897,80.54514,-10.87511,846 835 840,866 855 863
2,pasted__pasted__polySurface26Shape,709,42,braid,right_braid_low,0.9788047,0.6035128,26.60028,80.43622,-11.00999,846 838 835,866 867 855
2,pasted__pasted__polySurface26Shape,710,42,braid,right_braid_low,0.9757398,0.6064928,25.93245,81.86126,-11.17551,836 835 838,854 855 867
2,pasted__pasted__polySurface26Shape,711,42,braid,right_braid_mid,0.9829932,0.629438,25.35971,87.12914,-6.55386,845 833 847 848,865 864 869 868
2,pasted__pasted__polySurface26Shape,712,42,braid,right_braid_low,0.986236,0.6242301,26.93137,85.29715,-6.61219,845 850 849 843,865 871 870 860
2,pasted__pasted__polySurface26Shape,713,42,braid,right_braid_low,0.985757,0.6182978,27.55528,83.59722,-7.86031,849 851 844 843,870 872 859 860
2,pasted__pasted__polySurface26Shape,714,42,braid,right_braid_mid,0.9858982,0.6299167,25.61798,86.65101,-5.76463,848 852 850 845,868 873 871 865
2,pasted__pasted__polySurface26Shape,715,42,braid,right_braid_low,0.9897187,0.6303238,25.15604,85.65094,-5.29855,852 854 853 850,873 875 874 871
2,pasted__pasted__polySurface26Shape,716,42,braid,right_braid_low,0.989141,0.6240192,26.6058,84.43603,-6.17943,849 850 853 862,870 871 874 876
2,pasted__pasted__polySurface26Shape,717,42,braid,right_braid_mid,0.987838,0.6386999,22.56572,86.99161,-5.42421,857 856 855,877 879 878
2,pasted__pasted__polySurface26Shape,718,42,braid,right_braid_mid,0.9863579,0.6406951,21.9373,87.75681,-5.70225,855 856 858,878 879 880
2,pasted__pasted__polySurface26Shape,719,42,braid,right_braid_mid,0.9830593,0.6328125,23.93761,88.06268,-6.01618,847 859 848,869 881 868
2,pasted__pasted__polySurface26Shape,720,42,braid,right_braid_mid,0.9855952,0.6411412,21.55909,88.67887,-5.76511,860 858 856,882 880 879
2,pasted__pasted__polySurface26Shape,721,42,braid,right_braid_mid,0.9847671,0.6386649,22.0579,88.84735,-5.68069,859 860 856,881 882 879
2,pasted__pasted__polySurface26Shape,722,42,braid,right_braid_mid,0.9849099,0.6350087,23.69397,87.79706,-5.57916,859 856 852 848,881 879 873 868
2,pasted__pasted__polySurface26Shape,723,42,braid,right_braid_mid,0.9865136,0.6445082,20.53895,89.99306,-6.04025,860 861 949,882 884 883
2,pasted__pasted__polySurface26Shape,724,42,braid,right_braid_mid,0.9876542,0.6364954,23.41014,86.97981,-5.23964,857 852 856,877 873 879
2,pasted__pasted__polySurface26Shape,725,42,braid,right_braid_low,0.9816654,0.605173,27.0911,80.45721,-10.40043,839 846 840,862 866 863
2,pasted__pasted__polySurface26Shape,726,42,braid,right_braid_mid,0.9897394,0.6346185,23.89438,86.17433,-5.14759,857 854 852,877 875 873
2,pasted__pasted__polySurface26Shape,727,42,braid,right_braid_low,0.9846091,0.6127861,27.5186,82.14624,-8.9984,839 844 851,862 859 872
2,pasted__pasted__polySurface26Shape,728,42,braid,right_braid_low,0.9876208,0.6188721,27.39143,83.32401,-7.31428,851 849 862,872 870 876
2,pasted__pasted__polySurface26Shape,729,33,braid,right_braid_low,0.94191,0.7172372,26.32014,80.03339,-11.10004,865 864 863,885 887 886
2,pasted__pasted__polySurface26Shape,730,33,braid,right_braid_low,0.9416391,0.7201175,25.66537,80.58038,-11.67154,866 863 864,888 886 887
2,pasted__pasted__polySurface26Shape,731,33,braid,right_braid_low,0.9393688,0.7251382,23.7134,81.07793,-12.23687,867 868 866 869,889 891 888 890
2,pasted__pasted__polySurface26Shape,732,33,braid,right_braid_low,0.940958,0.7297831,22.47573,82.33068,-11.88416,868 867 870,891 889 892
2,pasted__pasted__polySurface26Shape,733,33,braid,right_braid_low,0.9398569,0.7321553,21.51516,82.53463,-11.65254,867 871 870,889 893 892
2,pasted__pasted__polySurface26Shape,734,33,braid,right_braid_low,0.9399952,0.7381746,20.71507,83.86487,-10.60037,873 872 871,894 895 893
2,pasted__pasted__polySurface26Shape,735,33,braid,right_braid_low,0.9388608,0.7202966,25.28231,79.90954,-12.02049,866 864 874 869,888 887 896 890
2,pasted__pasted__polySurface26Shape,736,33,braid,right_braid_low,0.9395847,0.7158135,26.44228,79.21389,-11.15482,864 865 875 874,887 885 897 896
2,pasted__pasted__polySurface26Shape,737,33,braid,right_braid_low,0.9416103,0.7351233,21.17432,83.46945,-11.0791,870 871 872,892 893 895
2,pasted__pasted__polySurface26Shape,738,33,braid,right_braid_low,0.9436288,0.7343039,21.75531,83.6547,-11.00433,876 870 872,898 892 895
2,pasted__pasted__polySurface26Shape,739,33,braid,right_braid_low,0.9435341,0.724877,24.38019,82.33174,-11.74592,836 866 868,899 888 891
2,pasted__pasted__polySurface26Shape,740,33,braid,right_braid_low,0.9434383,0.7311667,22.46769,83.12988,-11.52516,876 868 870,898 891 892
2,pasted__pasted__polySurface26Shape,741,33,braid,right_braid_low,0.944949,0.7281402,23.48567,83.2256,-11.41942,876 836 868,898 899 891
2,pasted__pasted__polySurface26Shape,742,33,braid,right_braid_low,0.9438888,0.7220262,25.2701,81.76004,-11.43941,836 863 866,899 886 888
2,pasted__pasted__polySurface26Shape,743,33,braid,right_braid_low,0.935849,0.731653,21.16338,81.59145,-11.29634,878 877 871 867,900 901 893 889
2,pasted__pasted__polySurface26Shape,744,33,braid,right_braid_low,0.9353298,0.7247764,23.19878,79.96278,-11.99013,878 867 869 880,900 889 890 902
2,pasted__pasted__polySurface26Shape,745,33,braid,right_braid_low,0.9362148,0.7388936,19.98245,83.31144,-10.01701,879 873 871 877,903 894 893 901
2,pasted__pasted__polySurface26Shape,746,33,braid,right_braid_low,0.9357742,0.7195857,25.02305,79.02901,-11.93011,880 869 874 881,902 890 896 904
2,pasted__pasted__polySurface26Shape,747,33,braid,right_braid_low,0.9370929,0.7159659,26.17794,78.68318,-11.36318,875 881 874,897 904 896
2,pasted__pasted__polySurface26Shape,748,33,braid,right_braid_low,0.9309065,0.7316901,21.24519,80.70798,-10.11853,878 883 882 877,900 906 905 901
2,pasted__pasted__polySurface26Shape,749,33,braid,right_braid_low,0.9316168,0.739204,19.74073,82.48287,-8.77133,879 877 882 885,903 901 905 907
2,pasted__pasted__polySurface26Shape,750,33,braid,right_braid_low,0.9311953,0.7250558,22.99675,79.39698,-11.04286,883 878 884,906 900 908
2,pasted__pasted__polySurface26Shape,751,33,braid,right_braid_low,0.93318,0.7231244,23.52245,79.21363,-11.60426,878 880 884,900 902 908
2,pasted__pasted__polySurface26Shape,752,33,braid,right_braid_low,0.9339176,0.7196324,24.76007,78.7202,-11.65899,881 884 880,904 908 902
2,pasted__pasted__polySurface26Shape,753,33,braid,right_braid_low,0.9275275,0.7397749,20.40317,82.02911,-7.68007,885 882 886 888,907 905 910 909
2,pasted__pasted__polySurface26Shape,754,33,braid,right_braid_low,0.9265374,0.7350663,21.1361,80.83334,-8.57065,887 886 882,911 910 905
2,pasted__pasted__polySurface26Shape,755,33,braid,right_braid_low,0.922679,0.7424142,21.67716,82.51414,-6.96132,888 890 889 893,909 914 913 912
2,pasted__pasted__polySurface26Shape,756,33,braid,right_braid_low,0.9190815,0.7466544,22.78233,83.47371,-6.87181,893 892 891,912 916 915
2,pasted__pasted__polySurface26Shape,757,33,braid,right_braid_low,0.9219816,0.7492239,22.19431,84.40997,-6.45026,893 891 894 895,912 915 918 917
2,pasted__pasted__polySurface26Shape,758,33,braid,right_braid_low,0.9253564,0.7528,21.53798,85.75143,-6.04242,896 895 894 903,919 917 918 920
2,pasted__pasted__polySurface26Shape,759,33,braid,right_braid_low,0.9250435,0.7468617,21.11675,83.86573,-6.29975,897 888 893 895,921 909 912 917
2,pasted__pasted__polySurface26Shape,760,33,braid,right_braid_low,0.9195525,0.7446242,22.557,82.95174,-6.92585,893 889 892,912 913 916
2,pasted__pasted__polySurface26Shape,761,33,braid,right_braid_low,0.9284793,0.7455215,20.02178,83.72936,-6.68557,888 897 898 885,909 921 922 907
2,pasted__pasted__polySurface26Shape,762,33,braid,right_braid_low,0.9294969,0.7507259,20.08036,85.47641,-6.20457,899 898 897 896,923 922 921 919
2,pasted__pasted__polySurface26Shape,763,33,braid,right_braid_low,0.9323591,0.7450663,19.23943,84.13208,-7.66556,900 879 885 898,924 903 907 922
2,pasted__pasted__polySurface26Shape,764,33,braid,right_braid_mid,0.9339346,0.7511625,19.29297,86.06888,-7.12963,901 900 899,925 924 923
2,pasted__pasted__polySurface26Shape,765,33,braid,right_braid_low,0.9357379,0.7451219,19.44379,84.62012,-8.73325,902 873 879 900,926 894 903 924
2,pasted__pasted__polySurface26Shape,766,33,braid,right_braid_low,0.9353584,0.7495999,19.22299,85.65883,-7.9068,901 902 900,925 926 924
2,pasted__pasted__polySurface26Shape,767,33,braid,right_braid_mid,0.9279859,0.7563678,21.18606,87.09938,-5.97918,904 896 903,927 919 920
2,pasted__pasted__polySurface26Shape,768,33,braid,right_braid_mid,0.9305751,0.7562492,20.31336,87.26471,-6.17654,905 899 896 904,928 923 919 927
2,pasted__pasted__polySurface26Shape,769,33,braid,right_braid_mid,0.9331695,0.7547334,19.57887,86.95956,-6.68399,905 901 899,928 925 923
2,pasted__pasted__polySurface26Shape,770,33,braid,right_braid_low,0.9324807,0.7494312,19.2974,85.43388,-6.90993,900 898 899,924 922 923
2,pasted__pasted__polySurface26Shape,771,33,braid,right_braid_mid,0.931643,0.7604745,20.55359,88.6227,-6.38987,906 905 904,929 928 927
2,pasted__pasted__polySurface26Shape,772,33,braid,right_braid_low,0.9274273,0.7316811,21.65468,80.30111,-9.33976,882 883 887,905 906 911
2,pasted__pasted__polySurface26Shape,773,33,braid,right_braid_low,0.9267018,0.7506853,20.91555,85.19589,-5.98549,895 896 897,917 919 921
2,pasted__pasted__polySurface26Shape,774,33,braid,right_braid_low,0.9246982,0.7393816,21.14156,81.73927,-7.392,886 890 888,910 914 909
2,pasted__pasted__polySurface26Shape,775,33,braid,right_braid_low,0.9244615,0.7355526,21.59052,80.84841,-8.22009,887 890 886,911 914 910
2,pasted__pasted__polySurface26Shape,776,51,braid,right_braid_mid,0.9873044,0.5622756,22.44241,86.45867,-5.20974,907 909 908 910,930 933 932 931
2,pasted__pasted__polySurface26Shape,777,51,braid,right_braid_mid,0.9878915,0.5674101,21.70438,87.43429,-5.65673,911 909 907,934 933 930
2,pasted__pasted__polySurface26Shape,778,51,braid,right_braid_low,0.9867701,0.5505335,24.84139,84.73841,-4.98968,912 914 913 915,935 938 937 936
2,pasted__pasted__polySurface26Shape,779,51,braid,right_braid_low,0.9869434,0.5569466,23.43528,85.58957,-4.89202,912 910 908 914,935 931 932 938
2,pasted__pasted__polySurface26Shape,780,51,braid,right_braid_low,0.9866056,0.5347223,27.73575,82.86474,-7.25362,916 918 917 919,939 942 941 940
2,pasted__pasted__polySurface26Shape,781,51,braid,right_braid_low,0.9866478,0.5429405,26.53445,83.79799,-5.82792,915 913 918 916,936 937 942 939
2,pasted__pasted__polySurface26Shape,782,51,braid,right_braid_low,0.9865949,0.5238245,27.88141,81.5113,-9.40657,921 920 919 925,943 945 940 944
2,pasted__pasted__polySurface26Shape,783,51,braid,right_braid_low,0.9868523,0.5162083,27.35816,80.08546,-10.38141,920 921 922 923,945 943 947 946
2,pasted__pasted__polySurface26Shape,784,51,braid,right_braid_low,0.9875474,0.5111425,27.06065,79.02095,-10.67941,924 923 922,948 946 947
2,pasted__pasted__polySurface26Shape,785,51,braid,right_braid_low,0.9872042,0.5286664,28.2583,82.20742,-8.43751,919 917 925,940 941 944
2,pasted__pasted__polySurface26Shape,786,73,braid,right_braid_mid,0.965552,0.4149789,22.13258,86.12039,-5.3535,926 928 927 930,949 952 951 950
2,pasted__pasted__polySurface26Shape,787,73,braid,right_braid_mid,0.965227,0.4203196,21.52688,87.28111,-5.78368,929 928 926,953 952 949
2,pasted__pasted__polySurface26Shape,788,73,braid,right_braid_low,0.9653022,0.4092562,23.1403,85.04189,-4.96143,930 927 931 932,950 951 955 954
2,pasted__pasted__polySurface26Shape,789,73,braid,right_braid_low,0.9689569,0.4095857,22.90763,84.7745,-5.79344,927 934 933 931,951 957 956 955
2,pasted__pasted__polySurface26Shape,790,73,braid,right_braid_low,0.9682941,0.4144388,22.09041,85.7087,-5.91303,928 934 927,952 957 951
2,pasted__pasted__polySurface26Shape,791,73,braid,right_braid_low,0.9690037,0.4029623,24.29487,83.81309,-5.77818,933 936 935 931,956 959 958 955
2,pasted__pasted__polySurface26Shape,792,73,braid,right_braid_low,0.9652962,0.3957094,26.35538,83.21625,-5.70784,937 935 938 939,960 958 962 961
2,pasted__pasted__polySurface26Shape,793,73,braid,right_braid_low,0.96527,0.4028527,24.63117,84.07895,-4.98401,937 932 931 935,960 954 955 958
2,pasted__pasted__polySurface26Shape,794,73,braid,right_braid_low,0.9643147,0.387962,27.75787,82.37753,-7.07209,939 938 940 947,961 962 964 963
2,pasted__pasted__polySurface26Shape,795,73,braid,right_braid_low,0.9601352,0.3692589,27.75032,79.84926,-10.44283,941 943 942 945,965 968 967 966
2,pasted__pasted__polySurface26Shape,796,73,braid,right_braid_low,0.9613677,0.3758579,28.28901,80.93288,-9.5666,943 941 944 948,968 965 970 969
2,pasted__pasted__polySurface26Shape,797,73,braid,right_braid_low,0.9594367,0.3642197,27.26079,78.95567,-10.76875,946 945 942,971 966 967
2,pasted__pasted__polySurface26Shape,798,73,braid,right_braid_low,0.9626654,0.3812179,28.39348,81.64101,-8.48402,947 940 948 944,963 964 969 970
2,pasted__pasted__polySurface26Shape,799,73,braid,right_braid_low,0.9683565,0.3970876,25.63389,83.11586,-6.04717,938 935 936,962 958 959
2,pasted__pasted__polySurface26Shape,800,42,braid,right_braid_mid,0.9858513,0.6432131,20.94729,89.21102,-6.13316,860 949 858,882 883 880
2,pasted__pasted__polySurface26Shape,801,63,braid,right_braid_mid,0.8147898,0.4822143,19.70302,91.5458,-4.96654,950 952 951 954,972 975 974 973
2,pasted__pasted__polySurface26Shape,802,63,braid,right_braid_mid,0.8137555,0.4944825,19.09732,92.70652,-5.39672,953 952 950,976 975 972
2,pasted__pasted__polySurface26Shape,803,63,braid,right_braid_mid,0.8142855,0.4692005,20.71074,90.46731,-4.57447,954 951 955 956,973 974 978 977
2,pasted__pasted__polySurface26Shape,804,63,braid,right_braid_mid,0.8231871,0.469544,20.47808,90.19992,-5.40648,951 861 957 955,974 980 979 978
2,pasted__pasted__polySurface26Shape,805,63,braid,right_braid_mid,0.8215884,0.4806752,19.66085,91.13412,-5.52607,952 861 951,975 980 974
2,pasted__pasted__polySurface26Shape,806,63,braid,right_braid_mid,0.8229992,0.4547693,21.87248,89.22338,-5.39299,957 959 958 955,979 982 981 978
2,pasted__pasted__polySurface26Shape,807,63,braid,right_braid_mid,0.8146058,0.4379529,23.96152,88.56625,-5.32969,960 958 961 962,983 981 985 984
2,pasted__pasted__polySurface26Shape,808,63,braid,right_braid_mid,0.8138354,0.4547379,22.20316,89.5011,-4.59743,960 956 955 958,983 977 978 981
2,pasted__pasted__polySurface26Shape,809,63,braid,right_braid_mid,0.8151436,0.4193502,25.43564,87.57625,-6.7116,962 961 963 970,984 985 987 986
2,pasted__pasted__polySurface26Shape,810,63,braid,right_braid_low,0.8074103,0.3765008,25.55525,84.7794,-10.11371,964 966 965 968,988 991 990 989
2,pasted__pasted__polySurface26Shape,811,63,braid,right_braid_low,0.8115952,0.3909803,26.06779,85.91823,-9.23103,966 964 967 971,991 988 993 992
2,pasted__pasted__polySurface26Shape,812,63,braid,right_braid_low,0.803222,0.3657879,25.07797,83.85994,-10.44265,969 968 965,994 989 990
2,pasted__pasted__polySurface26Shape,813,63,braid,right_braid_mid,0.8138453,0.4032007,26.13236,86.71065,-8.13861,970 963 971 967,986 987 992 993
2,pasted__pasted__polySurface26Shape,814,63,braid,right_braid_mid,0.8213379,0.4415315,23.23849,88.46913,-5.66863,961 958 959,985 981 982
2,pasted__pasted__polySurface26Shape,815,65,braid,right_braid_mid,0.8440045,0.4797095,20.01286,91.88409,-4.82278,972 974 973 975,995 998 997 996
2,pasted__pasted__polySurface26Shape,816,65,braid,right_braid_mid,0.8426466,0.4916351,19.27482,92.85971,-5.26977,976 974 972,999 998 995
2,pasted__pasted__polySurface26Shape,817,65,braid,right_braid_mid,0.8453041,0.4509823,22.41382,90.15964,-4.60321,977 979 978 980,1000 1003 1002 1001
2,pasted__pasted__polySurface26Shape,818,65,braid,right_braid_mid,0.8449224,0.4669225,21.00572,91.01499,-4.50507,977 975 973 979,1000 996 997 1003
2,pasted__pasted__polySurface26Shape,819,65,braid,right_braid_mid,0.8446907,0.4139974,25.44024,88.00703,-6.89973,981 983 982 984,1004 1007 1006 1005
2,pasted__pasted__polySurface26Shape,820,65,braid,right_braid_mid,0.8451269,0.4317649,24.15103,89.12594,-5.45235,980 978 983 981,1001 1002 1007 1004
2,pasted__pasted__polySurface26Shape,821,65,braid,right_braid_mid,0.8452768,0.3919277,25.67201,86.47171,-9.07391,986 985 984 990,1008 1010 1005 1009
2,pasted__pasted__polySurface26Shape,822,65,braid,right_braid_low,0.8446627,0.3740663,25.17573,84.9889,-10.05541,985 986 987 988,1010 1008 1012 1011
2,pasted__pasted__polySurface26Shape,823,65,braid,right_braid_low,0.8432714,0.3622693,24.88196,83.91646,-10.35433,989 988 987,1013 1011 1012
2,pasted__pasted__polySurface26Shape,824,65,braid,right_braid_mid,0.846294,0.4028041,26.00933,87.2514,-8.09509,984 982 990,1005 1006 1009
2,pasted__pasted__polySurface26Shape,825,20,braid,right_braid_low,0.9330062,0.7977492,24.14513,84.92114,-10.77587,993 992 991,1014 1016 1015
2,pasted__pasted__polySurface26Shape,826,20,braid,right_braid_low,0.9316549,0.8036105,23.49036,85.46813,-11.34737,994 991 992,1017 1015 1016
2,pasted__pasted__polySurface26Shape,827,20,braid,right_braid_mid,0.9257625,0.8133281,21.49781,86.05139,-11.90269,995 996 994 997,1018 1020 1017 1019
2,pasted__pasted__polySurface26Shape,828,20,braid,right_braid_mid,0.927312,0.8218255,20.17294,87.62989,-11.62624,996 995 998,1020 1018 1021
2,pasted__pasted__polySurface26Shape,829,20,braid,right_braid_mid,0.9248632,0.825961,19.18021,87.90176,-11.38669,995 999 998,1018 1022 1021
2,pasted__pasted__polySurface26Shape,830,20,braid,right_braid_mid,0.9248194,0.8371197,17.8454,89.61329,-10.30852,1001 1000 999,1023 1024 1022
2,pasted__pasted__polySurface26Shape,831,20,braid,right_braid_low,0.9263729,0.8037018,23.1073,84.79729,-11.69632,994 992 1002 997,1017 1016 1025 1019
2,pasted__pasted__polySurface26Shape,832,20,braid,right_braid_low,0.9290622,0.7945735,24.26727,84.10163,-10.83065,992 993 1003 1002,1016 1014 1026 1025
2,pasted__pasted__polySurface26Shape,833,20,braid,right_braid_mid,0.9272802,0.8311012,18.65731,89.12678,-10.96396,998 999 1000,1021 1022 1024
2,pasted__pasted__polySurface26Shape,834,20,braid,right_braid_mid,0.9306901,0.8295921,19.2941,89.39811,-10.96271,1004 998 1000,1027 1021 1024
2,pasted__pasted__polySurface26Shape,835,20,braid,right_braid_mid,0.9328783,0.8138125,22.02669,87.10473,-11.36571,1005 994 996,1028 1017 1020
2,pasted__pasted__polySurface26Shape,836,20,braid,right_braid_mid,0.9311305,0.8241604,20.17177,88.61851,-11.32869,1004 996 998,1027 1020 1021
2,pasted__pasted__polySurface26Shape,837,20,braid,right_braid_mid,0.9341089,0.8197411,21.12038,88.22742,-11.09605,1004 1005 996,1027 1028 1020
2,pasted__pasted__polySurface26Shape,838,20,braid,right_braid_mid,0.9345414,0.8083565,22.95204,86.45818,-11.06794,1005 991 994,1028 1015 1017
2,pasted__pasted__polySurface26Shape,839,20,braid,right_braid_mid,0.9179915,0.8253822,18.8773,86.71381,-10.94477,1007 1006 999 995,1029 1030 1022 1018
2,pasted__pasted__polySurface26Shape,840,20,braid,right_braid_low,0.918478,0.8127881,21.00977,84.8801,-11.66251,1007 995 997 1009,1029 1018 1019 1031
2,pasted__pasted__polySurface26Shape,841,20,braid,right_braid_mid,0.9181623,0.838418,17.32698,88.82986,-9.58036,1008 1001 999 1006,1032 1023 1022 1030
2,pasted__pasted__polySurface26Shape,842,20,braid,right_braid_low,0.9207919,0.8022554,22.84804,83.91676,-11.60594,1009 997 1002 1010,1031 1019 1025 1033
2,pasted__pasted__polySurface26Shape,843,20,braid,right_braid_low,0.924379,0.7947218,24.00293,83.57093,-11.03901,1003 1010 1002,1026 1033 1025
2,pasted__pasted__polySurface26Shape,844,20,braid,right_braid_low,0.9096221,0.8256965,18.97597,85.79475,-9.77112,1007 1012 1011 1006,1029 1035 1034 1030
2,pasted__pasted__polySurface26Shape,845,20,braid,right_braid_mid,0.9096311,0.8386447,17.34422,87.83847,-8.39252,1008 1006 1011 1014,1032 1030 1034 1036
2,pasted__pasted__polySurface26Shape,846,20,braid,right_braid_low,0.9112381,0.8136883,20.82174,84.28473,-10.71868,1012 1007 1013,1035 1029 1037
2,pasted__pasted__polySurface26Shape,847,20,braid,right_braid_low,0.9149691,0.8097793,21.34744,84.10138,-11.28008,1007 1009 1013,1029 1031 1037
2,pasted__pasted__polySurface26Shape,848,20,braid,right_braid_low,0.917276,0.8026074,22.58506,83.60795,-11.33482,1010 1013 1009,1033 1037 1031
2,pasted__pasted__polySurface26Shape,849,20,braid,right_braid_mid,0.9027253,0.8394256,18.00562,87.38692,-7.30101,1014 1011 1015 1017,1036 1034 1039 1038
2,pasted__pasted__polySurface26Shape,850,20,braid,right_braid_mid,0.902245,0.8316843,18.81492,86.02984,-8.21043,1016 1015 1011,1040 1039 1034
2,pasted__pasted__polySurface26Shape,851,20,braid,right_braid_mid,0.894786,0.8433258,19.26503,87.90274,-6.57866,1017 901 1018 1020,1038 1043 1042 1041
2,pasted__pasted__polySurface26Shape,852,20,braid,right_braid_mid,0.8887889,0.8491892,20.35339,88.8978,-6.485,1020 1019 949,1041 1045 1044
2,pasted__pasted__polySurface26Shape,853,20,braid,right_braid_mid,0.8923024,0.8538494,19.76475,89.83539,-6.0633,1020 949 1021 1022,1041 1044 1047 1046
2,pasted__pasted__polySurface26Shape,854,20,braid,right_braid_mid,0.8968194,0.860457,19.10842,91.17685,-5.65547,1023 1022 1021 1030,1048 1046 1047 1049
2,pasted__pasted__polySurface26Shape,855,20,braid,right_braid_mid,0.8975094,0.8507221,18.68719,89.29115,-5.9128,1024 1017 1020 1022,1050 1038 1041 1046
2,pasted__pasted__polySurface26Shape,856,20,braid,right_braid_mid,0.8899433,0.8462459,20.13014,88.37147,-6.53956,1020 1018 1019,1041 1042 1045
2,pasted__pasted__polySurface26Shape,857,20,braid,right_braid_mid,0.9033645,0.8490181,17.59222,89.15478,-6.29861,1017 1024 1025 1014,1038 1050 1051 1036
2,pasted__pasted__polySurface26Shape,858,20,braid,right_braid_mid,0.9042769,0.857762,17.6508,90.90183,-5.81761,1026 1025 1024 1023,1052 1051 1050 1048
2,pasted__pasted__polySurface26Shape,859,20,braid,right_braid_mid,0.9100913,0.8486309,16.80987,89.5575,-7.2786,1027 1008 1014 1025,1053 1032 1036 1051
2,pasted__pasted__polySurface26Shape,860,20,braid,right_braid_mid,0.91202,0.8587121,16.77614,91.54783,-6.73035,1028 1027 1026,1054 1053 1052
2,pasted__pasted__polySurface26Shape,861,20,braid,right_braid_mid,0.9170384,0.8494642,16.69005,90.39673,-8.2104,1029 1001 1008 1027,1055 1023 1032 1053
2,pasted__pasted__polySurface26Shape,862,20,braid,right_braid_mid,0.9154826,0.8564998,16.61541,91.39698,-7.40252,1028 1029 1027,1054 1055 1053
2,pasted__pasted__polySurface26Shape,863,20,braid,right_braid_mid,0.9004867,0.8670792,18.7565,92.5248,-5.59222,1031 1023 1030,1056 1048 1049
2,pasted__pasted__polySurface26Shape,864,20,braid,right_braid_mid,0.9053726,0.8674584,17.92165,92.82343,-5.78294,1032 1026 1023 1031,1057 1052 1048 1056
2,pasted__pasted__polySurface26Shape,865,20,braid,right_braid_mid,0.9105245,0.8649255,17.1125,92.61626,-6.27585,1032 1028 1026,1057 1054 1052
2,pasted__pasted__polySurface26Shape,866,20,braid,right_braid_mid,0.9096528,0.8559345,16.86784,90.8593,-6.52297,1027 1025 1026,1053 1051 1052
2,pasted__pasted__polySurface26Shape,867,20,braid,right_braid_mid,0.9064902,0.8750304,18.16881,94.26382,-5.99463,1033 1032 1031,1058 1057 1056
2,pasted__pasted__polySurface26Shape,868,20,braid,right_braid_low,0.9041503,0.8259573,19.39674,85.36403,-8.99514,1011 1012 1016,1034 1035 1040
2,pasted__pasted__polySurface26Shape,869,20,braid,right_braid_mid,0.8995244,0.8572639,18.48599,90.62131,-5.59853,1022 1023 1024,1046 1048 1050
2,pasted__pasted__polySurface26Shape,870,20,braid,right_braid_mid,0.8983874,0.8386613,18.75478,87.07432,-7.01559,1015 901 1017,1039 1043 1038
2,pasted__pasted__polySurface26Shape,871,20,braid,right_braid_mid,0.8989699,0.8324749,19.26945,86.04468,-7.85989,1016 901 1015,1040 1043 1039
2,pasted__pasted__polySurface26Shape,872,25,braid,right_braid_mid,0.9541659,0.8274446,23.25246,91.80202,-9.1521,1036 1035 1034,1059 1061 1060
2,pasted__pasted__polySurface26Shape,873,25,braid,right_braid_mid,0.9549837,0.8087817,24.44265,87.97736,-10.83822,1039 1038 1037,1062 1064 1063
2,pasted__pasted__polySurface26Shape,874,25,braid,right_braid_mid,0.9534309,0.8184222,23.81097,90.06598,-10.18121,1038 1036 1034 1037,1064 1059 1060 1063
2,pasted__pasted__polySurface26Shape,875,25,braid,right_braid_mid,0.9520949,0.8064789,23.85839,87.57739,-11.01614,1038 1039 1040,1064 1062 1065
2,pasted__pasted__polySurface26Shape,876,25,braid,right_braid_mid,0.947532,0.811222,22.92783,88.72342,-10.79001,1040 1041 1038,1065 1066 1064
2,pasted__pasted__polySurface26Shape,877,25,braid,right_braid_mid,0.9480166,0.8034744,23.08905,87.08184,-10.79007,1043 1042 1040,1067 1068 1065
2,pasted__pasted__polySurface26Shape,878,25,braid,right_braid_mid,0.9475696,0.8170197,22.75136,89.90306,-10.41554,1041 1036 1038,1066 1059 1064
2,pasted__pasted__polySurface26Shape,879,25,braid,right_braid_mid,0.9448656,0.8094336,22.44587,88.39614,-10.62665,1042 1041 1040,1068 1066 1065
2,pasted__pasted__polySurface26Shape,880,25,braid,right_braid_mid,0.9635412,0.8073435,25.18884,87.25725,-9.67179,1045 1044 1046 1048,1069 1072 1071 1070
2,pasted__pasted__polySurface26Shape,881,25,braid,right_braid_mid,0.9639013,0.8185603,24.95005,89.58933,-8.79862,1047 1045 1048 1049,1073 1069 1070 1074
2,pasted__pasted__polySurface26Shape,882,25,braid,right_braid_mid,0.9683902,0.8179559,25.11158,89.16986,-8.12398,1050 1051 1045 1047,1075 1076 1069 1073
2,pasted__pasted__polySurface26Shape,883,25,braid,right_braid_mid,0.9673153,0.8087442,25.21465,87.32098,-9.01056,1044 1045 1051,1072 1069 1076
2,pasted__pasted__polySurface26Shape,884,25,braid,right_braid_mid,0.968754,0.8285472,24.44039,91.29846,-6.98491,1052 1053 1050 1047,1077 1078 1075 1073
2,pasted__pasted__polySurface26Shape,885,25,braid,right_braid_mid,0.9642554,0.8290226,24.16058,91.6545,-7.68851,1052 1047 1049 1054,1077 1073 1074 1079
2,pasted__pasted__polySurface26Shape,886,25,braid,right_braid_mid,0.9589886,0.8074543,25.04088,87.5033,-10.39758,1037 1048 1046 1039,1063 1070 1071 1062
2,pasted__pasted__polySurface26Shape,887,25,braid,right_braid_mid,0.9592537,0.8188652,24.72446,89.96118,-9.53407,1049 1048 1037 1034,1074 1070 1063 1060
2,pasted__pasted__polySurface26Shape,888,25,braid,right_braid_mid,0.9595881,0.8292342,23.84786,91.97221,-8.39058,1049 1034 1035 1054,1074 1060 1061 1079
2,pasted__pasted__polySurface26Shape,889,25,braid,right_braid_low,0.9593843,0.7975325,24.88109,85.52693,-10.51363,1055 1039 1046,1080 1062 1071
2,pasted__pasted__polySurface26Shape,890,25,braid,right_braid_low,0.956453,0.7958922,24.42527,85.32397,-10.68582,1055 1043 1039,1080 1067 1062
2,pasted__pasted__polySurface26Shape,891,25,braid,right_braid_mid,0.9523634,0.8014055,23.90752,86.49463,-10.97945,1040 1039 1043,1065 1062 1067
2,pasted__pasted__polySurface26Shape,892,25,braid,right_braid_mid,0.9684935,0.8392212,23.26669,93.03421,-6.11044,1053 1052 1056 1057,1078 1077 1082 1081
2,pasted__pasted__polySurface26Shape,893,25,braid,right_braid_mid,0.9746454,0.8275426,24.59161,90.63337,-6.19477,1053 1059 1058 1050,1078 1084 1083 1075
2,pasted__pasted__polySurface26Shape,894,25,braid,right_braid_mid,0.9728917,0.8170996,25.29791,88.65896,-7.51582,1058 1060 1051 1050,1083 1085 1076 1075
2,pasted__pasted__polySurface26Shape,895,25,braid,right_braid_mid,0.9749446,0.838272,23.27877,92.29977,-5.2783,1057 1061 1059 1053,1081 1086 1084 1078
2,pasted__pasted__polySurface26Shape,896,25,braid,right_braid_mid,0.9648774,0.837805,23.24396,93.02985,-6.816,1056 1052 1054,1082 1077 1079
2,pasted__pasted__polySurface26Shape,897,25,braid,right_braid_mid,0.9619004,0.837871,23.04263,93.19781,-7.26453,1056 1054 1035,1082 1079 1061
2,pasted__pasted__polySurface26Shape,898,25,braid,right_braid_mid,0.9824417,0.8370022,22.72881,91.07146,-4.91217,1061 1063 1062 1059,1086 1088 1087 1084
2,pasted__pasted__polySurface26Shape,899,25,braid,right_braid_mid,0.980023,0.8262802,24.23607,89.73508,-5.80723,1058 1059 1062 1071,1083 1084 1087 1089
2,pasted__pasted__polySurface26Shape,900,25,braid,right_braid_mid,0.9839425,0.8526087,20.13616,92.41704,-5.03725,1066 1065 1064,1090 1092 1091
2,pasted__pasted__polySurface26Shape,901,25,braid,right_braid_mid,0.9823637,0.8572241,19.50774,93.18223,-5.31529,1064 1065 1067,1091 1092 1093
2,pasted__pasted__polySurface26Shape,902,25,braid,right_braid_mid,0.9688248,0.8469563,22.22182,94.00452,-5.6561,1056 1068 1057,1082 1094 1081
2,pasted__pasted__polySurface26Shape,903,25,braid,right_braid_mid,0.9790783,0.8585043,19.58339,93.84909,-5.36878,1069 1067 1065,1095 1093 1092
2,pasted__pasted__polySurface26Shape,904,25,braid,right_braid_mid,0.9751098,0.8549771,20.5195,94.04775,-5.23088,1068 1069 1065,1094 1095 1092
2,pasted__pasted__polySurface26Shape,905,25,braid,right_braid_mid,0.974911,0.8484039,21.65312,93.43058,-5.09803,1068 1065 1061 1057,1094 1092 1086 1081
2,pasted__pasted__polySurface26Shape,906,25,braid,right_braid_mid,0.9792451,0.8622656,18.99062,94.44402,-5.77091,1069 1070 1067,1095 1096 1093
2,pasted__pasted__polySurface26Shape,907,25,braid,right_braid_mid,0.9819042,0.8487384,20.98059,92.40523,-4.85268,1066 1061 1065,1090 1086 1092
2,pasted__pasted__polySurface26Shape,908,25,braid,right_braid_low,0.9625037,0.7975752,24.99322,85.439,-10.03894,1044 1055 1046,1072 1080 1071
2,pasted__pasted__polySurface26Shape,909,25,braid,right_braid_mid,0.9843621,0.8443311,21.46483,91.59975,-4.76064,1066 1063 1061,1090 1088 1086
2,pasted__pasted__polySurface26Shape,910,25,braid,right_braid_mid,0.9696579,0.8083861,25.32324,87.07698,-8.66921,1044 1051 1060,1072 1076 1085
2,pasted__pasted__polySurface26Shape,911,25,braid,right_braid_mid,0.9765692,0.8177858,25.10787,88.44106,-6.96333,1060 1058 1071,1085 1083 1089
2,pasted__pasted__polySurface26Shape,912,41,braid,right_braid_low,0.9488386,0.6761585,29.27139,78.7533,-7.40566,1074 1072 1073 1075,1097 1100 1099 1098
2,pasted__pasted__polySurface26Shape,913,41,braid,right_braid_low,0.9499803,0.687631,29.41461,78.3399,-8.51053,1073 1076 1075,1099 1101 1098
2,pasted__pasted__polySurface26Shape,914,41,braid,right_braid_low,0.9550697,0.6759627,29.34284,79.2705,-7.64237,1077 1074 1075 1078,1102 1097 1098 1103
2,pasted__pasted__polySurface26Shape,915,41,braid,right_braid_low,0.9546452,0.6922828,29.29436,78.54451,-9.102,1079 1078 1076,1104 1103 1101
2,pasted__pasted__polySurface26Shape,916,41,braid,right_braid_low,0.9536251,0.6874623,29.43651,78.63866,-8.63003,1078 1075 1076,1103 1098 1101
2,pasted__pasted__polySurface26Shape,917,41,braid,right_braid_low,0.9476707,0.6496206,27.63416,80.30848,-5.35578,1082 1080 1081 1083,1105 1108 1107 1106
2,pasted__pasted__polySurface26Shape,918,41,braid,right_braid_low,0.9482082,0.6623557,28.64402,79.46728,-6.18178,1074 1083 1081 1072,1097 1106 1107 1100
2,pasted__pasted__polySurface26Shape,919,41,braid,right_braid_low,0.9556431,0.648689,27.88678,81.01601,-5.72805,1084 1082 1083 1085,1109 1105 1106 1110
2,pasted__pasted__polySurface26Shape,920,41,braid,right_braid_low,0.9556276,0.6619278,28.80179,80.10796,-6.51152,1077 1085 1083 1074,1102 1110 1106 1097
2,pasted__pasted__polySurface26Shape,921,41,braid,right_braid_low,0.9477556,0.623372,24.99546,82.25751,-5.45604,1088 1086 1087 1089,1111 1114 1113 1112
2,pasted__pasted__polySurface26Shape,922,41,braid,right_braid_low,0.9474373,0.6375074,26.41673,81.211,-5.09733,1082 1089 1087 1080,1105 1112 1113 1108
2,pasted__pasted__polySurface26Shape,923,41,braid,right_braid_low,0.9539915,0.6226127,25.33326,82.81973,-5.65815,1090 1088 1089 1091,1115 1111 1112 1116
2,pasted__pasted__polySurface26Shape,924,41,braid,right_braid_low,0.9551321,0.6362984,26.74049,81.90384,-5.44362,1084 1091 1089 1082,1109 1116 1112 1105
2,pasted__pasted__polySurface26Shape,925,41,braid,right_braid_low,0.9478452,0.6084404,23.69299,83.19833,-6.39107,1086 1088 1092 1093,1114 1111 1118 1117
2,pasted__pasted__polySurface26Shape,926,41,braid,right_braid_low,0.9527259,0.610093,24.05848,83.56753,-6.20026,1090 1092 1088,1115 1118 1111
2,pasted__pasted__polySurface26Shape,927,64,braid,right_braid_low,0.876794,0.4158195,28.94919,83.08804,-8.2709,1094 1096 1095 1106,1119 1122 1121 1120
2,pasted__pasted__polySurface26Shape,928,64,braid,right_braid_low,0.8704185,0.3801667,27.18304,84.01621,-6.25061,1099 1098 1097,1123 1125 1124
2,pasted__pasted__polySurface26Shape,929,64,braid,right_braid_low,0.8731182,0.3837907,27.47089,83.94851,-6.59436,1098 1100 1097,1125 1126 1124
2,pasted__pasted__polySurface26Shape,930,64,braid,right_braid_low,0.875655,0.4630261,28.87093,81.56212,-10.48274,1101 1103 1102 1104,1127 1130 1129 1128
2,pasted__pasted__polySurface26Shape,931,64,braid,right_braid_low,0.8736247,0.482471,28.33633,80.5662,-11.20878,1104 1102 1105 1110,1128 1129 1132 1131
2,pasted__pasted__polySurface26Shape,932,64,braid,right_braid_low,0.8771775,0.4411581,29.12642,82.44713,-9.41693,1106 1095 1103 1101,1120 1121 1130 1127
2,pasted__pasted__polySurface26Shape,933,64,braid,right_braid_low,0.8696459,0.5018271,27.35676,78.74342,-11.61336,1109 1108 1107,1133 1135 1134
2,pasted__pasted__polySurface26Shape,934,64,braid,right_braid_low,0.8713603,0.4948657,27.91419,79.71254,-11.56778,1105 1107 1110,1132 1134 1131
2,pasted__pasted__polySurface26Shape,935,64,braid,right_braid_low,0.8720592,0.4979743,27.63223,79.41655,-11.50171,1107 1108 1110,1134 1135 1131
2,pasted__pasted__polySurface26Shape,936,64,braid,right_braid_low,0.8744285,0.3953939,28.31613,83.52439,-7.20038,1100 1098 1096 1094,1126 1125 1122 1119
2,pasted__pasted__polySurface26Shape,937,64,braid,right_braid_low,0.8704185,0.3727926,26.36629,84.43951,-6.06197,1111 1099 1097,1136 1123 1124
2,pasted__pasted__polySurface26Shape,938,38,braid,right_braid_mid,0.8864866,0.6147842,18.06378,92.6007,-5.27882,1112 1114 1113 1115,1137 1140 1139 1138
2,pasted__pasted__polySurface26Shape,939,38,braid,right_braid_mid,0.8820033,0.6287885,17.25981,90.6729,-5.51502,1115 1117 1116 1118,1138 1143 1142 1141
2,pasted__pasted__polySurface26Shape,940,38,braid,right_braid_mid,0.8816378,0.6411475,17.1058,88.93519,-5.92498,1116 1120 1119 1118,1142 1145 1144 1141
2,pasted__pasted__polySurface26Shape,941,38,braid,right_braid_mid,0.8815995,0.6523766,17.13615,87.40718,-6.58449,1119 1120 1121 1122,1144 1145 1147 1146
2,pasted__pasted__polySurface26Shape,942,38,braid,right_braid_mid,0.88727,0.6526267,17.72232,87.1839,-6.11933,1122 1124 1123 1119,1146 1149 1148 1144
2,pasted__pasted__polySurface26Shape,943,38,braid,right_braid_low,0.8869441,0.6632559,18.02275,85.98136,-7.08587,1122 1126 1125 1124,1146 1151 1150 1149
2,pasted__pasted__polySurface26Shape,944,38,braid,right_braid_low,0.8864486,0.673746,18.66071,85.11852,-8.1764,1125 1126 1127 1128,1150 1151 1153 1152
2,pasted__pasted__polySurface26Shape,945,38,braid,right_braid_low,0.8831782,0.6940911,20.59531,84.2593,-10.24593,1131 1130 1129,1154 1156 1155
2,pasted__pasted__polySurface26Shape,946,38,braid,right_braid_low,0.8851098,0.694373,20.71601,84.16575,-10.08798,1132 1130 1131,1157 1156 1154
2,pasted__pasted__polySurface26Shape,947,38,braid,right_braid_low,0.8858791,0.6839403,19.6026,84.55773,-9.21243,1130 1132 1128 1127,1156 1157 1152 1153
2,pasted__pasted__polySurface26Shape,948,38,braid,right_braid_low,0.8825256,0.6834262,19.34167,84.7237,-9.49251,1127 1133 1129 1130,1153 1158 1155 1156
2,pasted__pasted__polySurface26Shape,949,38,braid,right_braid_low,0.8821864,0.6731201,18.24651,85.33016,-8.52059,1127 1126 1134 1133,1153 1151 1159 1158
2,pasted__pasted__polySurface26Shape,950,38,braid,right_braid_mid,0.8818131,0.6627809,17.49585,86.21342,-7.49797,1134 1126 1122 1121,1159 1151 1146 1147
2,pasted__pasted__polySurface26Shape,951,38,braid,right_braid_mid,0.8873557,0.6412445,17.73716,88.76008,-5.51167,1123 1135 1118 1119,1148 1160 1141 1144
2,pasted__pasted__polySurface26Shape,952,38,braid,right_braid_mid,0.887172,0.6284918,17.89368,90.60923,-5.22265,1112 1115 1118 1135,1137 1138 1141 1160
2,pasted__pasted__polySurface26Shape,953,38,braid,right_braid_mid,0.8826777,0.6151884,17.57778,92.61036,-5.43609,1115 1113 1136 1117,1138 1139 1161 1143
2,pasted__pasted__polySurface26Shape,954,38,braid,right_braid_mid,0.8853773,0.604786,18.18804,94.02574,-5.5978,1137 1113 1114,1162 1139 1140
2,pasted__pasted__polySurface26Shape,955,38,braid,right_braid_mid,0.8834292,0.6049312,17.94749,94.0445,-5.65456,1137 1136 1113,1162 1161 1139
2,pasted__pasted__polySurface26Shape,956,21,braid,right_braid_mid,0.8323446,0.8269716,16.49373,90.4134,-9.89159,1138 1140 1139 1141,1163 1166 1165 1164
2,pasted__pasted__polySurface26Shape,957,21,braid,right_braid_mid,0.8315752,0.8138146,15.26236,91.1206,-9.01996,1138 1143 1142 1140,1163 1168 1167 1166
2,pasted__pasted__polySurface26Shape,958,21,braid,right_braid_mid,0.8315964,0.8006757,14.45779,92.17289,-8.21385,1144 1142 1143 1145,1169 1167 1168 1170
2,pasted__pasted__polySurface26Shape,959,21,braid,right_braid_mid,0.8334077,0.7622849,14.16258,96.7686,-6.44275,1146 1148 1147 1149,1171 1174 1173 1172
2,pasted__pasted__polySurface26Shape,960,21,braid,right_braid_mid,0.8323561,0.7752654,14.05063,95.13445,-6.89512,1150 1151 1149 1147,1175 1176 1172 1173
2,pasted__pasted__polySurface26Shape,961,21,braid,right_braid_mid,0.8330658,0.8395863,17.84365,89.86312,-10.63602,1152 1153 1141 1139,1177 1178 1164 1165
2,pasted__pasted__polySurface26Shape,962,21,braid,right_braid_mid,0.8334484,0.8522043,19.30335,89.23496,-11.04159,1152 1155 1154 1153,1177 1180 1179 1178
2,pasted__pasted__polySurface26Shape,963,21,braid,right_braid_mid,0.8341858,0.8641463,20.81126,88.55099,-10.92556,1155 1156 1154,1180 1181 1179
2,pasted__pasted__polySurface26Shape,964,21,braid,right_braid_mid,0.8344018,0.7508126,14.60303,98.14545,-6.24022,1146 1157 1148,1171 1182 1174
2,pasted__pasted__polySurface26Shape,965,21,braid,right_braid_mid,0.831859,0.7878672,14.10868,93.59187,-7.51214,1144 1145 1151 1150,1169 1170 1176 1175
2,pasted__pasted__polySurface26Shape,966,22,braid,right_braid_mid,0.8492975,0.8631065,20.83503,88.73247,-11.10646,1160 1159 1158,1183 1185 1184
2,pasted__pasted__polySurface26Shape,967,22,braid,right_braid_mid,0.8476692,0.8119335,15.17699,91.43335,-9.46623,1161 1163 1162 1164,1186 1189 1188 1187
2,pasted__pasted__polySurface26Shape,968,22,braid,right_braid_mid,0.8474654,0.7992776,14.35827,92.4576,-8.7364,1161 1166 1165 1163,1186 1191 1190 1189
2,pasted__pasted__polySurface26Shape,969,22,braid,right_braid_mid,0.8478749,0.7871212,13.95041,93.81785,-8.03257,1167 1168 1165 1166,1192 1193 1190 1191
2,pasted__pasted__polySurface26Shape,970,22,braid,right_braid_mid,0.8481563,0.8246316,16.39452,90.69501,-10.22861,1169 1170 1164 1162,1194 1195 1187 1188
2,pasted__pasted__polySurface26Shape,971,22,braid,right_braid_mid,0.8485028,0.8371518,17.76178,90.09489,-10.90207,1169 1172 1171 1170,1194 1197 1196 1195
2,pasted__pasted__polySurface26Shape,972,22,braid,right_braid_mid,0.8486885,0.8503869,19.2896,89.46997,-11.30484,1171 1172 1159 1160,1196 1197 1185 1183
2,pasted__pasted__polySurface26Shape,973,22,braid,right_braid_mid,0.8494451,0.7508368,14.56698,98.20168,-6.44624,1175 1174 1173,1198 1200 1199
2,pasted__pasted__polySurface26Shape,974,22,braid,right_braid_mid,0.8486112,0.7621621,14.03891,96.89899,-6.81755,1174 1175 1176 1177,1200 1198 1202 1201
2,pasted__pasted__polySurface26Shape,975,22,braid,right_braid_mid,0.8482375,0.7748868,13.85877,95.32794,-7.361,1167 1177 1176 1168,1192 1201 1202 1193
2,pasted__pasted__polySurface26Shape,976,39,braid,right_braid_mid,0.9003233,0.6098398,20.11349,98.65706,-6.38631,1180 1179 1178,1203 1205 1204
2,pasted__pasted__polySurface26Shape,977,39,braid,right_braid_mid,0.9031142,0.6093197,19.88283,98.74519,-6.62621,1181 1180 1178,1206 1203 1204
2,pasted__pasted__polySurface26Shape,978,39,braid,right_braid_mid,0.9051929,0.6364081,21.72369,96.93529,-8.88571,1182 1184 1183 1185,1207 1210 1209 1208
2,pasted__pasted__polySurface26Shape,979,39,braid,right_braid_mid,0.8981661,0.6510475,23.01912,95.45819,-9.54734,1186 1187 1183 1188,1211 1213 1209 1212
2,pasted__pasted__polySurface26Shape,980,39,braid,right_braid_mid,0.898418,0.6645494,23.36108,94.07694,-10.52255,1187 1186 1189 1190,1213 1211 1215 1214
2,pasted__pasted__polySurface26Shape,981,39,braid,right_braid_mid,0.8989285,0.676303,23.12697,92.64379,-10.96471,1190 1189 1191 1192,1214 1215 1217 1216
2,pasted__pasted__polySurface26Shape,982,39,braid,right_braid_mid,0.9043117,0.6765511,22.66632,92.78269,-11.32317,1192 1194 1193 1190,1216 1219 1218 1214
2,pasted__pasted__polySurface26Shape,983,39,braid,right_braid_mid,0.9032232,0.6858891,22.31548,91.58265,-11.20291,1195 1194 1192,1220 1219 1216
2,pasted__pasted__polySurface26Shape,984,39,braid,right_braid_mid,0.8995833,0.6873985,22.55619,91.28298,-10.92543,1192 1191 1196 1195,1216 1217 1221 1220
2,pasted__pasted__polySurface26Shape,985,39,braid,right_braid_mid,0.9050054,0.6642208,22.84097,94.31687,-10.967,1197 1187 1190 1193,1222 1213 1214 1218
2,pasted__pasted__polySurface26Shape,986,39,braid,right_braid_mid,0.9053095,0.6504417,22.48648,95.75418,-10.05909,1187 1197 1185 1183,1213 1222 1208 1209
2,pasted__pasted__polySurface26Shape,987,39,braid,right_braid_mid,0.8984348,0.6366394,22.22402,96.70023,-8.3409,1183 1184 1198 1188,1209 1210 1223 1212
2,pasted__pasted__polySurface26Shape,988,39,braid,right_braid_mid,0.8992257,0.6959139,22.13624,90.25656,-10.67187,1199 1195 1196,1224 1220 1221
2,pasted__pasted__polySurface26Shape,989,39,braid,right_braid_mid,0.9043679,0.6219853,20.82593,97.97452,-7.64079,1182 1181 1178 1184,1207 1206 1204 1210
2,pasted__pasted__polySurface26Shape,990,39,braid,right_braid_mid,0.8991438,0.6223942,21.23143,97.81597,-7.19419,1184 1178 1179 1198,1210 1204 1205 1223
2,pasted__pasted__polySurface26Shape,991,40,braid,right_braid_mid,0.9273567,0.6946774,23.73827,94.64562,-6.6194,1202 1201 1200,1225 1227 1226
2,pasted__pasted__polySurface26Shape,992,40,braid,right_braid_mid,0.9309247,0.6719058,22.59393,96.1698,-4.92499,1203 1205 1204 1206,1228 1231 1230 1229
2,pasted__pasted__polySurface26Shape,993,40,braid,right_braid_mid,0.9289677,0.6945447,23.78247,94.76961,-6.65899,1202 1207 1201,1225 1232 1227
2,pasted__pasted__polySurface26Shape,994,40,braid,right_braid_mid,0.9253946,0.6722654,22.43092,95.65892,-4.78366,1208 1209 1203 1206,1233 1234 1228 1229
2,pasted__pasted__polySurface26Shape,995,40,braid,right_braid_mid,0.92406,0.6596648,21.19924,96.19913,-4.23021,1206 1211 1210 1208,1229 1236 1235 1233
2,pasted__pasted__polySurface26Shape,996,40,braid,right_braid_mid,0.9321387,0.6451133,20.03353,97.73358,-4.26658,1211 1213 1212 1214,1236 1239 1238 1237
2,pasted__pasted__polySurface26Shape,997,40,braid,right_braid_mid,0.9317206,0.65885,21.43826,96.95107,-4.39176,1211 1206 1204 1213,1236 1229 1230 1239
2,pasted__pasted__polySurface26Shape,998,40,braid,right_braid_mid,0.9213913,0.6298428,17.86124,97.61098,-4.68472,1215 1214 1216 1217,1240 1237 1242 1241
2,pasted__pasted__polySurface26Shape,999,40,braid,right_braid_mid,0.9225152,0.6466976,19.71281,96.73274,-4.14341,1215 1210 1211 1214,1240 1235 1236 1237
2,pasted__pasted__polySurface26Shape,1000,40,braid,right_braid_mid,0.9223873,0.6140939,16.341,98.8099,-5.44909,1216 1219 1218 1217,1242 1244 1243 1241
2,pasted__pasted__polySurface26Shape,1001,40,braid,right_braid_mid,0.9317501,0.6176729,17.28796,99.41582,-5.10807,1216 1221 1220 1219,1242 1246 1245 1244
2,pasted__pasted__polySurface26Shape,1002,40,braid,right_braid_mid,0.9321435,0.6301195,18.484,98.61957,-4.57156,1221 1216 1214 1212,1246 1242 1237 1238
2,pasted__pasted__polySurface26Shape,1003,40,braid,right_braid_mid,0.9252298,0.605295,15.73443,99.88052,-5.83964,1218 1219 1222,1243 1244 1247
2,pasted__pasted__polySurface26Shape,1004,40,braid,right_braid_mid,0.9303221,0.6083855,16.40547,100.08996,-5.59074,1219 1220 1222,1244 1245 1247
2,pasted__pasted__polySurface26Shape,1005,40,braid,right_braid_mid,0.926441,0.6850641,23.32022,95.09287,-5.74051,1203 1209 1200 1201,1228 1234 1226 1227
2,pasted__pasted__polySurface26Shape,1006,40,braid,right_braid_mid,0.9299336,0.6848199,23.419,95.3859,-5.83196,1201 1207 1205 1203,1227 1232 1231 1228
2,pasted__pasted__polySurface26Shape,1007,44,braid,right_braid_mid,0.872281,0.540736,16.93379,99.47213,-10.38586,1223 1225 1224 1226,1248 1251 1250 1249
2,pasted__pasted__polySurface26Shape,1008,44,braid,right_braid_mid,0.8705902,0.5514962,15.15893,100.55352,-10.19494,1228 1226 1227,1252 1249 1253
2,pasted__pasted__polySurface26Shape,1009,44,braid,right_braid_mid,0.8615031,0.5468843,14.42089,98.50687,-11.07594,1231 1230 1229,1254 1256 1255
2,pasted__pasted__polySurface26Shape,1010,44,braid,right_braid_mid,0.8605081,0.5352057,16.71479,96.69254,-11.13255,1230 1233 1232 1237,1256 1259 1258 1257
2,pasted__pasted__polySurface26Shape,1011,44,braid,right_braid_mid,0.8644815,0.5354332,17.15092,97.53484,-11.14747,1230 1224 1233,1256 1250 1259
2,pasted__pasted__polySurface26Shape,1012,44,braid,right_braid_mid,0.8624582,0.5239628,18.95205,95.87617,-10.30773,1234 1233 1235 1239,1260 1259 1262 1261
2,pasted__pasted__polySurface26Shape,1013,44,braid,right_braid_mid,0.8674771,0.5314672,18.10005,97.55269,-10.49755,1225 1235 1233 1224,1251 1262 1259 1250
2,pasted__pasted__polySurface26Shape,1014,44,braid,right_braid_mid,0.8599034,0.5520077,13.24715,99.02955,-10.5482,1236 1231 1229,1263 1254 1255
2,pasted__pasted__polySurface26Shape,1015,44,braid,right_braid_mid,0.8599477,0.5435812,14.87608,97.66224,-11.16344,1230 1237 1229,1256 1257 1255
2,pasted__pasted__polySurface26Shape,1016,44,braid,right_braid_mid,0.8598793,0.5189042,19.53368,94.80037,-10.18203,1234 1239 1238,1260 1261 1264
2,pasted__pasted__polySurface26Shape,1017,44,braid,right_braid_mid,0.8559789,0.5437966,14.53129,97.05271,-10.57888,1240 1229 1237,1265 1255 1257
2,pasted__pasted__polySurface26Shape,1018,44,braid,right_braid_mid,0.8554023,0.5523641,12.9976,98.33454,-9.73314,1241 1236 1229,1266 1263 1255
2,pasted__pasted__polySurface26Shape,1019,44,braid,right_braid_mid,0.8553904,0.5364484,16.06137,96.01567,-10.54963,1237 1232 1242 1240,1257 1258 1267 1265
2,pasted__pasted__polySurface26Shape,1020,44,braid,right_braid_mid,0.8596284,0.5269347,18.27042,95.66658,-10.79451,1232 1233 1234,1258 1259 1260
2,pasted__pasted__polySurface26Shape,1021,44,braid,right_braid_mid,0.8540139,0.5582415,12.48557,99.2656,-8.57975,1241 1245 1244 1236,1266 1269 1268 1263
2,pasted__pasted__polySurface26Shape,1022,44,braid,right_braid_mid,0.8659042,0.5551356,14.07231,100.51003,-10.05864,1231 1246 1227 1226,1254 1270 1253 1249
2,pasted__pasted__polySurface26Shape,1023,44,braid,right_braid_mid,0.8460782,0.5565681,13.36164,98.12259,-7.21332,1247 1245 1241 1249,1271 1269 1266 1272
2,pasted__pasted__polySurface26Shape,1024,44,braid,right_braid_mid,0.8660678,0.5440061,15.66093,98.96035,-11.05999,1230 1231 1226 1224,1256 1254 1249 1250
2,pasted__pasted__polySurface26Shape,1025,44,braid,right_braid_mid,0.8736823,0.5469136,16.07669,100.40164,-10.16353,1226 1228 1223,1249 1252 1248
2,pasted__pasted__polySurface26Shape,1026,44,braid,right_braid_mid,0.8530332,0.5474559,13.82655,97.20233,-9.67631,1240 1241 1229,1265 1266 1255
2,pasted__pasted__polySurface26Shape,1027,44,braid,right_braid_mid,0.8497187,0.5447522,14.35049,96.46606,-9.15293,1240 1248 1241,1265 1273 1266
2,pasted__pasted__polySurface26Shape,1028,44,braid,right_braid_mid,0.8467707,0.5483488,14.10547,96.84294,-8.31156,1248 1249 1241,1273 1272 1266
2,pasted__pasted__polySurface26Shape,1029,44,braid,right_braid_mid,0.8402241,0.5583727,14.44312,98.27305,-6.50205,1250 1247 1249,1274 1271 1272
2,pasted__pasted__polySurface26Shape,1030,44,braid,right_braid_mid,0.8396575,0.5662414,14.61769,99.8494,-5.9178,1250 1252 1251 1247,1274 1276 1275 1271
2,pasted__pasted__polySurface26Shape,1031,44,braid,right_braid_mid,0.8469295,0.5653608,13.11856,100.0076,-6.24966,1245 1247 1251 1254,1269 1271 1275 1277
2,pasted__pasted__polySurface26Shape,1032,44,braid,right_braid_top,0.8596055,0.5666087,12.31269,101.53047,-8.40421,1246 1244 1253,1270 1268 1278
2,pasted__pasted__polySurface26Shape,1033,44,braid,right_braid_mid,0.854501,0.5664666,12.28097,100.92235,-7.47717,1254 1253 1244 1245,1277 1278 1268 1269
2,pasted__pasted__polySurface26Shape,1034,44,braid,right_braid_top,0.8547759,0.5728924,12.44031,102.2076,-6.90642,1253 1254 1255,1278 1277 1279
2,pasted__pasted__polySurface26Shape,1035,44,braid,right_braid_top,0.849207,0.5742681,13.23368,102.1124,-6.12205,1256 1255 1254 1251,1280 1279 1277 1275
2,pasted__pasted__polySurface26Shape,1036,44,braid,right_braid_top,0.8424496,0.5739475,14.44696,101.64348,-5.7832,1256 1251 1252,1280 1275 1276
2,pasted__pasted__polySurface26Shape,1037,44,braid,right_braid_top,0.8507333,0.5801132,13.44116,103.39842,-6.32904,1257 1255 1256,1281 1279 1280
2,pasted__pasted__polySurface26Shape,1038,44,braid,right_braid_mid,0.8604577,0.5587842,12.72021,100.31892,-9.62913,1246 1231 1236 1244,1270 1254 1263 1268
2,pasted__pasted__polySurface26Shape,1039,44,braid,right_braid_mid,0.85109,0.5381061,15.59074,95.77616,-9.76306,1242 1248 1240,1267 1273 1265
2,pasted__pasted__polySurface26Shape,1040,44,braid,right_braid_mid,0.8574713,0.51955,19.26078,94.54253,-10.35103,1238 1243 1234,1264 1282 1260
2,pasted__pasted__polySurface26Shape,1041,43,braid,right_braid_top,0.7898864,0.5348957,18.88468,101.68325,-9.27151,1260 1259 1258,1283 1285 1284
2,pasted__pasted__polySurface26Shape,1042,43,braid,right_braid_mid,0.8087257,0.5191446,19.36147,96.36398,-9.99686,1263 1262 1261,1286 1288 1287
2,pasted__pasted__polySurface26Shape,1043,43,braid,right_braid_mid,0.7932953,0.5312992,19.06621,100.71884,-9.66764,1264 1258 1259,1289 1284 1285
2,pasted__pasted__polySurface26Shape,1044,43,braid,right_braid_mid,0.8033979,0.5202954,18.86211,97.45369,-10.08579,1261 1262 1265,1287 1288 1290
2,pasted__pasted__polySurface26Shape,1045,43,braid,right_braid_mid,0.7997631,0.5229196,18.84018,98.44922,-10.16302,1264 1261 1265,1289 1287 1290
2,pasted__pasted__polySurface26Shape,1046,43,braid,right_braid_mid,0.7988489,0.5295027,19.80043,99.62831,-9.87108,1259 1266 1264,1285 1291 1289
2,pasted__pasted__polySurface26Shape,1047,43,braid,right_braid_top,0.7915572,0.5407492,19.47263,102.08346,-8.46054,1268 1267 1259,1292 1293 1285
2,pasted__pasted__polySurface26Shape,1048,43,braid,right_braid_mid,0.8021651,0.5249305,19.61039,98.36768,-10.20466,1264 1266 1261,1289 1291 1287
2,pasted__pasted__polySurface26Shape,1049,43,braid,right_braid_mid,0.8047847,0.5324384,20.37758,98.98802,-8.89741,1266 1259 1269 1270,1291 1285 1295 1294
2,pasted__pasted__polySurface26Shape,1050,43,braid,right_braid_mid,0.8105887,0.5237486,19.98317,96.68492,-9.39885,1271 1261 1270,1296 1287 1294
2,pasted__pasted__polySurface26Shape,1051,43,braid,right_braid_mid,0.8074418,0.5258522,20.10251,97.60925,-9.63778,1261 1266 1270,1287 1291 1294
2,pasted__pasted__polySurface26Shape,1052,43,braid,right_braid_mid,0.8105762,0.5198601,19.6681,96.09327,-9.80405,1271 1263 1261,1296 1286 1287
2,pasted__pasted__polySurface26Shape,1053,43,braid,right_braid_mid,0.8148509,0.517292,19.80768,95.05163,-9.82028,1271 1272 1263,1296 1297 1286
2,pasted__pasted__polySurface26Shape,1054,43,braid,right_braid_mid,0.7899927,0.5224654,17.35646,99.94956,-9.83792,1274 1265 1273,1298 1290 1299
2,pasted__pasted__polySurface26Shape,1055,43,braid,right_braid_top,0.8043884,0.5553118,19.13552,101.44008,-5.47298,1275 1277 1276 1280,1300 1303 1302 1301
2,pasted__pasted__polySurface26Shape,1056,43,braid,right_braid_mid,0.8070127,0.5441707,20.14959,99.83292,-6.73748,1278 1269 1277 1275,1304 1295 1303 1300
2,pasted__pasted__polySurface26Shape,1057,43,braid,right_braid_top,0.7873155,0.5445024,18.87465,103.01598,-7.95258,1268 1279 1267,1292 1305 1293
2,pasted__pasted__polySurface26Shape,1058,43,braid,right_braid_mid,0.8102184,0.5355083,20.37653,98.39304,-7.78749,1278 1270 1269,1304 1294 1295
2,pasted__pasted__polySurface26Shape,1059,43,braid,right_braid_mid,0.8017501,0.5409997,20.368,100.46473,-7.73122,1277 1269 1259,1303 1295 1285
2,pasted__pasted__polySurface26Shape,1060,43,braid,right_braid_mid,0.8114244,0.5463414,19.56583,99.29534,-6.25666,1281 1278 1275,1306 1304 1300
2,pasted__pasted__polySurface26Shape,1061,43,braid,right_braid_top,0.8043292,0.5660589,17.41389,102.78957,-4.703,1280 1276 1282 1284,1301 1302 1308 1307
2,pasted__pasted__polySurface26Shape,1062,43,braid,right_braid_top,0.805981,0.5750123,15.49896,103.84774,-4.90134,1283 1285 1284 1282,1309 1310 1307 1308
2,pasted__pasted__polySurface26Shape,1063,43,braid,right_braid_top,0.8144788,0.5720401,15.03903,101.83331,-5.63817,1288 1287 1286,1311 1313 1312
2,pasted__pasted__polySurface26Shape,1064,43,braid,right_braid_top,0.8103709,0.5725868,15.35457,102.57877,-5.09165,1288 1284 1285,1311 1307 1310
2,pasted__pasted__polySurface26Shape,1065,43,braid,right_braid_top,0.8121411,0.5751994,14.63008,102.71628,-5.52418,1288 1285 1287,1311 1310 1313
2,pasted__pasted__polySurface26Shape,1066,43,braid,right_braid_top,0.8102542,0.5648358,16.872,101.47288,-4.81124,1289 1280 1284 1288,1314 1301 1307 1311
2,pasted__pasted__polySurface26Shape,1067,43,braid,right_braid_mid,0.8107314,0.5549801,18.55485,100.26154,-5.33008,1275 1280 1289 1281,1300 1301 1314 1306
2,pasted__pasted__polySurface26Shape,1068,43,braid,right_braid_mid,0.8143453,0.5561496,17.95537,99.7774,-5.39693,1290 1281 1289,1315 1306 1314
2,pasted__pasted__polySurface26Shape,1069,43,braid,right_braid_mid,0.8149925,0.5640245,16.50504,100.5926,-5.33452,1288 1286 1290 1289,1311 1312 1315 1314
2,pasted__pasted__polySurface26Shape,1070,43,braid,right_braid_top,0.8103583,0.5815939,13.745,104.20904,-5.98468,1292 1285 1291,1316 1310 1317
2,pasted__pasted__polySurface26Shape,1071,43,braid,right_braid_top,0.8076912,0.580926,14.13627,104.58312,-5.47645,1285 1283 1291,1310 1309 1317
2,pasted__pasted__polySurface26Shape,1072,43,braid,right_braid_top,0.8118927,0.5793988,13.95951,103.51707,-5.98496,1287 1285 1292,1313 1310 1316
2,pasted__pasted__polySurface26Shape,1073,43,braid,right_braid_top,0.7955635,0.5504067,20.25685,101.29298,-7.32196,1293 1277 1267,1318 1303 1293
2,pasted__pasted__polySurface26Shape,1074,43,braid,right_braid_top,0.7895574,0.5381891,19.04428,102.0887,-8.88901,1260 1268 1259,1283 1292 1285
2,pasted__pasted__polySurface26Shape,1075,43,braid,right_braid_top,0.7868535,0.5474569,18.81799,103.28654,-7.39248,1279 1294 1267,1305 1319 1293
2,pasted__pasted__polySurface26Shape,1076,43,braid,right_braid_mid,0.7932366,0.5236116,18.02193,99.63023,-10.03628,1274 1264 1265,1298 1289 1290
2,pasted__pasted__polySurface26Shape,1077,43,braid,right_braid_mid,0.7897289,0.528752,18.18326,100.87053,-9.85467,1264 1295 1258,1289 1320 1284
2,pasted__pasted__polySurface26Shape,1078,43,braid,right_braid_mid,0.7903046,0.5258551,17.91303,100.39045,-9.92213,1264 1274 1295,1289 1298 1320
2,pasted__pasted__polySurface26Shape,1079,43,braid,right_braid_top,0.7967335,0.5431071,20.03753,101.5171,-7.77298,1267 1277 1259,1293 1303 1285
2,pasted__pasted__polySurface26Shape,1080,66,braid,right_braid_top,0.9722546,0.4748752,19.43942,102.5712,-6.00854,1297 1296 1298 1300,1321 1324 1323 1322
2,pasted__pasted__polySurface26Shape,1081,66,braid,right_braid_top,0.9676055,0.4815271,18.32243,103.9507,-6.14326,1301 1300 1299,1325 1322 1326
2,pasted__pasted__polySurface26Shape,1082,66,braid,right_braid_top,0.9719598,0.4852556,17.73983,103.84002,-5.0595,1303 1302 1297 1300,1327 1328 1321 1322
2,pasted__pasted__polySurface26Shape,1083,66,braid,right_braid_top,0.971132,0.4930555,16.17152,104.609,-4.77004,1303 1304 1302,1327 1329 1328
2,pasted__pasted__polySurface26Shape,1084,66,braid,right_braid_mid,0.9694248,0.4451952,20.09448,96.02306,-9.68969,1307 1306 1305,1330 1332 1331
2,pasted__pasted__polySurface26Shape,1085,66,braid,right_braid_mid,0.9688332,0.4532036,21.17142,98.91038,-9.14865,1308 1310 1309 1311,1333 1336 1335 1334
2,pasted__pasted__polySurface26Shape,1086,66,braid,right_braid_mid,0.9680785,0.4570838,21.08839,100.00011,-8.6246,1308 1313 1312 1310,1333 1338 1337 1336
2,pasted__pasted__polySurface26Shape,1087,66,braid,right_braid_top,0.9675907,0.4650024,20.46728,101.50752,-7.83876,1314 1298 1312 1313,1339 1323 1337 1338
2,pasted__pasted__polySurface26Shape,1088,66,braid,right_braid_mid,0.9710402,0.4566955,21.2731,99.74326,-8.24716,1310 1312 1315 1316,1336 1337 1341 1340
2,pasted__pasted__polySurface26Shape,1089,66,braid,right_braid_top,0.9717979,0.464405,20.70549,101.07715,-7.25354,1312 1298 1296 1315,1337 1323 1324 1341
2,pasted__pasted__polySurface26Shape,1090,66,braid,right_braid_mid,0.9701705,0.4488151,20.62266,96.68189,-9.60821,1306 1318 1317 1319,1332 1344 1343 1342
2,pasted__pasted__polySurface26Shape,1091,66,braid,right_braid_mid,0.9700926,0.4451287,20.13786,95.97787,-9.63727,1305 1306 1319,1331 1332 1342
2,pasted__pasted__polySurface26Shape,1092,66,braid,right_braid_top,0.9691299,0.4848473,17.84742,104.21808,-5.56348,1300 1301 1303,1322 1325 1327
2,pasted__pasted__polySurface26Shape,1093,66,braid,right_braid_top,0.9675518,0.4751673,19.22849,103.10532,-6.80648,1298 1314 1299 1300,1323 1339 1326 1322
2,pasted__pasted__polySurface26Shape,1094,66,braid,right_braid_mid,0.9692534,0.4488576,20.52513,96.76869,-9.72127,1307 1320 1318 1306,1330 1345 1344 1332
2,pasted__pasted__polySurface26Shape,1095,66,braid,right_braid_mid,0.9701165,0.45129,21.10573,97.71184,-9.34696,1321 1317 1318 1309,1346 1343 1344 1335
2,pasted__pasted__polySurface26Shape,1096,66,braid,right_braid_mid,0.9692556,0.4513296,20.95784,97.83737,-9.53008,1311 1309 1318 1320,1334 1335 1344 1345
2,pasted__pasted__polySurface26Shape,1097,66,braid,right_braid_mid,0.9703699,0.4529769,21.34432,98.73268,-8.88705,1316 1321 1309 1310,1340 1346 1335 1336
2,pasted__pasted__polySurface26Shape,1098,34,braid,right_braid_mid,0.9627344,0.7482178,14.62253,96.09945,-8.4373,1324 1323 1322,1347 1349 1348
2,pasted__pasted__polySurface26Shape,1099,34,braid,right_braid_mid,0.9599756,0.7515813,14.30039,96.46442,-7.21842,1323 1324 1325 1360,1349 1347 1351 1350
2,pasted__pasted__polySurface26Shape,1100,34,braid,right_braid_mid,0.9687953,0.7262897,20.34043,93.10163,-10.72276,1328 1327 1326,1352 1354 1353
2,pasted__pasted__polySurface26Shape,1101,34,braid,right_braid_mid,0.9693551,0.7310519,19.15337,94.14516,-10.65001,1329 1327 1328 1331,1355 1354 1352 1356
2,pasted__pasted__polySurface26Shape,1102,34,braid,right_braid_mid,0.9686017,0.7357786,17.85076,94.89345,-10.48584,1331 1330 1329,1356 1357 1355
2,pasted__pasted__polySurface26Shape,1103,34,braid,right_braid_mid,0.9656325,0.7252946,20.16897,92.18336,-11.2806,1328 1326 1332 1335,1352 1353 1359 1358
2,pasted__pasted__polySurface26Shape,1104,34,braid,right_braid_mid,0.9656142,0.7366402,17.01254,94.36484,-10.76843,1333 1334 1330 1331,1360 1361 1357 1356
2,pasted__pasted__polySurface26Shape,1105,34,braid,right_braid_mid,0.9658809,0.7310382,18.56604,93.37914,-11.31387,1328 1335 1333 1331,1352 1358 1360 1356
2,pasted__pasted__polySurface26Shape,1106,34,braid,right_braid_mid,0.9641566,0.742405,15.56248,95.1826,-9.70891,1334 1324 1322 1330,1361 1347 1348 1357
2,pasted__pasted__polySurface26Shape,1107,34,braid,right_braid_mid,0.9588828,0.7472015,14.30121,95.05996,-7.86539,1324 1336 1325,1347 1362 1351
2,pasted__pasted__polySurface26Shape,1108,34,braid,right_braid_mid,0.9611825,0.7247844,19.52741,90.80015,-11.58446,1335 1332 1337 1339,1358 1359 1364 1363
2,pasted__pasted__polySurface26Shape,1109,34,braid,right_braid_mid,0.9610434,0.7359431,16.23885,92.9713,-10.75515,1334 1333 1338 1340,1361 1360 1366 1365
2,pasted__pasted__polySurface26Shape,1110,34,braid,right_braid_mid,0.9612832,0.7303427,17.79942,91.91867,-11.4987,1333 1335 1339 1338,1360 1358 1363 1366
2,pasted__pasted__polySurface26Shape,1111,34,braid,right_braid_mid,0.9601278,0.7419522,14.97329,94.05171,-9.36177,1324 1334 1340 1336,1347 1361 1365 1362
2,pasted__pasted__polySurface26Shape,1112,34,braid,right_braid_mid,0.956417,0.7351312,16.06637,91.64395,-10.02161,1338 1342 1341 1340,1366 1368 1367 1365
2,pasted__pasted__polySurface26Shape,1113,34,braid,right_braid_mid,0.9556656,0.7299908,17.46968,90.52811,-10.53935,1342 1338 1339 1343 1358,1368 1366 1363 1370 1369
2,pasted__pasted__polySurface26Shape,1114,34,braid,right_braid_mid,0.9611084,0.7187267,21.25398,89.47394,-10.93585,1344 1337 1332 1345,1371 1364 1359 1372
2,pasted__pasted__polySurface26Shape,1115,34,braid,right_braid_mid,0.9645511,0.7204674,21.2854,90.86122,-10.8419,1326 1345 1332,1353 1372 1359
2,pasted__pasted__polySurface26Shape,1116,34,braid,right_braid_mid,0.9574502,0.7239291,19.25934,89.66477,-11.23433,1337 1346 1343 1339,1364 1373 1370 1363
2,pasted__pasted__polySurface26Shape,1117,34,braid,right_braid_mid,0.958433,0.7190091,20.82252,88.78756,-11.01357,1344 1346 1337,1371 1373 1364
2,pasted__pasted__polySurface26Shape,1118,34,braid,right_braid_mid,0.9561655,0.7414643,14.99846,93.01554,-8.6082,1336 1340 1341 1347,1362 1365 1367 1374
2,pasted__pasted__polySurface26Shape,1119,34,braid,right_braid_mid,0.9497046,0.7498163,16.6199,94.56119,-5.83765,1349 1351 1350 1348,1375 1378 1377 1376
2,pasted__pasted__polySurface26Shape,1120,34,braid,right_braid_mid,0.9564936,0.7470773,14.40676,94.52028,-7.35029,1325 1336 1347,1351 1362 1374
2,pasted__pasted__polySurface26Shape,1121,34,braid,right_braid_mid,0.9473535,0.7499266,17.46158,94.42571,-5.77407,1349 1352 1351,1375 1379 1378
2,pasted__pasted__polySurface26Shape,1122,34,braid,right_braid_mid,0.9462879,0.7513354,17.88069,94.85503,-5.87353,1352 1353 1351,1379 1380 1378
2,pasted__pasted__polySurface26Shape,1123,34,braid,right_braid_mid,0.9537576,0.7483314,15.17875,94.50719,-6.49004,1325 1347 1348 1350,1351 1374 1376 1377
2,pasted__pasted__polySurface26Shape,1124,34,braid,right_braid_mid,0.9529404,0.7348596,16.4257,90.95808,-9.14466,1354 1341 1342 1358,1381 1367 1368 1369
2,pasted__pasted__polySurface26Shape,1125,34,braid,right_braid_mid,0.9532942,0.7414366,15.45157,92.48644,-7.87955,1355 1347 1341,1382 1374 1367
2,pasted__pasted__polySurface26Shape,1126,34,braid,right_braid_mid,0.9521294,0.7441438,15.53595,93.01745,-6.98561,1355 1348 1347,1382 1376 1374
2,pasted__pasted__polySurface26Shape,1127,34,braid,right_braid_mid,0.9494293,0.744062,16.42525,92.74228,-6.64729,1356 1349 1348 1355,1383 1375 1376 1382
2,pasted__pasted__polySurface26Shape,1128,34,braid,right_braid_mid,0.9524103,0.7388651,15.87151,91.72828,-8.23967,1341 1354 1355,1367 1381 1382
2,pasted__pasted__polySurface26Shape,1129,34,braid,right_braid_mid,0.9500665,0.7394607,16.40728,91.62341,-7.64152,1357 1356 1355 1354,1384 1383 1382 1381
2,pasted__pasted__polySurface26Shape,1130,34,braid,right_braid_mid,0.9509172,0.7356404,16.68267,90.88217,-8.51677,1358 1357 1354,1369 1384 1381
2,pasted__pasted__polySurface26Shape,1131,34,braid,right_braid_mid,0.9473009,0.7454636,17.21313,93.01609,-6.30816,1356 1352 1349,1383 1379 1375
2,pasted__pasted__polySurface26Shape,1132,34,braid,right_braid_mid,0.9600453,0.7569134,14.62379,97.96629,-6.52497,1323 1360 1359,1349 1350 1385
2,pasted__pasted__polySurface26Shape,1133,34,braid,right_braid_mid,0.9570317,0.758282,15.3332,98.09708,-5.9809,1360 1361 1359,1350 1386 1385
2,pasted__pasted__polySurface26Shape,1134,34,braid,right_braid_mid,0.9553521,0.7540447,15.15611,96.56728,-6.02447,1350 1361 1360 1325,1377 1386 1350 1351
2,pasted__pasted__polySurface26Shape,1135,34,braid,right_braid_mid,0.9511437,0.7546883,16.59343,96.31904,-5.5574,1361 1350 1351,1386 1377 1378
2,pasted__pasted__polySurface26Shape,1136,46,braid,right_braid_mid,0.8874595,0.5308738,21.74545,93.11863,-10.57006,1362 1364 1363 1379,1387 1390 1389 1388
2,pasted__pasted__polySurface26Shape,1137,46,braid,right_braid_mid,0.886877,0.5414677,21.53353,95.27636,-9.67502,1362 1365 1366 1364,1387 1392 1391 1390
2,pasted__pasted__polySurface26Shape,1138,46,braid,right_braid_mid,0.8937542,0.5296481,22.70435,92.54829,-9.91747,1363 1364 1367 1375,1389 1390 1394 1393
2,pasted__pasted__polySurface26Shape,1139,46,braid,right_braid_mid,0.8945395,0.5409903,22.75328,94.67541,-8.65784,1367 1364 1366 1369,1394 1390 1391 1395
2,pasted__pasted__polySurface26Shape,1140,46,braid,right_braid_mid,0.8942356,0.553477,21.91564,96.79415,-6.77883,1368 1370 1369 1366,1396 1397 1395 1391
2,pasted__pasted__polySurface26Shape,1141,46,braid,right_braid_mid,0.8944953,0.5646992,20.2835,98.27213,-5.38257,1371 1370 1368 1376,1398 1397 1396 1399
2,pasted__pasted__polySurface26Shape,1142,46,braid,right_braid_mid,0.8994329,0.5618213,20.84609,97.247,-4.7142,1370 1371 1372,1397 1398 1400
2,pasted__pasted__polySurface26Shape,1143,46,braid,right_braid_mid,0.9008884,0.5524603,22.25256,95.69075,-5.68335,1373 1369 1370 1372,1401 1395 1397 1400
2,pasted__pasted__polySurface26Shape,1144,46,braid,right_braid_mid,0.8818372,0.5429271,20.46741,95.54651,-9.76143,1362 1374 1365,1387 1402 1392
2,pasted__pasted__polySurface26Shape,1145,46,braid,right_braid_mid,0.8876134,0.5554647,20.85403,97.58369,-7.66311,1368 1366 1377 1393,1396 1391 1404 1403
2,pasted__pasted__polySurface26Shape,1146,46,braid,right_braid_mid,0.881807,0.5482952,20.28062,96.50158,-9.13218,1377 1365 1374,1404 1392 1402
2,pasted__pasted__polySurface26Shape,1147,46,braid,right_braid_mid,0.8856392,0.5489765,21.02094,96.65133,-8.83577,1377 1366 1365,1404 1391 1392
2,pasted__pasted__polySurface26Shape,1148,46,braid,right_braid_mid,0.8826901,0.5321607,20.74544,93.43231,-10.47555,1379 1378 1362,1388 1405 1387
2,pasted__pasted__polySurface26Shape,1149,46,braid,right_braid_mid,0.8806135,0.5385945,20.30954,94.68821,-10.04434,1378 1374 1362,1405 1402 1387
2,pasted__pasted__polySurface26Shape,1150,46,braid,right_braid_mid,0.900789,0.5405865,23.12891,93.81576,-7.52995,1367 1369 1373 1380,1394 1395 1401 1406
2,pasted__pasted__polySurface26Shape,1151,46,braid,right_braid_mid,0.8986185,0.5306531,23.06976,92.31152,-8.94409,1375 1367 1380,1393 1394 1406
2,pasted__pasted__polySurface26Shape,1152,46,braid,right_braid_mid,0.8887443,0.5220736,21.83118,91.16266,-10.63252,1381 1379 1363,1407 1388 1389
2,pasted__pasted__polySurface26Shape,1153,46,braid,right_braid_mid,0.8920753,0.5211065,22.31839,90.86415,-10.34629,1381 1363 1375,1407 1389 1393
2,pasted__pasted__polySurface26Shape,1154,46,braid,right_braid_mid,0.9041427,0.5418083,22.88765,93.50222,-6.86197,1382 1380 1373,1408 1406 1401
2,pasted__pasted__polySurface26Shape,1155,46,braid,right_braid_mid,0.9028801,0.5645721,19.88401,96.8689,-4.48843,1383 1372 1371,1409 1400 1398
2,pasted__pasted__polySurface26Shape,1156,46,braid,right_braid_mid,0.9116632,0.5647488,18.81669,95.50528,-5.04823,1385 1384 1383,1410 1411 1409
2,pasted__pasted__polySurface26Shape,1157,46,braid,right_braid_mid,0.9065643,0.5607017,20.25712,95.67649,-4.53442,1383 1386 1372,1409 1412 1400
2,pasted__pasted__polySurface26Shape,1158,46,braid,right_braid_mid,0.9059761,0.5530849,21.6258,94.79654,-5.18039,1372 1386 1387 1373,1400 1412 1413 1401
2,pasted__pasted__polySurface26Shape,1159,46,braid,right_braid_mid,0.9061866,0.5474496,22.34925,94.01342,-5.92233,1382 1373 1387,1408 1401 1413
2,pasted__pasted__polySurface26Shape,1160,46,braid,right_braid_mid,0.9150399,0.5635424,18.7025,95.03522,-5.64982,1385 1388 1384,1410 1414 1411
2,pasted__pasted__polySurface26Shape,1161,46,braid,right_braid_mid,0.9097538,0.554911,20.77833,94.40155,-5.16328,1386 1384 1387,1412 1411 1413
2,pasted__pasted__polySurface26Shape,1162,46,braid,right_braid_mid,0.9097366,0.5602783,19.82737,95.07331,-4.84065,1383 1384 1386,1409 1411 1412
2,pasted__pasted__polySurface26Shape,1163,46,braid,right_braid_mid,0.8912375,0.5730642,18.49072,99.36795,-5.56622,1390 1376 1389,1415 1399 1416
2,pasted__pasted__polySurface26Shape,1164,46,braid,right_braid_mid,0.8921625,0.5744813,18.20385,99.39394,-5.2888,1390 1391 1376,1415 1417 1399
2,pasted__pasted__polySurface26Shape,1165,46,braid,right_braid_mid,0.8943618,0.5713896,18.9162,98.9537,-5.01898,1391 1371 1376,1417 1398 1399
2,pasted__pasted__polySurface26Shape,1166,46,braid,right_braid_mid,0.9126078,0.5724761,17.55438,96.65915,-5.14528,1392 1385 1383,1418 1410 1409
2,pasted__pasted__polySurface26Shape,1167,46,braid,right_braid_mid,0.8911795,0.5672879,19.64359,98.84735,-5.89392,1376 1368 1389,1399 1396 1416
2,pasted__pasted__polySurface26Shape,1168,75,braid,right_braid_low,0.9976886,0.3844335,23.70503,84.12078,-6.45019,1396 1395 1394,1419 1421 1420
2,pasted__pasted__polySurface26Shape,1169,75,braid,right_braid_low,0.9961594,0.3861405,22.83581,84.7277,-6.46124,1397 1395 1396,1422 1421 1419
2,pasted__pasted__polySurface26Shape,1170,53,braid,right_braid_low,0.9786534,0.5276559,25.23806,78.07279,-11.80941,1399 1398 1400 1402,1423 1426 1425 1424
2,pasted__pasted__polySurface26Shape,1171,53,braid,right_braid_low,0.9774348,0.5324012,24.3943,77.83671,-11.68037,1399 1402 1401,1423 1424 1427
2,pasted__pasted__polySurface26Shape,1172,53,braid,right_braid_low,0.9790011,0.5386955,23.58375,78.62411,-11.08665,1401 1403 1399,1427 1428 1423
2,pasted__pasted__polySurface26Shape,1173,53,braid,right_braid_low,0.976099,0.5416066,23.06989,78.38867,-10.5811,1401 1404 1403,1427 1429 1428
2,pasted__pasted__polySurface26Shape,1174,53,braid,right_braid_low,0.97293,0.536496,23.72196,77.36649,-10.78212,1404 1401 1405,1429 1427 1430
2,pasted__pasted__polySurface26Shape,1175,53,braid,right_braid_low,0.9744523,0.5496608,22.29358,79.24275,-9.50033,1406 1403 1404 1407,1431 1428 1429 1432
2,pasted__pasted__polySurface26Shape,1176,53,braid,right_braid_low,0.9700518,0.5465362,22.5254,78.24484,-9.05133,1407 1404 1408 1411,1432 1429 1434 1433
2,pasted__pasted__polySurface26Shape,1177,53,braid,right_braid_low,0.9760686,0.5169784,26.76972,78.09685,-11.25758,1400 1410 1409,1425 1436 1435
2,pasted__pasted__polySurface26Shape,1178,53,braid,right_braid_low,0.9669475,0.5540205,22.12238,79.44821,-7.84187,1407 1411 1412 1416,1432 1433 1438 1437
2,pasted__pasted__polySurface26Shape,1179,53,braid,right_braid_low,0.9575658,0.5643701,23.08814,82.06173,-6.98326,1414 1413 1415 1417,1439 1442 1441 1440
2,pasted__pasted__polySurface26Shape,1180,53,braid,right_braid_low,0.9623705,0.560079,22.38793,80.84043,-7.08326,1413 1414 1416 1412,1442 1439 1437 1438
2,pasted__pasted__polySurface26Shape,1181,53,braid,right_braid_low,0.9733833,0.5317862,24.48058,77.07636,-11.44222,1405 1401 1402,1430 1427 1424
2,pasted__pasted__polySurface26Shape,1182,53,braid,right_braid_low,0.969472,0.5581325,21.84598,80.40215,-8.23647,1407 1416 1418 1406,1432 1437 1443 1431
2,pasted__pasted__polySurface26Shape,1183,53,braid,right_braid_low,0.9641188,0.563621,22.00054,81.545,-7.43721,1416 1414 1418,1437 1439 1443
2,pasted__pasted__polySurface26Shape,1184,53,braid,right_braid_low,0.9534802,0.5351587,26.03031,77.11253,-8.17813,1419 1421 1420 1422,1444 1447 1446 1445
2,pasted__pasted__polySurface26Shape,1185,53,braid,right_braid_low,0.9621324,0.5373493,24.67305,76.42718,-8.62138,1423 1425 1424 1426,1448 1451 1450 1449
2,pasted__pasted__polySurface26Shape,1186,53,braid,right_braid_low,0.95781,0.5366767,25.40305,76.60175,-8.12549,1419 1426 1424 1421,1444 1449 1450 1447
2,pasted__pasted__polySurface26Shape,1187,53,braid,right_braid_low,0.9659502,0.5388038,23.88877,76.73346,-9.16292,1408 1425 1423,1434 1451 1448
2,pasted__pasted__polySurface26Shape,1188,53,braid,right_braid_low,0.9660211,0.5449431,23.03859,77.5953,-8.38376,1423 1427 1411 1408,1448 1452 1433 1434
2,pasted__pasted__polySurface26Shape,1189,53,braid,right_braid_low,0.9649924,0.5504191,22.54782,78.55892,-7.5966,1427 1412 1411,1452 1438 1433
2,pasted__pasted__polySurface26Shape,1190,53,braid,right_braid_low,0.961247,0.5553132,22.90308,79.75174,-6.84669,1428 1413 1412,1453 1442 1438
2,pasted__pasted__polySurface26Shape,1191,53,braid,right_braid_low,0.9535446,0.5505716,24.89709,79.20731,-6.99996,1431 1430 1429,1454 1456 1455
2,pasted__pasted__polySurface26Shape,1192,53,braid,right_braid_low,0.9531369,0.543533,25.42087,78.05352,-7.4352,1422 1430 1431 1419,1445 1456 1454 1444
2,pasted__pasted__polySurface26Shape,1193,53,braid,right_braid_low,0.9570318,0.5577526,23.67645,80.56156,-6.80125,1413 1428 1429 1415,1442 1453 1455 1441
2,pasted__pasted__polySurface26Shape,1194,53,braid,right_braid_low,0.9576851,0.5435188,24.73032,77.50209,-7.32227,1432 1426 1419 1431,1457 1449 1444 1454
2,pasted__pasted__polySurface26Shape,1195,53,braid,right_braid_low,0.9572216,0.5508309,24.17887,78.92868,-6.8563,1431 1429 1428 1432,1454 1455 1453 1457
2,pasted__pasted__polySurface26Shape,1196,53,braid,right_braid_low,0.961889,0.5506273,23.16089,78.60336,-7.08216,1428 1412 1427 1432,1453 1438 1452 1457
2,pasted__pasted__polySurface26Shape,1197,53,braid,right_braid_low,0.9619113,0.54418,23.83837,77.33391,-7.67357,1427 1423 1426 1432,1452 1448 1449 1457
2,pasted__pasted__polySurface26Shape,1198,53,braid,right_braid_low,0.979041,0.5205514,26.18492,78.33113,-11.44837,1400 1398 1410,1425 1426 1436
2,pasted__pasted__polySurface26Shape,1199,53,braid,right_braid_low,0.9703718,0.5221254,26.28803,77.07578,-11.52395,1433 1402 1400,1458 1424 1425
2,pasted__pasted__polySurface26Shape,1200,53,braid,right_braid_low,0.9697025,0.51719,27.07399,77.31934,-11.19935,1433 1400 1409,1458 1425 1435
2,pasted__pasted__polySurface26Shape,1201,53,braid,right_braid_low,0.9680432,0.5249124,25.83799,76.59186,-11.12709,1433 1405 1402,1458 1430 1424
2,pasted__pasted__polySurface26Shape,1202,53,braid,right_braid_low,0.9560651,0.5255519,26.81589,76.59062,-9.20713,1433 1420 1421,1458 1446 1447
2,pasted__pasted__polySurface26Shape,1203,53,braid,right_braid_low,0.9614652,0.5275163,26.02411,76.16955,-9.57464,1433 1424 1425,1458 1450 1451
2,pasted__pasted__polySurface26Shape,1204,53,braid,right_braid_low,0.9585751,0.5271862,26.43119,76.28788,-9.17899,1433 1421 1424,1458 1447 1450
2,pasted__pasted__polySurface26Shape,1205,53,braid,right_braid_low,0.9647615,0.5267252,25.7512,76.27024,-10.31432,1433 1425 1405,1458 1451 1430
2,pasted__pasted__polySurface26Shape,1206,53,braid,right_braid_low,0.9691598,0.5375876,23.8057,76.97088,-9.97156,1408 1404 1405 1425,1434 1429 1430 1451
2,pasted__pasted__polySurface26Shape,1207,19,braid,right_braid_top,0.8193453,0.8233945,13.2511,110.75511,-9.39281,1434 1436 1435 1437,1459 1462 1461 1460
2,pasted__pasted__polySurface26Shape,1208,19,braid,right_braid_top,0.818659,0.8136773,11.9459,110.48567,-9.91723,1434 1438 1436,1459 1463 1462
2,pasted__pasted__polySurface26Shape,1209,19,braid,right_braid_top,0.8197148,0.8046212,10.74686,109.95659,-9.8695,1438 1434 1439 1440,1463 1459 1465 1464
2,pasted__pasted__polySurface26Shape,1210,19,braid,right_braid_top,0.814198,0.8016393,10.1698,110.35794,-9.70043,1440 1442 1441 1438,1464 1467 1466 1463
2,pasted__pasted__polySurface26Shape,1211,19,braid,right_braid_top,0.8151865,0.7929864,9.30495,109.9536,-9.35934,1440 1443 1442,1464 1468 1467
2,pasted__pasted__polySurface26Shape,1212,19,braid,right_braid_top,0.8195354,0.7917431,9.38074,109.5377,-9.24293,1445 1443 1440 1439,1469 1468 1464 1465
2,pasted__pasted__polySurface26Shape,1213,19,braid,right_braid_top,0.81954,0.7808411,8.70923,109.33992,-8.04205,1445 1446 1444 1443,1469 1471 1470 1468
2,pasted__pasted__polySurface26Shape,1214,19,braid,right_braid_top,0.8196228,0.7709743,8.77022,109.35317,-6.6235,1444 1446 1447 1448,1470 1471 1473 1472
2,pasted__pasted__polySurface26Shape,1215,19,braid,right_braid_top,0.8195474,0.7595258,9.55089,109.65678,-5.2863,1447 1452 1450 1448,1473 1475 1474 1472
2,pasted__pasted__polySurface26Shape,1216,19,braid,right_braid_top,0.819935,0.7508489,10.61759,110.02635,-4.52951,1453 1450 1452,1476 1474 1475
2,pasted__pasted__polySurface26Shape,1217,19,braid,right_braid_top,0.8159656,0.8795008,11.92917,110.74016,-4.19262,1455 1454 1451,1477 1479 1478
2,pasted__pasted__polySurface26Shape,1218,19,braid,right_braid_top,0.8144598,0.876432,12.23166,111.13332,-4.27416,1454 1456 1451,1479 1480 1478
2,pasted__pasted__polySurface26Shape,1219,19,braid,right_braid_top,0.8154996,0.8678634,13.36099,111.36289,-4.6942,1457 1458 1456 1454,1481 1482 1480 1479
2,pasted__pasted__polySurface26Shape,1220,19,braid,right_braid_top,0.8158427,0.8571132,14.42706,111.5843,-5.5783,1458 1457 1459 1460,1482 1481 1484 1483
2,pasted__pasted__polySurface26Shape,1221,19,braid,right_braid_top,0.8159441,0.8481156,14.85737,111.66136,-6.6607,1459 1461 1460,1484 1485 1483
2,pasted__pasted__polySurface26Shape,1222,19,braid,right_braid_top,0.8134577,0.8444105,14.73103,111.96723,-7.2058,1462 1460 1461,1486 1483 1485
2,pasted__pasted__polySurface26Shape,1223,19,braid,right_braid_top,0.8138025,0.8353575,14.31676,111.84772,-8.37867,1461 1435 1463 1462,1485 1461 1487 1486
2,pasted__pasted__polySurface26Shape,1224,19,braid,right_braid_top,0.8138038,0.8242299,13.18753,111.51766,-9.3455,1463 1435 1436 1464,1487 1461 1462 1488
2,pasted__pasted__polySurface26Shape,1225,19,braid,right_braid_top,0.8140362,0.8124422,11.5906,110.97174,-9.70223,1464 1436 1438 1441,1488 1462 1463 1466
2,pasted__pasted__polySurface26Shape,1226,19,braid,right_braid_top,0.8186828,0.8356626,14.48897,111.19989,-8.31615,1461 1465 1437 1435,1485 1489 1460 1461
2,pasted__pasted__polySurface26Shape,1227,19,braid,right_braid_top,0.8187311,0.8446114,14.90403,111.33075,-7.1495,1459 1465 1461,1484 1489 1485
2,pasted__pasted__polySurface26Shape,1228,19,braid,right_braid_top,0.8178423,0.7481662,10.89141,110.59465,-4.30553,1453 1451 1624 1450,1476 1491 1490 1474
2,pasted__pasted__polySurface26Shape,1229,18,braid,right_braid_top,0.7984301,0.8657858,19.00339,105.41143,-7.47957,1469 1471 1470 1472,1492 1495 1494 1493
2,pasted__pasted__polySurface26Shape,1230,18,braid,right_braid_top,0.7961802,0.8505664,18.9198,106.61817,-6.1808,1471 1469 1473 1474,1495 1492 1497 1496
2,pasted__pasted__polySurface26Shape,1231,18,braid,right_braid_top,0.7939188,0.8174679,17.39111,108.27716,-4.40404,1475 1477 1476 1478,1498 1501 1500 1499
2,pasted__pasted__polySurface26Shape,1232,18,braid,right_braid_top,0.8014237,0.8812372,18.07189,102.69391,-9.43987,1468 1480 1479 1467,1502 1505 1504 1503
2,pasted__pasted__polySurface26Shape,1233,18,braid,right_braid_top,0.800377,0.876562,18.60043,103.93745,-8.68654,1472 1470 1479 1480,1493 1494 1504 1505
2,pasted__pasted__polySurface26Shape,1234,18,braid,right_braid_top,0.7942052,0.8003299,16.37355,108.95684,-3.99759,1477 1475 1481 1482,1501 1498 1507 1506
2,pasted__pasted__polySurface26Shape,1235,18,braid,right_braid_top,0.7949954,0.7818528,15.20118,109.5541,-3.85157,1483 1484 1482 1481,1508 1509 1506 1507
2,pasted__pasted__polySurface26Shape,1236,18,braid,right_braid_top,0.7945833,0.8341756,18.3248,107.52525,-5.12342,1478 1476 1474 1473,1499 1500 1496 1497
2,pasted__pasted__polySurface26Shape,1237,18,braid,right_braid_top,0.7960222,0.7631449,13.89049,110.14122,-3.88826,1484 1483 1485 1486,1509 1508 1511 1510
2,pasted__pasted__polySurface26Shape,1238,18,braid,right_braid_top,0.7983854,0.7524223,13.1232,110.59161,-4.04604,1487 1486 1485,1512 1510 1511
2,pasted__pasted__polySurface26Shape,1239,18,braid,right_braid_top,0.7949229,0.7459363,12.49927,110.42365,-4.05603,1487 1488 1486,1512 1513 1510
2,pasted__pasted__polySurface26Shape,1240,23,braid,right_braid_top,0.8687817,0.7491361,10.56996,109.29088,-4.74642,1491 1490 1489,1514 1516 1515
2,pasted__pasted__polySurface26Shape,1241,23,braid,right_braid_top,0.8680363,0.75955,10.11805,108.4661,-4.99265,1492 1491 1489 1493,1517 1514 1515 1518
2,pasted__pasted__polySurface26Shape,1242,23,braid,right_braid_top,0.8718728,0.7736351,9.6674,107.32709,-5.09756,1494 1496 1495 1492,1519 1521 1520 1517
2,pasted__pasted__polySurface26Shape,1243,23,braid,right_braid_top,0.8659843,0.8028781,9.08249,105.27825,-6.60141,1497 1499 1498 1500,1522 1525 1524 1523
2,pasted__pasted__polySurface26Shape,1244,23,braid,right_braid_top,0.8734838,0.8326731,9.72963,103.02888,-7.74255,1501 1503 1502 1504,1526 1529 1528 1527
2,pasted__pasted__polySurface26Shape,1245,23,braid,right_braid_top,0.8674513,0.8466199,10.60204,102.82026,-8.58863,1503 1506 1505 1507,1529 1532 1531 1530
2,pasted__pasted__polySurface26Shape,1246,23,braid,right_braid_top,0.8665984,0.7885334,9.28492,106.38009,-5.94358,1497 1494 1508 1499,1522 1519 1533 1525
2,pasted__pasted__polySurface26Shape,1247,23,braid,right_braid_top,0.8712902,0.7595226,10.14796,108.38546,-4.76536,1495 1509 1491 1492,1520 1534 1514 1517
2,pasted__pasted__polySurface26Shape,1248,23,braid,right_braid_top,0.8673296,0.7737496,9.63424,107.45246,-5.40072,1493 1508 1494 1492,1518 1533 1519 1517
2,pasted__pasted__polySurface26Shape,1249,23,braid,right_braid_top,0.8728692,0.8031451,9.02962,104.94709,-6.15595,1500 1511 1510 1497,1523 1536 1535 1522
2,pasted__pasted__polySurface26Shape,1250,23,braid,right_braid_top,0.8748225,0.8131009,9.00559,104.0219,-6.5605,1512 1511 1500,1537 1536 1523
2,pasted__pasted__polySurface26Shape,1251,23,braid,right_braid_top,0.8664449,0.8319905,9.77601,103.47775,-8.056,1513 1506 1503 1501,1538 1532 1529 1526
2,pasted__pasted__polySurface26Shape,1252,23,braid,right_braid_top,0.8708914,0.8588606,11.39227,102.19606,-8.78899,1515 1514 1507,1539 1540 1530
2,pasted__pasted__polySurface26Shape,1253,23,braid,right_braid_top,0.8722915,0.8471471,10.5942,102.52258,-8.3721,1514 1502 1503 1507,1540 1528 1529 1530
2,pasted__pasted__polySurface26Shape,1254,23,braid,right_braid_top,0.8722411,0.7883455,9.28408,106.19942,-5.55489,1497 1510 1496 1494,1522 1535 1521 1519
2,pasted__pasted__polySurface26Shape,1255,23,braid,right_braid_top,0.8704681,0.7492841,10.58351,109.24054,-4.62683,1491 1509 1490,1514 1534 1516
2,pasted__pasted__polySurface26Shape,1256,23,braid,right_braid_top,0.8685056,0.8583688,11.3718,102.34533,-8.90233,1515 1507 1505,1539 1530 1531
2,pasted__pasted__polySurface26Shape,1257,23,braid,right_braid_top,0.8658367,0.816769,9.19325,104.30671,-7.33234,1498 1513 1501 1500,1524 1538 1526 1523
2,pasted__pasted__polySurface26Shape,1258,23,braid,right_braid_top,0.8723431,0.8174957,9.05913,103.87631,-7.00929,1500 1501 1512,1523 1526 1537
2,pasted__pasted__polySurface26Shape,1259,23,braid,right_braid_top,0.875221,0.8226936,9.25307,103.39311,-7.12753,1501 1504 1512,1526 1527 1537
2,pasted__pasted__polySurface26Shape,1260,3,braid,right_braid_top,0.8762832,0.9159111,14.23301,103.87321,-11.25985,1517 1516 1518 1519,1541 1544 1543 1542
2,pasted__pasted__polySurface26Shape,1261,3,braid,right_braid_top,0.8606749,0.9358678,11.55331,105.07698,-11.00689,1521 1520 1522 1517,1545 1547 1546 1541
2,pasted__pasted__polySurface26Shape,1262,3,braid,right_braid_top,0.8758723,0.9381379,13.00579,106.14593,-11.2683,1522 1523 1516 1517,1546 1548 1544 1541
2,pasted__pasted__polySurface26Shape,1263,3,braid,right_braid_top,0.8777896,0.8917335,15.41771,101.83401,-10.48072,1518 1525 1524 1519,1543 1550 1549 1542
2,pasted__pasted__polySurface26Shape,1264,3,braid,right_braid_top,0.8924774,0.9156561,15.8323,104.62578,-10.93185,1516 1527 1526 1518,1544 1552 1551 1543
2,pasted__pasted__polySurface26Shape,1265,3,braid,right_braid_top,0.8932302,0.9380234,14.78946,107.00783,-10.85359,1527 1516 1523 1528,1552 1544 1548 1553
2,pasted__pasted__polySurface26Shape,1266,3,braid,right_braid_top,0.8410423,0.9481474,9.54498,105.58131,-9.25641,1520 1530 1529 1539,1547 1556 1555 1554
2,pasted__pasted__polySurface26Shape,1267,3,braid,right_braid_top,0.8617957,0.9119382,13.11112,102.89899,-10.80556,1519 1531 1521 1517,1542 1557 1545 1541
2,pasted__pasted__polySurface26Shape,1268,3,braid,right_braid_top,0.8466573,0.930758,10.77711,103.94794,-9.9643,1521 1532 1530 1520,1545 1558 1556 1547
2,pasted__pasted__polySurface26Shape,1269,3,braid,right_braid_top,0.9092884,0.9141778,17.41751,105.13371,-9.94659,1526 1527 1533 1546,1551 1552 1560 1559
2,pasted__pasted__polySurface26Shape,1270,3,braid,right_braid_top,0.9128109,0.9357761,16.77557,107.60675,-9.63465,1533 1527 1528 1534,1560 1552 1553 1561
2,pasted__pasted__polySurface26Shape,1271,3,braid,right_braid_top,0.9028364,0.8956834,17.29175,103.10522,-9.89948,1536 1535 1526 1546,1562 1563 1551 1559
2,pasted__pasted__polySurface26Shape,1272,3,braid,right_braid_top,0.874805,0.9633763,11.74262,108.50053,-10.4255,1537 1434 1523 1522,1564 1565 1548 1546
2,pasted__pasted__polySurface26Shape,1273,3,braid,right_braid_top,0.8548666,0.9677629,9.95457,108.08431,-9.77118,1539 1538 1537 1522,1554 1566 1564 1546
2,pasted__pasted__polySurface26Shape,1274,3,braid,right_braid_top,0.896287,0.9614454,13.69849,109.2595,-9.99345,1540 1528 1523 1434,1567 1553 1548 1565
2,pasted__pasted__polySurface26Shape,1275,3,braid,right_braid_top,0.8363798,0.9739749,8.91056,108.13275,-8.2711,1541 1542 1538 1539,1568 1569 1566 1554
2,pasted__pasted__polySurface26Shape,1276,3,braid,right_braid_top,0.9173594,0.957056,15.58868,109.77921,-8.79226,1528 1540 1543 1534,1553 1567 1570 1561
2,pasted__pasted__polySurface26Shape,1277,3,braid,right_braid_top,0.9158313,0.9005482,17.81643,103.83376,-9.09331,1546 1545 1544,1559 1572 1571
2,pasted__pasted__polySurface26Shape,1278,3,braid,right_braid_top,0.9283832,0.9357013,17.96138,108.13221,-8.13845,1534 1547 1533,1561 1573 1560
2,pasted__pasted__polySurface26Shape,1279,3,braid,right_braid_top,0.9346098,0.9514278,16.87082,109.79474,-7.15478,1547 1534 1543 1548,1573 1561 1570 1574
2,pasted__pasted__polySurface26Shape,1280,3,braid,right_braid_top,0.9234004,0.9118937,18.29244,105.20266,-8.57388,1533 1549 1545 1546,1560 1575 1572 1559
2,pasted__pasted__polySurface26Shape,1281,3,braid,right_braid_top,0.9613267,0.9458822,16.36151,108.7551,-4.33134,1550 1552 1551 1553,1576 1579 1578 1577
2,pasted__pasted__polySurface26Shape,1282,3,braid,right_braid_top,0.8649008,0.8920497,14.44685,101.39335,-10.25469,1524 1531 1519,1549 1557 1542
2,pasted__pasted__polySurface26Shape,1283,3,braid,right_braid_top,0.8510099,0.9117812,12.27375,102.46316,-10.0785,1531 1532 1521,1557 1558 1545
2,pasted__pasted__polySurface26Shape,1284,3,braid,right_braid_top,0.844985,0.9037782,12.53532,101.76161,-9.36924,1531 1554 1532,1557 1580 1558
2,pasted__pasted__polySurface26Shape,1285,3,braid,right_braid_top,0.8910843,0.8928761,16.50829,102.47989,-10.30873,1518 1526 1535 1525,1543 1551 1563 1550
2,pasted__pasted__polySurface26Shape,1286,3,braid,right_braid_top,0.8206641,0.9619829,9.01603,106.7772,-6.89631,1556 1555 1541 1529,1581 1582 1568 1555
2,pasted__pasted__polySurface26Shape,1287,3,braid,right_braid_top,0.8356791,0.9215771,10.99567,102.9492,-8.73004,1557 1530 1532 1554,1583 1556 1558 1580
2,pasted__pasted__polySurface26Shape,1288,3,braid,right_braid_top,0.8544035,0.9511253,10.24124,106.43641,-10.36839,1522 1520 1539,1546 1547 1554
2,pasted__pasted__polySurface26Shape,1289,3,braid,right_braid_top,0.9546589,0.9340854,17.42756,107.7164,-5.07109,1558 1552 1550 1578,1584 1579 1576 1585
2,pasted__pasted__polySurface26Shape,1290,3,braid,right_braid_top,0.9508861,0.9522521,16.77127,109.89576,-5.00158,1548 1551 1552,1574 1578 1579
2,pasted__pasted__polySurface26Shape,1291,3,braid,right_braid_top,0.9448985,0.9470863,17.36614,109.43995,-5.83479,1548 1552 1547,1574 1579 1573
2,pasted__pasted__polySurface26Shape,1292,3,braid,right_braid_top,0.944873,0.9382778,18.06592,108.50499,-5.85689,1552 1558 1547,1579 1584 1573
2,pasted__pasted__polySurface26Shape,1293,3,braid,right_braid_top,0.935766,0.9284999,18.51568,107.3103,-7.21447,1549 1533 1547 1558,1575 1560 1573 1584
2,pasted__pasted__polySurface26Shape,1294,3,braid,right_braid_top,0.8150606,0.9371878,10.41896,104.43885,-6.67108,1559 1557 1560 1561,1586 1583 1588 1587
2,pasted__pasted__polySurface26Shape,1295,3,braid,right_braid_top,0.8074125,0.9280158,11.54541,104.15846,-6.32104,1562 1561 1560,1589 1587 1588
2,pasted__pasted__polySurface26Shape,1296,3,braid,right_braid_top,0.7917498,0.9352729,12.17121,105.49697,-5.77729,1564 1563 1561,1590 1591 1587
2,pasted__pasted__polySurface26Shape,1297,3,braid,right_braid_top,0.7997961,0.9265808,12.16061,104.50819,-6.12941,1562 1564 1561,1589 1590 1587
2,pasted__pasted__polySurface26Shape,1298,3,braid,right_braid_top,0.8010865,0.9616692,10.18242,107.07342,-5.34888,1565 1555 1561,1592 1582 1587
2,pasted__pasted__polySurface26Shape,1299,3,braid,right_braid_top,0.8081572,0.9584332,9.75777,106.59253,-5.80453,1555 1556 1561,1582 1581 1587
2,pasted__pasted__polySurface26Shape,1300,3,braid,right_braid_top,0.7873373,0.9496305,11.77472,106.63109,-5.21166,1566 1561 1563,1593 1587 1591
2,pasted__pasted__polySurface26Shape,1301,3,braid,right_braid_top,0.8254976,0.9160897,11.56155,102.71423,-7.70224,1557 1554 1567 1560,1583 1580 1594 1588
2,pasted__pasted__polySurface26Shape,1302,3,braid,right_braid_top,0.8149276,0.9145923,12.03442,102.97944,-7.02563,1567 1562 1560,1594 1589 1588
2,pasted__pasted__polySurface26Shape,1303,3,braid,right_braid_top,0.9519423,0.9636295,15.5679,110.66245,-5.13906,1568 1551 1548 1572,1595 1578 1574 1596
2,pasted__pasted__polySurface26Shape,1304,3,braid,right_braid_top,0.9671518,0.9590653,14.91003,109.61363,-4.03441,1569 1553 1551 1568,1597 1577 1578 1595
2,pasted__pasted__polySurface26Shape,1305,3,braid,right_braid_top,0.7873858,0.9731154,10.88285,108.45463,-4.71967,1570 1565 1566,1598 1592 1593
2,pasted__pasted__polySurface26Shape,1306,3,braid,right_braid_top,0.9341037,0.9696136,15.23645,111.05063,-7.09411,1572 1543 1571,1596 1570 1599
2,pasted__pasted__polySurface26Shape,1307,3,braid,right_braid_top,0.9229855,0.969288,14.97396,110.84318,-8.03232,1571 1543 1540,1599 1570 1567
2,pasted__pasted__polySurface26Shape,1308,3,braid,right_braid_top,0.7973944,0.9806166,9.99623,108.85366,-5.17431,1573 1565 1570,1600 1592 1598
2,pasted__pasted__polySurface26Shape,1309,3,braid,right_braid_top,0.8182849,0.9777226,8.92496,108.332,-6.60027,1555 1573 1542 1541,1582 1600 1569 1568
2,pasted__pasted__polySurface26Shape,1310,3,braid,right_braid_top,0.9782869,0.9761409,12.6853,110.16374,-4.03699,1575 1574 1569,1601 1602 1597
2,pasted__pasted__polySurface26Shape,1311,3,braid,right_braid_top,0.9676779,0.9723035,13.79383,110.55845,-4.3117,1575 1569 1568 1576,1601 1597 1595 1603
2,pasted__pasted__polySurface26Shape,1312,3,braid,right_braid_top,0.9549399,0.9724932,14.56786,111.09744,-5.14317,1572 1576 1568,1596 1603 1595
2,pasted__pasted__polySurface26Shape,1313,3,braid,right_braid_top,0.7909321,0.9595298,11.05268,107.169,-4.93905,1566 1565 1561,1593 1592 1587
2,pasted__pasted__polySurface26Shape,1314,3,braid,right_braid_top,0.8039186,0.974991,9.62421,108.22482,-5.49129,1573 1555 1565,1600 1582 1592
2,pasted__pasted__polySurface26Shape,1315,3,braid,right_braid_top,0.9402818,0.9652233,15.71147,110.92938,-6.4584,1572 1548 1543,1596 1574 1570
2,pasted__pasted__polySurface26Shape,1316,3,braid,right_braid_top,0.8279687,0.9409812,9.63963,104.5581,-7.86765,1530 1557 1559 1529,1556 1583 1586 1555
2,pasted__pasted__polySurface26Shape,1317,3,braid,right_braid_top,0.8349805,0.960122,8.93989,106.72721,-8.40299,1529 1541 1539,1555 1568 1554
2,pasted__pasted__polySurface26Shape,1318,3,braid,right_braid_top,0.8116761,0.9496532,9.86167,105.64243,-6.18156,1561 1556 1559,1587 1581 1586
2,pasted__pasted__polySurface26Shape,1319,3,braid,right_braid_top,0.8219208,0.951207,9.26103,105.62194,-7.07728,1529 1559 1556,1555 1586 1581
2,pasted__pasted__polySurface26Shape,1320,3,braid,right_braid_top,0.9328774,0.9110564,18.36689,105.21089,-7.53306,1549 1577 1545,1575 1604 1572
2,pasted__pasted__polySurface26Shape,1321,3,braid,right_braid_top,0.9099336,0.8970991,17.62552,103.41609,-9.48056,1544 1536 1546,1571 1562 1559
2,pasted__pasted__polySurface26Shape,1322,3,braid,right_braid_top,0.944679,0.9217669,18.23189,106.45135,-6.26836,1578 1577 1549 1558,1585 1604 1575 1584
2,pasted__pasted__polySurface26Shape,1323,68,braid,right_braid_top,0.9127568,0.4398464,15.61854,105.25558,-4.67426,1581 1580 1579,1605 1607 1606
2,pasted__pasted__polySurface26Shape,1324,68,braid,right_braid_top,0.9154713,0.4526609,14.01646,106.01073,-4.67629,1580 1581 1582 1585,1607 1605 1609 1608
2,pasted__pasted__polySurface26Shape,1325,68,braid,right_braid_top,0.9066768,0.4394484,16.38024,105.96669,-4.3809,1583 1581 1579 1590,1610 1605 1606 1611
2,pasted__pasted__polySurface26Shape,1326,68,braid,right_braid_top,0.9063781,0.4516581,14.76292,106.83929,-3.83768,1584 1582 1581 1583,1612 1609 1605 1610
2,pasted__pasted__polySurface26Shape,1327,68,braid,right_braid_top,0.9068806,0.4640191,13.13774,107.75886,-3.9576,1582 1584 1586 1587,1609 1612 1614 1613
2,pasted__pasted__polySurface26Shape,1328,68,braid,right_braid_top,0.9056067,0.4758351,12.0681,108.97212,-4.14827,1586 1588 1587,1614 1615 1613
2,pasted__pasted__polySurface26Shape,1329,68,braid,right_braid_top,0.9158632,0.4649029,12.6621,106.99268,-4.75923,1587 1585 1582,1613 1608 1609
2,pasted__pasted__polySurface26Shape,1330,68,braid,right_braid_top,0.9091168,0.481807,11.24303,109.30535,-4.49011,1587 1588 1589,1613 1615 1616
2,pasted__pasted__polySurface26Shape,1331,68,braid,right_braid_top,0.9069557,0.4282343,17.63072,105.18974,-5.40065,1592 1591 1590 1579,1617 1618 1611 1606
2,pasted__pasted__polySurface26Shape,1332,68,braid,right_braid_top,0.9057173,0.4083014,18.46444,103.95801,-7.86587,1595 1594 1593 1597,1619 1622 1621 1620
2,pasted__pasted__polySurface26Shape,1333,68,braid,right_braid_top,0.904865,0.41599,18.50096,104.65352,-7.04132,1596 1597 1593,1623 1620 1621
2,pasted__pasted__polySurface26Shape,1334,68,braid,right_braid_top,0.9021572,0.3804522,17.35366,101.05131,-9.72792,1599 1598 1466,1624 1626 1625
2,pasted__pasted__polySurface26Shape,1335,68,braid,right_braid_top,0.9037664,0.3860218,17.64683,101.80611,-9.69444,1466 1468 1467 1599,1625 1628 1627 1624
2,pasted__pasted__polySurface26Shape,1336,68,braid,right_braid_top,0.9052754,0.3994706,18.39128,103.31928,-8.81495,1594 1595 1479 1600,1622 1619 1630 1629
2,pasted__pasted__polySurface26Shape,1337,68,braid,right_braid_top,0.9049185,0.3928112,18.07975,102.64887,-9.38873,1600 1479 1467 1468,1629 1630 1627 1628
2,pasted__pasted__polySurface26Shape,1338,68,braid,right_braid_top,0.9053086,0.4225371,18.24268,105.0535,-6.19163,1591 1592 1596,1618 1617 1623
2,pasted__pasted__polySurface26Shape,1339,68,braid,right_braid_top,0.9078021,0.4193641,18.33221,104.51705,-6.45075,1592 1597 1596,1617 1620 1623
2,pasted__pasted__polySurface26Shape,1340,69,braid,right_braid_top,0.9384058,0.4418796,16.80481,106.78051,-4.45061,1602 1601 1603 1619,1631 1634 1633 1632
2,pasted__pasted__polySurface26Shape,1341,69,braid,right_braid_top,0.9391366,0.4534988,15.49785,107.59191,-3.79041,1601 1602 1604 1605,1634 1631 1636 1635
2,pasted__pasted__polySurface26Shape,1342,69,braid,right_braid_top,0.9389488,0.4654057,13.97835,108.46404,-3.66347,1605 1604 1606 1607,1635 1636 1638 1637
2,pasted__pasted__polySurface26Shape,1343,69,braid,right_braid_top,0.9376528,0.4763993,12.64091,109.40346,-3.86105,1606 1608 1607,1638 1639 1637
2,pasted__pasted__polySurface26Shape,1344,69,braid,right_braid_top,0.9371123,0.4007034,18.07451,103.74034,-8.91737,1609 1611 1610 1612,1640 1643 1642 1641
2,pasted__pasted__polySurface26Shape,1345,69,braid,right_braid_top,0.9370692,0.4129477,18.33212,104.88124,-7.46722,1613 1610 1614 1620,1644 1642 1646 1645
2,pasted__pasted__polySurface26Shape,1346,69,braid,right_braid_top,0.9397346,0.376292,17.00187,101.05036,-9.78143,1598 1615 1466,1647 1649 1648
2,pasted__pasted__polySurface26Shape,1347,69,braid,right_braid_top,0.9371601,0.394232,17.76686,103.08146,-9.53687,1468 1616 1611 1609,1650 1651 1643 1640
2,pasted__pasted__polySurface26Shape,1348,69,braid,right_braid_top,0.9373684,0.3826149,17.10319,101.82251,-9.85008,1617 1468 1466 1615,1652 1650 1648 1649
2,pasted__pasted__polySurface26Shape,1349,69,braid,right_braid_top,0.9366564,0.3882441,17.34,102.46486,-9.84982,1617 1616 1468,1652 1651 1650
2,pasted__pasted__polySurface26Shape,1350,69,braid,right_braid_top,0.937486,0.4290025,17.7995,105.95694,-5.66519,1619 1603 1618 1614,1632 1633 1653 1646
2,pasted__pasted__polySurface26Shape,1351,69,braid,right_braid_top,0.9377591,0.4209239,18.33352,105.48595,-6.49335,1620 1614 1618,1645 1646 1653
2,pasted__pasted__polySurface26Shape,1352,69,braid,right_braid_top,0.9374479,0.4061783,18.27901,104.24466,-8.28892,1613 1612 1610,1644 1641 1642
2,pasted__pasted__polySurface26Shape,1353,67,braid,right_braid_top,0.9863006,0.4856034,11.78419,111.72784,-4.76612,1625 1621 1449,1654 1656 1655
2,pasted__pasted__polySurface26Shape,1354,67,braid,right_braid_top,0.9858922,0.4750161,12.56501,112.03308,-5.13647,1622 1621 1625,1657 1656 1654
2,pasted__pasted__polySurface26Shape,1355,67,braid,right_braid_top,0.9865565,0.443931,14.60896,112.1868,-6.67052,1460 1462 1623,1658 1660 1659
2,pasted__pasted__polySurface26Shape,1356,67,braid,right_braid_top,0.987843,0.4565395,14.17224,112.11483,-5.71903,1460 1623 1622 1458,1658 1659 1657 1661
2,pasted__pasted__polySurface26Shape,1357,19,braid,right_braid_top,0.8162915,0.7463567,11.08862,111.09685,-4.24892,1449 1624 1451,1662 1490 1491
2,pasted__pasted__polySurface26Shape,1358,67,braid,right_braid_top,0.9901127,0.4714485,13.04152,111.86312,-4.96679,1458 1622 1625 1456,1661 1657 1654 1663
2,pasted__pasted__polySurface26Shape,1359,67,braid,right_braid_top,0.9899592,0.4884429,11.80457,111.44373,-4.42776,1456 1625 1449 1451,1663 1654 1655 1664
2,pasted__pasted__polySurface26Shape,1360,3,braid,right_braid_mid,0.8817841,0.875588,16.32326,100.7718,-9.82888,1525 1626 1524,1550 1665 1549
2,pasted__pasted__polySurface26Shape,1361,3,braid,right_braid_top,0.7875516,0.9230253,13.20339,104.94767,-6.04129,1564 1627 1628 1563,1590 1667 1666 1591
2,pasted__pasted__polySurface26Shape,1362,3,braid,right_braid_top,0.7969026,0.9141433,13.11996,103.87394,-6.41721,1562 1627 1564,1589 1667 1590
2,pasted__pasted__polySurface26Shape,1363,68,braid,right_braid_top,0.9236242,0.4526318,13.66157,105.43752,-5.48192,1585 1628 1580,1608 1668 1607
2,pasted__pasted__polySurface26Shape,1364,74,braid,right_braid_mid,0.991418,0.3880303,16.82957,100.69812,-9.70546,1598 1629 1615,1669 1671 1670
2,pasted__pasted__polySurface26Shape,1365,52,braid,right_braid_low,0.9216518,0.5333993,28.8687,79.79612,-9.04992,1630 1632 1631 1638,1672 1675 1674 1673
2,pasted__pasted__polySurface26Shape,1366,52,braid,right_braid_low,0.9211451,0.5397948,28.50581,80.83655,-8.3381,1633 1631 1632,1676 1674 1675
2,pasted__pasted__polySurface26Shape,1367,52,braid,right_braid_low,0.932898,0.539244,28.03325,79.1913,-6.6004,1634 1636 1635 1637,1677 1680 1679 1678
2,pasted__pasted__polySurface26Shape,1368,52,braid,right_braid_low,0.927625,0.532691,29.06039,78.86731,-8.29028,1636 1639 1638 1631,1680 1681 1673 1674
2,pasted__pasted__polySurface26Shape,1369,52,braid,right_braid_low,0.9420843,0.5389461,26.3925,78.54634,-6.98879,1640 1642 1641 1637,1682 1684 1683 1678
2,pasted__pasted__polySurface26Shape,1370,52,braid,right_braid_low,0.942326,0.5303139,26.78372,77.52364,-7.81946,1643 1641 1642 1644,1685 1683 1684 1686
2,pasted__pasted__polySurface26Shape,1371,52,braid,right_braid_low,0.9400709,0.548159,25.61002,79.89394,-6.41218,1640 1637 1645 1646,1682 1678 1688 1687
2,pasted__pasted__polySurface26Shape,1372,52,braid,right_braid_low,0.9375413,0.556957,24.46063,81.39578,-6.41212,1646 1645 1647 1656,1687 1688 1690 1689
2,pasted__pasted__polySurface26Shape,1373,52,braid,right_braid_low,0.9326965,0.5561654,25.06791,82.04384,-5.96635,1645 1649 1648 1647,1688 1692 1691 1690
2,pasted__pasted__polySurface26Shape,1374,52,braid,right_braid_low,0.9274309,0.5401375,28.55417,80.19437,-7.25608,1635 1636 1631 1653,1679 1680 1674 1693
2,pasted__pasted__polySurface26Shape,1375,52,braid,right_braid_low,0.9326254,0.5330217,28.5947,78.13616,-7.54706,1650 1639 1636 1634,1694 1681 1680 1677
2,pasted__pasted__polySurface26Shape,1376,52,braid,right_braid_low,0.9286961,0.5565262,25.58153,82.81313,-6.09975,1649 1652 1651 1648,1692 1696 1695 1691
2,pasted__pasted__polySurface26Shape,1377,52,braid,right_braid_low,0.9330386,0.5474848,26.697,80.6054,-5.94984,1637 1635 1649 1645,1678 1679 1692 1688
2,pasted__pasted__polySurface26Shape,1378,52,braid,right_braid_low,0.9278299,0.5485296,27.24754,81.59861,-6.38797,1635 1653 1652 1649,1679 1693 1696 1692
2,pasted__pasted__polySurface26Shape,1379,52,braid,right_braid_low,0.9323188,0.5637041,23.71947,83.15866,-6.57478,1647 1648 1654 1655,1690 1691 1698 1697
2,pasted__pasted__polySurface26Shape,1380,52,braid,right_braid_low,0.9353615,0.5629002,23.66815,82.48445,-6.75051,1655 1656 1647,1697 1689 1690
2,pasted__pasted__polySurface26Shape,1381,52,braid,right_braid_low,0.9370769,0.5325405,27.74731,77.68595,-7.3219,1643 1650 1634 1641,1685 1694 1677 1683
2,pasted__pasted__polySurface26Shape,1382,52,braid,right_braid_low,0.9368024,0.5375392,27.43195,78.4571,-6.58275,1641 1634 1637,1683 1677 1678
2,pasted__pasted__polySurface26Shape,1383,52,braid,right_braid_low,0.921754,0.5280225,28.9667,79.02596,-9.77711,1657 1630 1638,1699 1672 1673
2,pasted__pasted__polySurface26Shape,1384,52,braid,right_braid_low,0.9171636,0.5192757,27.70371,78.55763,-10.77286,1660 1659 1658,1700 1702 1701
2,pasted__pasted__polySurface26Shape,1385,52,braid,right_braid_low,0.9150924,0.5173494,27.26049,78.56294,-10.74371,1661 1658 1659,1703 1701 1702
2,pasted__pasted__polySurface26Shape,1386,52,braid,right_braid_low,0.9154932,0.5249867,27.95487,79.35647,-10.41554,1662 1660 1658,1704 1700 1701
2,pasted__pasted__polySurface26Shape,1387,52,braid,right_braid_low,0.9183742,0.5272295,28.53793,79.35517,-10.16367,1630 1657 1660 1662,1672 1699 1700 1704
2,pasted__pasted__polySurface26Shape,1388,52,braid,right_braid_low,0.9169727,0.5335262,28.44015,80.32959,-9.55431,1662 1632 1630,1704 1675 1672
2,pasted__pasted__polySurface26Shape,1389,52,braid,right_braid_low,0.9234749,0.5419477,28.4379,81.01771,-7.74421,1633 1653 1631,1676 1693 1674
2,pasted__pasted__polySurface26Shape,1390,52,braid,right_braid_low,0.9295332,0.5628943,24.18014,83.62486,-6.37084,1654 1648 1651,1698 1691 1695
2,pasted__pasted__polySurface26Shape,1391,52,braid,right_braid_low,0.924007,0.5474885,27.62442,81.90405,-7.13389,1633 1652 1653,1676 1696 1693
2,pasted__pasted__polySurface26Shape,1392,52,braid,right_braid_low,0.9286375,0.523879,28.68107,77.61915,-9.33171,1663 1638 1639,1705 1673 1681
2,pasted__pasted__polySurface26Shape,1393,52,braid,right_braid_low,0.9317358,0.5246275,28.40566,77.26511,-8.81481,1663 1639 1650,1705 1681 1694
2,pasted__pasted__polySurface26Shape,1394,52,braid,right_braid_low,0.9346379,0.5242743,27.87611,77.00061,-8.63546,1663 1650 1643,1705 1694 1685
2,pasted__pasted__polySurface26Shape,1395,52,braid,right_braid_low,0.9377028,0.5218785,27.26755,76.86762,-8.9429,1663 1643 1644,1705 1685 1686
2,pasted__pasted__polySurface26Shape,1396,52,braid,right_braid_low,0.9254828,0.522261,28.63883,77.87803,-9.96759,1663 1657 1638,1705 1699 1673
2,pasted__pasted__polySurface26Shape,1397,52,braid,right_braid_low,0.9234803,0.5199367,28.33904,77.8892,-10.447,1663 1660 1657,1705 1700 1699
2,pasted__pasted__polySurface26Shape,1398,52,braid,right_braid_low,0.9229577,0.5163312,27.85328,77.5844,-10.68814,1663 1659 1660,1705 1702 1700
2,pasted__pasted__polySurface26Shape,1399,42,braid,right_braid_low,0.9787329,0.6103417,26.9761,82.62345,-10.64653,841 840 835 834,858 863 855 853
2,pasted__pasted__polySurface26Shape,1400,42,braid,right_braid_low,0.9747853,0.6109962,25.74279,84.34339,-10.38584,837 834 836,856 853 854
2,pasted__pasted__polySurface26Shape,1401,44,braid,right_braid_mid,0.8565096,0.5269354,17.9613,95.22978,-10.5259,1243 1242 1232 1234,1282 1267 1258 1260
3,pasted__pasted__pasted__pasted__polySurface94Shape,0,77,braid,left_braid_end,0.8357202,0.2584451,-29.10631,76.23447,-11.51644,2 1 0 3,0 1 2 3
3,pasted__pasted__pasted__pasted__polySurface94Shape,1,77,braid,left_braid_end,0.8415017,0.2589627,-29.34319,76.46379,-11.37252,4 0 1 33,4 2 1 33
3,pasted__pasted__pasted__pasted__polySurface94Shape,2,77,braid,left_braid_end,0.8366115,0.2855912,-28.56876,77.53508,-11.48039,7 6 5 8,5 6 7 8
3,pasted__pasted__pasted__pasted__polySurface94Shape,3,77,braid,left_braid_end,0.8356347,0.2699214,-29.07949,76.68896,-11.891,8 3 0 7,8 3 2 5
3,pasted__pasted__pasted__pasted__polySurface94Shape,4,77,braid,left_braid_end,0.8414942,0.2699009,-29.33182,76.76671,-11.64137,4 9 7 0,4 9 5 2
3,pasted__pasted__pasted__pasted__polySurface94Shape,5,77,braid,left_braid_end,0.8441733,0.2852598,-28.89982,77.5265,-11.15165,9 10 6 7,9 10 6 5
3,pasted__pasted__pasted__pasted__polySurface94Shape,6,77,braid,left_braid_end,0.837487,0.3125674,-27.93706,77.80104,-10.239,12 11 13 14,12 13 11 15
3,pasted__pasted__pasted__pasted__polySurface94Shape,7,77,braid,left_braid_end,0.8449765,0.3131763,-28.40935,77.93223,-10.16938,14 13 15 18,15 11 14 18
3,pasted__pasted__pasted__pasted__polySurface94Shape,8,77,braid,left_braid_end,0.8375059,0.3012402,-28.02583,78.11067,-10.73901,5 6 13 11,7 6 11 13
3,pasted__pasted__pasted__pasted__polySurface94Shape,9,77,braid,left_braid_end,0.845465,0.3010239,-28.46152,78.1504,-10.50839,15 13 6 10,14 11 6 10
3,pasted__pasted__pasted__pasted__polySurface94Shape,10,77,braid,left_braid_end,0.8421837,0.3351625,-28.92474,76.80957,-10.66085,17 16 14,16 17 15
3,pasted__pasted__pasted__pasted__polySurface94Shape,11,77,braid,left_braid_end,0.8446252,0.3271044,-28.75874,77.24896,-10.38635,14 18 17,15 18 16
3,pasted__pasted__pasted__pasted__polySurface94Shape,12,77,braid,left_braid_end,0.8366054,0.3320628,-28.50682,76.77095,-10.60583,16 19 12 14,17 19 12 15
3,pasted__pasted__pasted__pasted__polySurface94Shape,13,77,braid,left_braid_end,0.8287295,0.2584451,-28.73204,76.06155,-11.69456,2 3 20 21,0 3 20 21
3,pasted__pasted__pasted__pasted__polySurface94Shape,14,77,braid,left_braid_end,0.8229475,0.2589627,-28.39764,76.0269,-11.82251,21 20 22 34,21 20 22 34
3,pasted__pasted__pasted__pasted__polySurface94Shape,15,77,braid,left_braid_end,0.8278382,0.2855912,-28.08262,77.31046,-11.71175,23 8 5 24,23 8 7 24
3,pasted__pasted__pasted__pasted__polySurface94Shape,16,77,braid,left_braid_end,0.8288149,0.2699214,-28.69837,76.51287,-12.07238,8 23 20 3,8 23 20 3
3,pasted__pasted__pasted__pasted__polySurface94Shape,17,77,braid,left_braid_end,0.822955,0.2699009,-28.38535,76.32938,-12.0918,22 20 23 25,22 20 23 25
3,pasted__pasted__pasted__pasted__polySurface94Shape,18,77,braid,left_braid_end,0.8202758,0.2852598,-27.74209,76.99157,-11.70262,25 23 24 26,25 23 24 26
3,pasted__pasted__pasted__pasted__polySurface94Shape,19,77,braid,left_braid_end,0.8269629,0.3125674,-27.33713,77.52383,-10.52451,27 11 12 29,27 13 12 28
3,pasted__pasted__pasted__pasted__polySurface94Shape,20,77,braid,left_braid_end,0.8194729,0.3131758,-27.02324,77.29177,-10.82903,28 27 29 30,29 27 28 31
3,pasted__pasted__pasted__pasted__polySurface94Shape,21,77,braid,left_braid_end,0.826944,0.3012402,-27.43439,77.83739,-11.02048,27 24 5 11,27 24 7 13
3,pasted__pasted__pasted__pasted__polySurface94Shape,22,77,braid,left_braid_end,0.8189844,0.3010234,-27.08702,77.5153,-11.16253,24 27 28 26,24 27 29 26
3,pasted__pasted__pasted__pasted__polySurface94Shape,23,77,braid,left_braid_end,0.819824,0.3271045,-27.46925,76.65314,-11.00001,31 30 29,30 31 28
3,pasted__pasted__pasted__pasted__polySurface94Shape,24,77,braid,left_braid_end,0.8222655,0.3351625,-27.86809,76.32135,-11.16371,29 32 31,28 32 30
3,pasted__pasted__pasted__pasted__polySurface94Shape,25,77,braid,left_braid_end,0.8278443,0.3320628,-28.01905,76.54558,-10.83796,32 29 12 19,32 28 12 19
3,pasted__pasted__pasted__pasted__polySurface94Shape,26,77,braid,left_braid_end,0.8599744,0.2915134,-28.67029,76.86928,-10.61424,37 36 35 38,35 36 37 38
3,pasted__pasted__pasted__pasted__polySurface94Shape,27,77,braid,left_braid_end,0.8599744,0.3071849,-29.01324,76.51999,-9.82717,37 38 39 40,35 38 39 40
3,pasted__pasted__pasted__pasted__polySurface94Shape,28,77,braid,left_braid_end,0.8599744,0.3228565,-28.5838,75.81383,-9.40767,40 39 41 42,40 39 41 42
3,pasted__pasted__pasted__pasted__polySurface94Shape,29,77,braid,left_braid_end,0.8636811,0.3359161,-28.10767,75.32702,-9.7801,42 41 43,42 41 43
3,pasted__pasted__pasted__pasted__polySurface94Shape,30,77,braid,left_braid_end,0.8562677,0.3411395,-27.54759,75.58712,-9.7368,43 44 42,43 44 42
3,pasted__pasted__pasted__pasted__polySurface94Shape,31,77,braid,left_braid_end,0.8636811,0.2575592,-27.62867,75.52747,-10.52629,47 46 45,45 46 47
3,pasted__pasted__pasted__pasted__polySurface94Shape,32,77,braid,left_braid_end,0.8562677,0.2627832,-27.30573,76.05429,-10.56325,45 48 47,47 48 45
3,pasted__pasted__pasted__pasted__polySurface94Shape,33,77,braid,left_braid_end,0.8599744,0.2758423,-27.8979,76.5124,-10.98183,45 35 36 48,47 37 36 48
3,pasted__pasted__pasted__pasted__polySurface94Shape,34,77,braid,left_braid_end,0.91753,0.2682249,-28.63624,75.47412,-10.35663,51 50 49,49 50 51
3,pasted__pasted__pasted__pasted__polySurface94Shape,35,77,braid,left_braid_end,0.9214619,0.2614154,-28.18875,75.26737,-10.56959,49 52 51,51 52 49
3,pasted__pasted__pasted__pasted__polySurface94Shape,36,77,braid,left_braid_end,0.905736,0.2704948,-29.11713,76.08853,-10.6097,50 54 53,50 53 54
3,pasted__pasted__pasted__pasted__polySurface94Shape,37,77,braid,left_braid_end,0.9096673,0.2636848,-28.66964,75.88177,-10.82265,53 49 50,54 51 50
3,pasted__pasted__pasted__pasted__polySurface94Shape,38,77,braid,left_braid_end,0.8864493,0.2818859,-27.87224,77.17881,-10.40634,57 56 55,55 56 57
3,pasted__pasted__pasted__pasted__polySurface94Shape,39,77,braid,left_braid_end,0.8864496,0.2700658,-27.82876,76.64828,-9.79985,57 55 58 59,55 57 58 59
3,pasted__pasted__pasted__pasted__polySurface94Shape,40,77,braid,left_braid_end,0.8864493,0.2582457,-27.78528,76.11776,-9.19337,59 58 60,59 58 60
3,pasted__pasted__pasted__pasted__polySurface94Shape,41,77,braid,right_braid_end,0.8357202,0.2584451,29.10631,76.23447,-11.51644,63 64 61 62,61 64 63 62
3,pasted__pasted__pasted__pasted__polySurface94Shape,42,77,braid,right_braid_end,0.8415017,0.2589627,29.34319,76.46379,-11.37252,65 94 62 61,65 66 62 63
3,pasted__pasted__pasted__pasted__polySurface94Shape,43,77,braid,right_braid_end,0.8366115,0.2855912,28.56876,77.53508,-11.48039,68 69 66 67,67 70 69 68
3,pasted__pasted__pasted__pasted__polySurface94Shape,44,77,braid,right_braid_end,0.8356347,0.2699214,29.07949,76.68896,-11.891,69 68 61 64,70 67 63 64
3,pasted__pasted__pasted__pasted__polySurface94Shape,45,77,braid,right_braid_end,0.8414942,0.2699009,29.33182,76.76671,-11.64137,65 61 68 70,65 63 67 71
3,pasted__pasted__pasted__pasted__polySurface94Shape,46,77,braid,right_braid_end,0.8441733,0.2852598,28.89982,77.5265,-11.15165,70 68 67 71,71 67 68 72
3,pasted__pasted__pasted__pasted__polySurface94Shape,47,77,braid,right_braid_end,0.8374869,0.3125674,27.93706,77.80104,-10.239,73 75 74 72,73 76 75 74
3,pasted__pasted__pasted__pasted__polySurface94Shape,48,77,braid,right_braid_end,0.8449765,0.3131763,28.40935,77.93223,-10.16938,75 79 76 74,76 78 77 75
3,pasted__pasted__pasted__pasted__polySurface94Shape,49,77,braid,right_braid_end,0.8375059,0.3012402,28.02583,78.11067,-10.73901,66 72 74 67,69 74 75 68
3,pasted__pasted__pasted__pasted__polySurface94Shape,50,77,braid,right_braid_end,0.845465,0.3010239,28.46152,78.1504,-10.50839,76 71 67 74,77 72 68 75
3,pasted__pasted__pasted__pasted__polySurface94Shape,51,77,braid,right_braid_end,0.8421837,0.3351625,28.92474,76.80957,-10.66085,78 75 77,79 76 80
3,pasted__pasted__pasted__pasted__polySurface94Shape,52,77,braid,right_braid_end,0.8446252,0.3271045,28.75874,77.24896,-10.38635,75 78 79,76 79 78
3,pasted__pasted__pasted__pasted__polySurface94Shape,53,77,braid,right_braid_end,0.8366054,0.3320628,28.50682,76.77095,-10.60583,77 75 73 80,80 76 73 81
3,pasted__pasted__pasted__pasted__polySurface94Shape,54,77,braid,right_braid_end,0.8287295,0.2584451,28.73204,76.06155,-11.69456,63 82 81 64,61 83 82 64
3,pasted__pasted__pasted__pasted__polySurface94Shape,55,77,braid,right_braid_end,0.8229475,0.2589627,28.39764,76.0269,-11.82251,82 95 83 81,83 85 84 82
3,pasted__pasted__pasted__pasted__polySurface94Shape,56,77,braid,right_braid_end,0.8278382,0.2855912,28.08262,77.31046,-11.71175,84 85 66 69,86 87 69 70
3,pasted__pasted__pasted__pasted__polySurface94Shape,57,77,braid,right_braid_end,0.8288149,0.2699214,28.69837,76.51287,-12.07238,69 64 81 84,70 64 82 86
3,pasted__pasted__pasted__pasted__polySurface94Shape,58,77,braid,right_braid_end,0.822955,0.2699009,28.38535,76.32938,-12.0918,83 86 84 81,84 88 86 82
3,pasted__pasted__pasted__pasted__polySurface94Shape,59,77,braid,right_braid_end,0.8202758,0.2852598,27.74209,76.99157,-11.70262,86 87 85 84,88 89 87 86
3,pasted__pasted__pasted__pasted__polySurface94Shape,60,77,braid,right_braid_end,0.8269629,0.3125674,27.33713,77.52383,-10.52451,88 90 73 72,90 91 73 74
3,pasted__pasted__pasted__pasted__polySurface94Shape,61,77,braid,right_braid_end,0.8194729,0.3131758,27.02324,77.29177,-10.82903,89 91 90 88,92 93 91 90
3,pasted__pasted__pasted__pasted__polySurface94Shape,62,77,braid,right_braid_end,0.826944,0.3012402,27.43439,77.83739,-11.02048,88 72 66 85,90 74 69 87
3,pasted__pasted__pasted__pasted__polySurface94Shape,63,77,braid,right_braid_end,0.8189844,0.3010234,27.08702,77.5153,-11.16253,85 87 89 88,87 89 92 90
3,pasted__pasted__pasted__pasted__polySurface94Shape,64,77,braid,right_braid_end,0.819824,0.3271045,27.46925,76.65314,-11.00001,92 90 91,94 91 93
3,pasted__pasted__pasted__pasted__polySurface94Shape,65,77,braid,right_braid_end,0.8222655,0.3351625,27.86809,76.32135,-11.16371,90 92 93,91 94 95
3,pasted__pasted__pasted__pasted__polySurface94Shape,66,77,braid,right_braid_end,0.8278443,0.3320628,28.01905,76.54558,-10.83796,93 80 73 90,95 81 73 91
3,pasted__pasted__pasted__pasted__polySurface94Shape,67,77,braid,right_braid_end,0.8599744,0.2915134,28.67029,76.86928,-10.61424,98 99 96 97,96 99 98 97
3,pasted__pasted__pasted__pasted__polySurface94Shape,68,77,braid,right_braid_end,0.8599744,0.3071849,29.01324,76.51999,-9.82717,98 101 100 99,96 101 100 99
3,pasted__pasted__pasted__pasted__polySurface94Shape,69,77,braid,right_braid_end,0.8599744,0.3228565,28.5838,75.81383,-9.40767,101 103 102 100,101 103 102 100
3,pasted__pasted__pasted__pasted__polySurface94Shape,70,77,braid,right_braid_end,0.8636811,0.3359161,28.10767,75.32702,-9.7801,103 104 102,103 104 102
3,pasted__pasted__pasted__pasted__polySurface94Shape,71,77,braid,right_braid_end,0.8562677,0.3411395,27.54759,75.58712,-9.7368,104 103 105,104 103 105
3,pasted__pasted__pasted__pasted__polySurface94Shape,72,77,braid,right_braid_end,0.8636811,0.2575592,27.62867,75.52747,-10.52629,108 106 107,106 108 107
3,pasted__pasted__pasted__pasted__polySurface94Shape,73,77,braid,right_braid_end,0.8562677,0.2627832,27.30573,76.05429,-10.56325,106 108 109,108 106 109
3,pasted__pasted__pasted__pasted__polySurface94Shape,74,77,braid,right_braid_end,0.8599744,0.2758423,27.8979,76.5124,-10.98183,106 109 97 96,108 109 97 98
3,pasted__pasted__pasted__pasted__polySurface94Shape,75,77,braid,right_braid_end,0.91753,0.2682249,28.63624,75.47412,-10.35663,112 110 111,110 112 111
3,pasted__pasted__pasted__pasted__polySurface94Shape,76,77,braid,right_braid_end,0.9214619,0.2614154,28.18875,75.26737,-10.56959,110 112 113,112 110 113
3,pasted__pasted__pasted__pasted__polySurface94Shape,77,77,braid,right_braid_end,0.905736,0.2704948,29.11713,76.08853,-10.6097,111 114 115,111 115 114
3,pasted__pasted__pasted__pasted__polySurface94Shape,78,77,braid,right_braid_end,0.9096673,0.2636848,28.66964,75.88177,-10.82265,114 111 110,115 111 112
3,pasted__pasted__pasted__pasted__polySurface94Shape,79,77,braid,right_braid_end,0.8864493,0.2818859,27.87224,77.17881,-10.40634,118 116 117,116 118 117
3,pasted__pasted__pasted__pasted__polySurface94Shape,80,77,braid,right_braid_end,0.8864496,0.2700658,27.82876,76.64828,-9.79985,118 120 119 116,116 120 119 118
3,pasted__pasted__pasted__pasted__polySurface94Shape,81,77,braid,right_braid_end,0.8864493,0.2582457,27.78528,76.11776,-9.19337,120 121 119,120 121 119
3,pasted__pasted__pasted__pasted__polySurface94Shape,82,79,braid,left_braid_end,0.6328179,0.3034324,-32.08857,77.08443,-11.96287,123 122 124 148,122 123 124 125
3,pasted__pasted__pasted__pasted__polySurface94Shape,83,79,braid,left_braid_end,0.650577,0.3102739,-31.0629,78.32376,-11.71491,127 126 125,126 127 128
3,pasted__pasted__pasted__pasted__polySurface94Shape,84,79,braid,left_braid_end,0.6399083,0.3151375,-31.28995,77.48692,-12.29944,130 129 128 131,129 130 131 132
3,pasted__pasted__pasted__pasted__polySurface94Shape,85,79,braid,left_braid_end,0.6603699,0.3318127,-29.18754,77.43287,-11.383,134 133 132 135,133 134 135 136
3,pasted__pasted__pasted__pasted__polySurface94Shape,86,79,braid,left_braid_end,0.6493856,0.3040179,-31.47604,78.41362,-11.44335,136 125 126 137,137 128 127 138
3,pasted__pasted__pasted__pasted__polySurface94Shape,87,79,braid,left_braid_end,0.6545037,0.2900609,-30.9135,78.4716,-10.36873,140 139 138,139 140 141
3,pasted__pasted__pasted__pasted__polySurface94Shape,88,79,braid,left_braid_end,0.6589062,0.321926,-29.82597,78.06854,-11.51684,135 127 141 134,136 126 142 133
3,pasted__pasted__pasted__pasted__polySurface94Shape,89,79,braid,left_braid_end,0.6474259,0.2990866,-31.61222,78.15944,-11.10879,140 136 137 142,139 137 138 143
3,pasted__pasted__pasted__pasted__polySurface94Shape,90,79,braid,left_braid_end,0.6569621,0.3127702,-30.50185,78.53272,-11.49592,141 127 125,142 126 128
3,pasted__pasted__pasted__pasted__polySurface94Shape,91,79,braid,left_braid_end,0.6490474,0.2687424,-29.11976,77.54144,-10.55379,144 143 145,144 145 146
3,pasted__pasted__pasted__pasted__polySurface94Shape,92,79,braid,left_braid_end,0.6590684,0.3012885,-31.08692,79.14673,-10.91663,125 136 146 147,128 137 147 148
3,pasted__pasted__pasted__pasted__polySurface94Shape,93,79,braid,left_braid_end,0.6387065,0.2935972,-31.45844,77.2766,-11.24682,142 148 149 139,143 125 149 140
3,pasted__pasted__pasted__pasted__polySurface94Shape,94,79,braid,left_braid_end,0.6752816,0.3069705,-29.7464,79.77365,-10.5357,152 151 150 153,150 151 152 153
3,pasted__pasted__pasted__pasted__polySurface94Shape,95,79,braid,left_braid_end,0.6537789,0.3332635,-29.45242,77.01779,-11.71466,132 154 155 135,135 154 155 136
3,pasted__pasted__pasted__pasted__polySurface94Shape,96,79,braid,left_braid_end,0.6308534,0.2962802,-31.67247,76.81678,-11.77524,149 148 124 156,149 125 124 156
3,pasted__pasted__pasted__pasted__polySurface94Shape,97,79,braid,left_braid_end,0.632546,0.2725682,-29.64656,76.63581,-11.53849,158 157 167 154,157 158 159 160
3,pasted__pasted__pasted__pasted__polySurface94Shape,98,79,braid,left_braid_end,0.635629,0.3080815,-31.92288,77.40561,-12.19181,123 130 131 122,122 129 132 123
3,pasted__pasted__pasted__pasted__polySurface94Shape,99,79,braid,left_braid_end,0.6670559,0.3305933,-28.87946,77.8331,-11.07055,159 160 133 134,161 162 134 133
3,pasted__pasted__pasted__pasted__polySurface94Shape,100,79,braid,left_braid_end,0.6709692,0.2821656,-29.79285,79.48794,-9.67264,163 162 161 164,163 164 165 166
3,pasted__pasted__pasted__pasted__polySurface94Shape,101,79,braid,left_braid_end,0.6754267,0.2966759,-30.2554,80.26718,-10.09894,166 165 150 151,167 168 152 151
3,pasted__pasted__pasted__pasted__polySurface94Shape,102,79,braid,left_braid_end,0.6749046,0.2909961,-30.25695,80.13304,-9.72777,166 163 164 165,167 163 166 168
3,pasted__pasted__pasted__pasted__polySurface94Shape,103,79,braid,left_braid_end,0.6399345,0.2705233,-29.40993,76.97521,-11.06667,143 157 158 145,145 158 157 146
3,pasted__pasted__pasted__pasted__polySurface94Shape,104,79,braid,left_braid_end,0.6579377,0.2959109,-31.1679,78.95728,-10.51698,136 140 138 146,137 139 141 147
3,pasted__pasted__pasted__pasted__polySurface94Shape,105,79,braid,left_braid_end,0.6456094,0.3250005,-30.36345,77.21206,-12.12207,129 155 168 128,130 155 169 131
3,pasted__pasted__pasted__pasted__polySurface94Shape,106,79,braid,left_braid_end,0.6305625,0.2847652,-30.70498,76.66398,-11.64299,157 149 156 167,158 149 156 159
3,pasted__pasted__pasted__pasted__polySurface94Shape,107,79,braid,left_braid_end,0.6732132,0.3201999,-29.10755,78.82559,-10.83278,153 169 159 152,153 170 161 150
3,pasted__pasted__pasted__pasted__polySurface94Shape,108,79,braid,left_braid_end,0.6624276,0.2719281,-29.19431,78.55752,-9.97647,170 161 162 144,171 165 164 144
3,pasted__pasted__pasted__pasted__polySurface94Shape,109,79,braid,left_braid_end,0.6682793,0.3204727,-29.35279,78.62875,-11.09755,134 141 152 159,133 142 150 161
3,pasted__pasted__pasted__pasted__polySurface94Shape,110,79,braid,left_braid_end,0.6541595,0.2757252,-29.6555,78.02121,-10.23647,139 143 144 162,140 145 144 164
3,pasted__pasted__pasted__pasted__polySurface94Shape,111,79,braid,left_braid_end,0.6682456,0.2930911,-30.72726,79.77074,-9.98768,138 163 166 146,141 163 167 147
3,pasted__pasted__pasted__pasted__polySurface94Shape,112,79,braid,left_braid_end,0.6627659,0.2852467,-30.29931,78.97008,-9.93748,162 163 138 139,164 163 141 140
3,pasted__pasted__pasted__pasted__polySurface94Shape,113,79,braid,left_braid_end,0.6685634,0.298558,-30.7111,79.92855,-10.43368,147 146 166 151,148 147 167 151
3,pasted__pasted__pasted__pasted__polySurface94Shape,114,79,braid,left_braid_end,0.6473327,0.2923154,-31.23542,77.93492,-10.77604,140 142 139,139 143 140
3,pasted__pasted__pasted__pasted__polySurface94Shape,115,79,braid,left_braid_end,0.6689446,0.308,-30.10954,79.49396,-10.87404,147 151 152 141,148 151 150 142
3,pasted__pasted__pasted__pasted__polySurface94Shape,116,79,braid,left_braid_end,0.6397312,0.2818409,-30.40966,77.12606,-11.02181,143 139 149 157,145 140 149 158
3,pasted__pasted__pasted__pasted__polySurface94Shape,117,79,braid,left_braid_end,0.6548833,0.2657201,-28.83933,77.9473,-10.42948,144 160 170,144 172 171
3,pasted__pasted__pasted__pasted__polySurface94Shape,118,79,braid,left_braid_end,0.6447684,0.3136807,-31.16077,77.84582,-12.11067,130 126 127 129,129 127 126 130
3,pasted__pasted__pasted__pasted__polySurface94Shape,119,79,braid,left_braid_end,0.6381756,0.3018235,-32.03614,77.47967,-11.65385,142 137 123 148,143 138 122 125
3,pasted__pasted__pasted__pasted__polySurface94Shape,120,79,braid,left_braid_end,0.6407692,0.3063615,-31.86534,77.81139,-11.94714,137 126 130 123,138 127 129 122
3,pasted__pasted__pasted__pasted__polySurface94Shape,121,79,braid,left_braid_end,0.6497763,0.3237882,-30.20907,77.49848,-11.99026,127 135 155 129,126 136 155 130
3,pasted__pasted__pasted__pasted__polySurface94Shape,122,79,braid,left_braid_end,0.6502568,0.3328454,-29.66931,76.88407,-11.86167,155 154 168,155 154 169
3,pasted__pasted__pasted__pasted__polySurface94Shape,123,79,braid,left_braid_end,0.6705766,0.328889,-28.78352,78.10263,-10.91538,160 159 169,162 161 170
3,pasted__pasted__pasted__pasted__polySurface94Shape,124,79,braid,left_braid_end,0.6615773,0.3076556,-30.58897,79.08648,-11.14738,141 125 147,142 128 148
3,pasted__pasted__pasted__pasted__polySurface94Shape,125,91,braid,left_braid_end,0.7824868,0.2663365,-31.45875,77.07911,-12.09395,128 156 124 131,173 174 175 176
3,pasted__pasted__pasted__pasted__polySurface94Shape,126,91,braid,left_braid_end,0.7790848,0.2758765,-30.54869,76.88104,-11.95058,167 156 128 168,177 174 173 178
3,pasted__pasted__pasted__pasted__polySurface94Shape,127,91,braid,left_braid_end,0.7759569,0.2840615,-29.76801,76.70999,-11.79141,167 168 154,177 178 179
3,pasted__pasted__pasted__pasted__polySurface94Shape,128,91,braid,left_braid_end,0.783695,0.2616652,-31.898,77.15125,-12.12179,131 124 122,176 175 180
3,pasted__pasted__pasted__pasted__polySurface94Shape,129,88,braid,left_braid_end,0.7458402,0.2617226,-30.01786,80.1734,-9.86129,165 164 150,181 182 183
3,pasted__pasted__pasted__pasted__polySurface94Shape,130,88,braid,left_braid_end,0.7468271,0.289498,-28.79434,78.06212,-10.66076,170 160 169,184 185 186
3,pasted__pasted__pasted__pasted__polySurface94Shape,131,88,braid,left_braid_end,0.7467261,0.2807778,-29.10417,78.74911,-10.36835,161 170 169 153,187 184 186 188
3,pasted__pasted__pasted__pasted__polySurface94Shape,132,88,braid,left_braid_end,0.7461028,0.2687562,-29.64905,79.66992,-10.04246,164 161 153 150,182 187 188 183
3,pasted__pasted__pasted__pasted__polySurface94Shape,133,80,braid,left_braid_end,0.731227,0.2990567,-27.42222,74.92835,-14.18361,172 171 173 197,189 190 191 192
3,pasted__pasted__pasted__pasted__polySurface94Shape,134,80,braid,left_braid_end,0.7155651,0.3098906,-26.86189,76.38269,-13.71419,176 175 174,193 194 195
3,pasted__pasted__pasted__pasted__polySurface94Shape,135,80,braid,left_braid_end,0.7270806,0.3121086,-27.69698,75.82679,-14.00935,177 179 178 180,196 197 198 199
3,pasted__pasted__pasted__pasted__polySurface94Shape,136,80,braid,left_braid_end,0.7110985,0.3331252,-27.94364,76.85813,-11.97498,181 183 182 184,200 201 202 203
3,pasted__pasted__pasted__pasted__polySurface94Shape,137,80,braid,left_braid_end,0.7152544,0.3035306,-26.46407,76.09785,-13.82857,176 174 185 186,193 195 204 205
3,pasted__pasted__pasted__pasted__polySurface94Shape,138,80,braid,left_braid_end,0.7069945,0.2911728,-25.93538,76.17146,-12.73785,189 188 187,206 207 208
3,pasted__pasted__pasted__pasted__polySurface94Shape,139,80,braid,left_braid_end,0.7160009,0.2982777,-26.3531,75.72948,-13.61164,186 185 188 191,205 204 207 209
3,pasted__pasted__pasted__pasted__polySurface94Shape,140,80,braid,left_braid_end,0.7099426,0.3138167,-26.80127,76.82287,-13.25705,175 190 174,194 210 195
3,pasted__pasted__pasted__pasted__polySurface94Shape,141,80,braid,left_braid_end,0.7072851,0.269164,-27.35227,76.72476,-11.39495,193 192 194,211 212 213
3,pasted__pasted__pasted__pasted__polySurface94Shape,142,80,braid,left_braid_end,0.7051977,0.3031532,-25.7968,76.70243,-13.43423,195 185 174 196,214 204 195 215
3,pasted__pasted__pasted__pasted__polySurface94Shape,143,80,braid,left_braid_end,0.7231869,0.2908883,-27.0707,75.24925,-13.33496,198 197 191 189,216 192 209 206
3,pasted__pasted__pasted__pasted__polySurface94Shape,144,80,braid,left_braid_end,0.6907693,0.3124774,-25.66406,77.88742,-12.47851,199 201 200 202,217 218 219 220
3,pasted__pasted__pasted__pasted__polySurface94Shape,145,80,braid,left_braid_end,0.7178464,0.3329883,-28.32621,76.49741,-12.25063,204 203 181 184,221 222 200 203
3,pasted__pasted__pasted__pasted__polySurface94Shape,146,80,braid,left_braid_end,0.7314541,0.2916374,-27.63181,74.94979,-13.69822,172 197 198 205,189 192 216 223
3,pasted__pasted__pasted__pasted__polySurface94Shape,147,80,braid,left_braid_end,0.7243149,0.2706633,-28.29383,75.94358,-12.20259,206 207 216,224 225 226
3,pasted__pasted__pasted__pasted__polySurface94Shape,148,80,braid,left_braid_end,0.7295858,0.3042404,-27.43185,75.33054,-14.32911,180 178 173 171,199 198 191 190
3,pasted__pasted__pasted__pasted__polySurface94Shape,149,80,braid,left_braid_end,0.7043127,0.3335091,-27.60009,77.24198,-11.67941,183 209 208 182,201 227 228 202
3,pasted__pasted__pasted__pasted__polySurface94Shape,150,80,braid,left_braid_end,0.6891355,0.2873523,-25.25892,77.39303,-11.83036,210 212 211 213,229 230 231 232
3,pasted__pasted__pasted__pasted__polySurface94Shape,151,80,braid,left_braid_end,0.6882105,0.3025046,-24.8607,77.77457,-12.66631,199 215 214 201,217 233 234 218
3,pasted__pasted__pasted__pasted__polySurface94Shape,152,80,braid,left_braid_end,0.687384,0.2968599,-24.70086,77.56586,-12.37194,213 211 214 215,232 231 234 233
3,pasted__pasted__pasted__pasted__polySurface94Shape,153,80,braid,left_braid_end,0.7165531,0.2687567,-27.94178,76.29685,-11.76537,207 206 192 193,225 224 212 211
3,pasted__pasted__pasted__pasted__polySurface94Shape,154,80,braid,left_braid_end,0.7050331,0.2976621,-25.62274,76.39514,-13.15595,187 188 185 195,208 207 204 214
3,pasted__pasted__pasted__pasted__polySurface94Shape,155,80,braid,left_braid_end,0.7238506,0.3230376,-28.11649,76.17385,-13.1914,217 204 179 177,235 221 197 196
3,pasted__pasted__pasted__pasted__polySurface94Shape,156,80,braid,left_braid_end,0.7290145,0.2803723,-28.01875,75.42281,-12.92139,205 198 206 216,223 216 224 226
3,pasted__pasted__pasted__pasted__polySurface94Shape,157,80,braid,left_braid_end,0.6958869,0.3248513,-26.7173,77.7212,-11.97031,208 218 202 200,228 236 220 219
3,pasted__pasted__pasted__pasted__polySurface94Shape,158,80,braid,left_braid_end,0.6950328,0.2753971,-26.28962,77.21541,-11.35882,212 210 219 194,230 229 237 213
3,pasted__pasted__pasted__pasted__polySurface94Shape,159,80,braid,left_braid_end,0.7007478,0.3239592,-26.92324,77.50619,-12.25378,200 190 182 208,219 210 202 228
3,pasted__pasted__pasted__pasted__polySurface94Shape,160,80,braid,left_braid_end,0.7039564,0.2771541,-26.62628,76.62155,-11.6781,194 192 189 212,213 212 206 230
3,pasted__pasted__pasted__pasted__polySurface94Shape,161,80,braid,left_braid_end,0.6943494,0.2973377,-24.92223,77.08854,-12.75033,214 211 187 195,234 231 208 214
3,pasted__pasted__pasted__pasted__polySurface94Shape,162,80,braid,left_braid_end,0.6978318,0.2884286,-25.56932,76.78459,-12.18851,187 211 212 189,208 231 230 206
3,pasted__pasted__pasted__pasted__polySurface94Shape,163,80,braid,left_braid_end,0.6953247,0.3027263,-25.12203,77.34613,-13.09355,214 195 196 201,234 214 215 218
3,pasted__pasted__pasted__pasted__polySurface94Shape,164,80,braid,left_braid_end,0.7144973,0.2916781,-26.4238,75.71172,-13.06592,191 188 189,209 207 206
3,pasted__pasted__pasted__pasted__polySurface94Shape,165,80,braid,left_braid_end,0.6971719,0.3119926,-25.92594,77.56094,-12.86503,200 201 196 190,219 218 215 210
3,pasted__pasted__pasted__pasted__polySurface94Shape,166,80,braid,left_braid_end,0.7194131,0.2797085,-27.42649,75.74769,-12.44152,198 189 192 206,216 206 212 224
3,pasted__pasted__pasted__pasted__polySurface94Shape,167,80,braid,left_braid_end,0.7009093,0.2675914,-27.11871,77.15229,-11.24834,209 194 219,238 213 237
3,pasted__pasted__pasted__pasted__polySurface94Shape,168,80,braid,left_braid_end,0.7220132,0.3118356,-27.39214,76.10452,-13.90419,175 176 178 179,194 193 198 197
3,pasted__pasted__pasted__pasted__polySurface94Shape,169,80,braid,left_braid_end,0.7256395,0.2987575,-26.98473,75.14568,-14.05785,173 186 191 197,191 205 209 192
3,pasted__pasted__pasted__pasted__polySurface94Shape,170,80,braid,left_braid_end,0.7241839,0.3037797,-27.03211,75.57821,-14.2473,178 176 186 173,198 193 205 191
3,pasted__pasted__pasted__pasted__polySurface94Shape,171,80,braid,left_braid_end,0.7195152,0.3228378,-27.9056,76.43416,-13.08649,204 184 175 179,221 203 194 197
3,pasted__pasted__pasted__pasted__polySurface94Shape,172,80,braid,left_braid_end,0.7211724,0.3317552,-28.42484,76.30904,-12.45392,203 204 217,222 221 235
3,pasted__pasted__pasted__pasted__polySurface94Shape,173,80,braid,left_braid_end,0.7004901,0.3326785,-27.36187,77.44578,-11.59195,208 209 218,228 227 236
3,pasted__pasted__pasted__pasted__polySurface94Shape,174,80,braid,left_braid_end,0.704254,0.3099297,-26.18164,77.05007,-13.24486,174 190 196,195 210 215
3,pasted__pasted__pasted__pasted__polySurface94Shape,175,88,braid,left_braid_end,0.7554915,0.2617228,-24.8562,77.78845,-12.31774,213 215 199,239 240 241
3,pasted__pasted__pasted__pasted__polySurface94Shape,176,88,braid,left_braid_end,0.7545039,0.289498,-27.21539,77.33257,-11.4122,209 219 218,242 243 244
3,pasted__pasted__pasted__pasted__polySurface94Shape,177,88,braid,left_braid_end,0.7546052,0.2807779,-26.46074,77.52772,-11.62637,218 219 210 202,244 243 245 246
3,pasted__pasted__pasted__pasted__polySurface94Shape,178,88,braid,left_braid_end,0.7552288,0.2687564,-25.44249,77.72628,-12.04438,202 210 213 199,246 245 239 241
3,pasted__pasted__pasted__pasted__polySurface94Shape,179,89,braid,left_braid_end,0.7697582,0.2658353,-27.75723,75.36882,-13.85552,177 180 172 205,247 248 249 250
3,pasted__pasted__pasted__pasted__polySurface94Shape,180,89,braid,left_braid_end,0.7704449,0.2610593,-27.55849,75.14618,-14.18698,171 172 180,251 249 248
3,pasted__pasted__pasted__pasted__polySurface94Shape,181,89,braid,left_braid_end,0.7689466,0.2847078,-28.45173,76.10179,-12.41784,216 203 217,252 253 254
3,pasted__pasted__pasted__pasted__polySurface94Shape,182,89,braid,left_braid_end,0.7692175,0.2759495,-28.14352,75.76973,-13.09521,177 205 216 217,247 250 252 254
3,pasted__pasted__pasted__pasted__polySurface94Shape,183,91,braid,left_braid_end,0.7905071,0.2655578,-28.17915,76.6957,-11.55081,183 181 207 193,255 256 257 258
3,pasted__pasted__pasted__pasted__polySurface94Shape,184,91,braid,left_braid_end,0.7881447,0.270004,-28.48835,76.445,-11.79793,181 203 207,256 259 257
3,pasted__pasted__pasted__pasted__polySurface94Shape,185,91,braid,left_braid_end,0.8006483,0.2654536,-28.91983,77.03793,-11.19832,132 133 145 158,260 261 262 263
3,pasted__pasted__pasted__pasted__polySurface94Shape,186,91,braid,left_braid_end,0.8031015,0.2698503,-29.12378,76.73862,-11.49552,154 132 158,264 260 263
3,pasted__pasted__pasted__pasted__polySurface94Shape,187,91,braid,left_braid_end,0.7974983,0.2615863,-28.72326,77.38755,-10.96472,133 160 145,261 265 262
3,pasted__pasted__pasted__pasted__polySurface94Shape,188,79,braid,left_braid_end,0.6503287,0.2646349,-28.78266,77.61226,-10.62872,144 145 160,144 146 172
3,pasted__pasted__pasted__pasted__polySurface94Shape,189,80,braid,left_braid_end,0.7050816,0.2654687,-27.48744,77.01381,-11.24512,193 194 209,211 213 238
3,pasted__pasted__pasted__pasted__polySurface94Shape,190,91,braid,left_braid_end,0.7935771,0.2616266,-27.87682,76.99647,-11.36754,209 183 193,266 255 258
3,pasted__pasted__pasted__pasted__polySurface94Shape,191,80,braid,left_braid_end,0.7102017,0.3231718,-27.37586,76.93645,-12.68286,175 184 182 190,194 203 202 210
3,pasted__pasted__pasted__pasted__polySurface94Shape,192,80,braid,left_braid_end,0.7239298,0.2670988,-28.47448,76.1755,-12.06018,216 207 203,226 225 267
3,pasted__pasted__pasted__pasted__polySurface94Shape,193,79,braid,right_braid_end,0.6328179,0.3034324,32.08857,77.08443,-11.96287,221 246 222 220,268 269 270 271
3,pasted__pasted__pasted__pasted__polySurface94Shape,194,79,braid,right_braid_end,0.650577,0.3102739,31.0629,78.32376,-11.71491,225 223 224,272 273 274
3,pasted__pasted__pasted__pasted__polySurface94Shape,195,79,braid,right_braid_end,0.6399083,0.3151375,31.28995,77.48692,-12.29944,228 229 226 227,275 276 277 278
3,pasted__pasted__pasted__pasted__polySurface94Shape,196,79,braid,right_braid_end,0.6603699,0.3318127,29.18754,77.43287,-11.383,232 233 230 231,279 280 281 282
3,pasted__pasted__pasted__pasted__polySurface94Shape,197,79,braid,right_braid_end,0.6493856,0.3040179,31.47604,78.41362,-11.44335,234 235 224 223,283 284 274 273
3,pasted__pasted__pasted__pasted__polySurface94Shape,198,79,braid,right_braid_end,0.6545037,0.2900609,30.9135,78.4716,-10.36873,238 236 237,285 286 287
3,pasted__pasted__pasted__pasted__polySurface94Shape,199,79,braid,right_braid_end,0.6589062,0.321926,29.82597,78.06854,-11.51684,233 232 239 225,280 279 288 272
3,pasted__pasted__pasted__pasted__polySurface94Shape,200,79,braid,right_braid_end,0.6474259,0.2990866,31.61222,78.15944,-11.10879,238 240 235 234,285 289 284 283
3,pasted__pasted__pasted__pasted__polySurface94Shape,201,79,braid,right_braid_end,0.6569621,0.3127702,30.50185,78.53272,-11.49592,239 223 225,288 273 272
3,pasted__pasted__pasted__pasted__polySurface94Shape,202,79,braid,right_braid_end,0.6490474,0.2687424,29.11976,77.54144,-10.55379,242 243 241,290 291 292
3,pasted__pasted__pasted__pasted__polySurface94Shape,203,79,braid,right_braid_end,0.6590684,0.3012885,31.08692,79.14673,-10.91663,223 245 244 234,273 293 294 283
3,pasted__pasted__pasted__pasted__polySurface94Shape,204,79,braid,right_braid_end,0.6387065,0.2935972,31.45844,77.2766,-11.24682,240 237 247 246,289 287 295 269
3,pasted__pasted__pasted__pasted__polySurface94Shape,205,79,braid,right_braid_end,0.6752816,0.3069705,29.7464,79.77365,-10.5357,250 251 248 249,296 297 298 299
3,pasted__pasted__pasted__pasted__polySurface94Shape,206,79,braid,right_braid_end,0.6537789,0.3332635,29.45242,77.01779,-11.71466,230 233 253 252,281 280 300 301
3,pasted__pasted__pasted__pasted__polySurface94Shape,207,79,braid,right_braid_end,0.6308534,0.2962802,31.67247,76.81678,-11.77524,247 254 222 246,295 302 270 269
3,pasted__pasted__pasted__pasted__polySurface94Shape,208,79,braid,right_braid_end,0.632546,0.2725682,29.64656,76.63581,-11.53849,256 252 265 255,303 304 305 306
3,pasted__pasted__pasted__pasted__polySurface94Shape,209,79,braid,right_braid_end,0.635629,0.3080815,31.92288,77.40561,-12.19181,221 220 229 228,268 271 276 275
3,pasted__pasted__pasted__pasted__polySurface94Shape,210,79,braid,right_braid_end,0.6670559,0.3305933,28.87946,77.8331,-11.07055,257 232 231 258,307 279 282 308
3,pasted__pasted__pasted__pasted__polySurface94Shape,211,79,braid,right_braid_end,0.6709692,0.2821656,29.79285,79.48794,-9.67264,261 262 259 260,309 310 311 312
3,pasted__pasted__pasted__pasted__polySurface94Shape,212,79,braid,right_braid_end,0.6754267,0.2966759,30.2554,80.26718,-10.09894,264 249 248 263,313 299 298 314
3,pasted__pasted__pasted__pasted__polySurface94Shape,213,79,braid,right_braid_end,0.6749046,0.2909961,30.25695,80.13304,-9.72777,264 263 262 261,313 314 310 309
3,pasted__pasted__pasted__pasted__polySurface94Shape,214,79,braid,right_braid_end,0.6399345,0.2705233,29.40993,76.97521,-11.06667,241 243 256 255,292 291 303 306
3,pasted__pasted__pasted__pasted__polySurface94Shape,215,79,braid,right_braid_end,0.6579377,0.2959109,31.1679,78.95728,-10.51698,234 244 236 238,283 294 286 285
3,pasted__pasted__pasted__pasted__polySurface94Shape,216,79,braid,right_braid_end,0.6456094,0.3250005,30.36345,77.21206,-12.12207,227 226 266 253,278 277 315 300
3,pasted__pasted__pasted__pasted__polySurface94Shape,217,79,braid,right_braid_end,0.6305625,0.2847652,30.70498,76.66398,-11.64299,255 265 254 247,306 305 302 295
3,pasted__pasted__pasted__pasted__polySurface94Shape,218,79,braid,right_braid_end,0.6732132,0.3201999,29.10755,78.82559,-10.83278,251 250 257 267,297 296 307 316
3,pasted__pasted__pasted__pasted__polySurface94Shape,219,79,braid,right_braid_end,0.6624276,0.2719281,29.19431,78.55752,-9.97647,268 242 260 259,317 290 312 311
3,pasted__pasted__pasted__pasted__polySurface94Shape,220,79,braid,right_braid_end,0.6682793,0.3204727,29.35279,78.62875,-11.09755,232 257 250 239,279 307 296 288
3,pasted__pasted__pasted__pasted__polySurface94Shape,221,79,braid,right_braid_end,0.6541595,0.2757252,29.6555,78.02121,-10.23647,237 260 242 241,287 312 290 292
3,pasted__pasted__pasted__pasted__polySurface94Shape,222,79,braid,right_braid_end,0.6682456,0.2930911,30.72726,79.77074,-9.98768,236 244 264 261,286 294 313 309
3,pasted__pasted__pasted__pasted__polySurface94Shape,223,79,braid,right_braid_end,0.6627659,0.2852467,30.29931,78.97008,-9.93748,260 237 236 261,312 287 286 309
3,pasted__pasted__pasted__pasted__polySurface94Shape,224,79,braid,right_braid_end,0.6685634,0.2985581,30.7111,79.92855,-10.43368,245 249 264 244,293 299 313 294
3,pasted__pasted__pasted__pasted__polySurface94Shape,225,79,braid,right_braid_end,0.6473327,0.2923154,31.23542,77.93492,-10.77604,238 237 240,285 287 289
3,pasted__pasted__pasted__pasted__polySurface94Shape,226,79,braid,right_braid_end,0.6689446,0.308,30.10954,79.49396,-10.87404,245 239 250 249,293 288 296 299
3,pasted__pasted__pasted__pasted__polySurface94Shape,227,79,braid,right_braid_end,0.6397312,0.2818409,30.40966,77.12606,-11.02181,241 255 247 237,292 306 295 287
3,pasted__pasted__pasted__pasted__polySurface94Shape,228,79,braid,right_braid_end,0.6548833,0.2657201,28.83933,77.9473,-10.42948,242 268 258,290 317 318
3,pasted__pasted__pasted__pasted__polySurface94Shape,229,79,braid,right_braid_end,0.6447684,0.3136807,31.16077,77.84582,-12.11067,228 227 225 224,275 278 272 274
3,pasted__pasted__pasted__pasted__polySurface94Shape,230,79,braid,right_braid_end,0.6381756,0.3018235,32.03614,77.47967,-11.65385,240 246 221 235,289 269 268 284
3,pasted__pasted__pasted__pasted__polySurface94Shape,231,79,braid,right_braid_end,0.6407692,0.3063615,31.86534,77.81139,-11.94714,235 221 228 224,284 268 275 274
3,pasted__pasted__pasted__pasted__polySurface94Shape,232,79,braid,right_braid_end,0.6497763,0.3237882,30.20907,77.49848,-11.99026,225 227 253 233,272 278 300 280
3,pasted__pasted__pasted__pasted__polySurface94Shape,233,79,braid,right_braid_end,0.6502568,0.3328454,29.66931,76.88407,-11.86167,253 266 252,300 315 301
3,pasted__pasted__pasted__pasted__polySurface94Shape,234,79,braid,right_braid_end,0.6705766,0.328889,28.78352,78.10263,-10.91538,258 267 257,308 316 307
3,pasted__pasted__pasted__pasted__polySurface94Shape,235,79,braid,right_braid_end,0.6615773,0.3076556,30.58897,79.08648,-11.14738,239 245 223,288 293 273
3,pasted__pasted__pasted__pasted__polySurface94Shape,236,91,braid,right_braid_end,0.7824868,0.2663365,31.45875,77.07911,-12.09395,226 229 222 254,319 320 321 322
3,pasted__pasted__pasted__pasted__polySurface94Shape,237,91,braid,right_braid_end,0.7790848,0.2758765,30.54869,76.88104,-11.95058,265 266 226 254,323 324 319 322
3,pasted__pasted__pasted__pasted__polySurface94Shape,238,91,braid,right_braid_end,0.7759569,0.2840615,29.76801,76.70999,-11.79141,265 252 266,323 325 324
3,pasted__pasted__pasted__pasted__polySurface94Shape,239,91,braid,right_braid_end,0.783695,0.2616652,31.898,77.15125,-12.12179,229 220 222,320 326 321
3,pasted__pasted__pasted__pasted__polySurface94Shape,240,88,braid,right_braid_end,0.7458402,0.2617226,30.01786,80.1734,-9.86129,263 248 262,327 328 329
3,pasted__pasted__pasted__pasted__polySurface94Shape,241,88,braid,right_braid_end,0.7468271,0.289498,28.79434,78.06212,-10.66076,268 267 258,330 331 332
3,pasted__pasted__pasted__pasted__polySurface94Shape,242,88,braid,right_braid_end,0.7467261,0.2807778,29.10417,78.74911,-10.36835,259 251 267 268,333 334 331 330
3,pasted__pasted__pasted__pasted__polySurface94Shape,243,88,braid,right_braid_end,0.7461028,0.2687562,29.64905,79.66992,-10.04246,262 248 251 259,329 328 334 333
3,pasted__pasted__pasted__pasted__polySurface94Shape,244,80,braid,right_braid_end,0.731227,0.2990567,27.42222,74.92835,-14.18361,270 295 271 269,335 336 337 338
3,pasted__pasted__pasted__pasted__polySurface94Shape,245,80,braid,right_braid_end,0.7155651,0.3098906,26.86189,76.38269,-13.71419,274 272 273,339 340 341
3,pasted__pasted__pasted__pasted__polySurface94Shape,246,80,braid,right_braid_end,0.7270806,0.3121086,27.69698,75.82679,-14.00935,275 278 276 277,342 343 344 345
3,pasted__pasted__pasted__pasted__polySurface94Shape,247,80,braid,right_braid_end,0.7110985,0.3331252,27.94364,76.85813,-11.97498,279 282 280 281,346 347 348 349
3,pasted__pasted__pasted__pasted__polySurface94Shape,248,80,braid,right_braid_end,0.7152544,0.3035306,26.46407,76.09785,-13.82857,274 284 283 272,339 350 351 340
3,pasted__pasted__pasted__pasted__polySurface94Shape,249,80,braid,right_braid_end,0.7069945,0.2911728,25.93538,76.17146,-12.73785,287 285 286,352 353 354
3,pasted__pasted__pasted__pasted__polySurface94Shape,250,80,braid,right_braid_end,0.7160009,0.2982777,26.3531,75.72948,-13.61164,284 289 286 283,350 355 354 351
3,pasted__pasted__pasted__pasted__polySurface94Shape,251,80,braid,right_braid_end,0.7099426,0.3138167,26.80127,76.82287,-13.25705,273 272 288,341 340 356
3,pasted__pasted__pasted__pasted__polySurface94Shape,252,80,braid,right_braid_end,0.7072851,0.269164,27.35227,76.72476,-11.39495,291 292 290,357 358 359
3,pasted__pasted__pasted__pasted__polySurface94Shape,253,80,braid,right_braid_end,0.7051977,0.3031532,25.7968,76.70243,-13.43423,293 294 272 283,360 361 340 351
3,pasted__pasted__pasted__pasted__polySurface94Shape,254,80,braid,right_braid_end,0.7231869,0.2908883,27.0707,75.24925,-13.33496,296 287 289 295,362 352 355 336
3,pasted__pasted__pasted__pasted__polySurface94Shape,255,80,braid,right_braid_end,0.6907693,0.3124774,25.66406,77.88742,-12.47851,297 300 298 299,363 364 365 366
3,pasted__pasted__pasted__pasted__polySurface94Shape,256,80,braid,right_braid_end,0.7178464,0.3329883,28.32621,76.49741,-12.25063,302 282 279 301,367 347 346 368
3,pasted__pasted__pasted__pasted__polySurface94Shape,257,80,braid,right_braid_end,0.7314541,0.2916374,27.63181,74.94979,-13.69822,270 303 296 295,335 369 362 336
3,pasted__pasted__pasted__pasted__polySurface94Shape,258,80,braid,right_braid_end,0.7243149,0.2706633,28.29383,75.94358,-12.20259,304 314 305,370 371 372
3,pasted__pasted__pasted__pasted__polySurface94Shape,259,80,braid,right_braid_end,0.7295858,0.3042404,27.43185,75.33054,-14.32911,278 269 271 276,343 338 337 344
3,pasted__pasted__pasted__pasted__polySurface94Shape,260,80,braid,right_braid_end,0.7043127,0.3335091,27.60009,77.24198,-11.67941,281 280 306 307,349 348 373 374
3,pasted__pasted__pasted__pasted__polySurface94Shape,261,80,braid,right_braid_end,0.6891355,0.2873523,25.25892,77.39303,-11.83036,308 311 309 310,375 376 377 378
3,pasted__pasted__pasted__pasted__polySurface94Shape,262,80,braid,right_braid_end,0.6882105,0.3025046,24.8607,77.77457,-12.66631,297 299 312 313,363 366 379 380
3,pasted__pasted__pasted__pasted__polySurface94Shape,263,80,braid,right_braid_end,0.687384,0.2968599,24.70086,77.56586,-12.37194,311 313 312 309,376 380 379 377
3,pasted__pasted__pasted__pasted__polySurface94Shape,264,80,braid,right_braid_end,0.7165531,0.2687567,27.94178,76.29685,-11.76537,305 291 290 304,372 357 359 370
3,pasted__pasted__pasted__pasted__polySurface94Shape,265,80,braid,right_braid_end,0.7050331,0.2976621,25.62274,76.39514,-13.15595,285 293 283 286,353 360 351 354
3,pasted__pasted__pasted__pasted__polySurface94Shape,266,80,braid,right_braid_end,0.7238506,0.3230376,28.11649,76.17385,-13.1914,315 275 277 302,381 342 345 367
3,pasted__pasted__pasted__pasted__polySurface94Shape,267,80,braid,right_braid_end,0.7290145,0.2803723,28.01875,75.42281,-12.92139,303 314 304 296,369 371 370 362
3,pasted__pasted__pasted__pasted__polySurface94Shape,268,80,braid,right_braid_end,0.6958869,0.3248513,26.7173,77.7212,-11.97031,306 298 300 316,373 365 364 382
3,pasted__pasted__pasted__pasted__polySurface94Shape,269,80,braid,right_braid_end,0.6950328,0.2753971,26.28962,77.21541,-11.35882,310 292 317 308,378 358 383 375
3,pasted__pasted__pasted__pasted__polySurface94Shape,270,80,braid,right_braid_end,0.7007478,0.3239592,26.92324,77.50619,-12.25378,298 306 280 288,365 373 348 356
3,pasted__pasted__pasted__pasted__polySurface94Shape,271,80,braid,right_braid_end,0.7039564,0.2771541,26.62628,76.62155,-11.6781,292 310 287 290,358 378 352 359
3,pasted__pasted__pasted__pasted__polySurface94Shape,272,80,braid,right_braid_end,0.6943494,0.2973377,24.92223,77.08854,-12.75033,312 293 285 309,379 360 353 377
3,pasted__pasted__pasted__pasted__polySurface94Shape,273,80,braid,right_braid_end,0.6978318,0.2884286,25.56932,76.78459,-12.18851,285 287 310 309,353 352 378 377
3,pasted__pasted__pasted__pasted__polySurface94Shape,274,80,braid,right_braid_end,0.6953247,0.3027263,25.12203,77.34613,-13.09355,312 299 294 293,379 366 361 360
3,pasted__pasted__pasted__pasted__polySurface94Shape,275,80,braid,right_braid_end,0.7144973,0.2916781,26.4238,75.71172,-13.06592,289 287 286,355 352 354
3,pasted__pasted__pasted__pasted__polySurface94Shape,276,80,braid,right_braid_end,0.6971719,0.3119926,25.92594,77.56094,-12.86503,298 288 294 299,365 356 361 366
3,pasted__pasted__pasted__pasted__polySurface94Shape,277,80,braid,right_braid_end,0.7194131,0.2797085,27.42649,75.74769,-12.44152,296 304 290 287,362 370 359 352
3,pasted__pasted__pasted__pasted__polySurface94Shape,278,80,braid,right_braid_end,0.7009093,0.2675914,27.11871,77.15229,-11.24834,307 317 292,384 383 358
3,pasted__pasted__pasted__pasted__polySurface94Shape,279,80,braid,right_braid_end,0.7220132,0.3118356,27.39214,76.10452,-13.90419,273 277 276 274,341 345 344 339
3,pasted__pasted__pasted__pasted__polySurface94Shape,280,80,braid,right_braid_end,0.7256395,0.2987575,26.98473,75.14568,-14.05785,271 295 289 284,337 336 355 350
3,pasted__pasted__pasted__pasted__polySurface94Shape,281,80,braid,right_braid_end,0.7241839,0.3037797,27.03211,75.57821,-14.2473,276 271 284 274,344 337 350 339
3,pasted__pasted__pasted__pasted__polySurface94Shape,282,80,braid,right_braid_end,0.7195152,0.3228378,27.9056,76.43416,-13.08649,302 277 273 282,367 345 341 347
3,pasted__pasted__pasted__pasted__polySurface94Shape,283,80,braid,right_braid_end,0.7211724,0.3317552,28.42484,76.30904,-12.45392,301 315 302,368 381 367
3,pasted__pasted__pasted__pasted__polySurface94Shape,284,80,braid,right_braid_end,0.7004901,0.3326785,27.36187,77.44578,-11.59195,306 316 307,373 382 374
3,pasted__pasted__pasted__pasted__polySurface94Shape,285,80,braid,right_braid_end,0.704254,0.3099297,26.18164,77.05007,-13.24486,272 294 288,340 361 356
3,pasted__pasted__pasted__pasted__polySurface94Shape,286,88,braid,right_braid_end,0.7554915,0.2617228,24.8562,77.78845,-12.31774,311 297 313,385 386 387
3,pasted__pasted__pasted__pasted__polySurface94Shape,287,88,braid,right_braid_end,0.7545039,0.289498,27.21539,77.33257,-11.4122,307 316 317,388 389 390
3,pasted__pasted__pasted__pasted__polySurface94Shape,288,88,braid,right_braid_end,0.7546052,0.2807779,26.46074,77.52772,-11.62637,316 300 308 317,389 391 392 390
3,pasted__pasted__pasted__pasted__polySurface94Shape,289,88,braid,right_braid_end,0.7552288,0.2687564,25.44249,77.72628,-12.04438,300 297 311 308,391 386 385 392
3,pasted__pasted__pasted__pasted__polySurface94Shape,290,89,braid,right_braid_end,0.7697582,0.2658353,27.75723,75.36882,-13.85552,275 303 270 278,393 394 395 396
3,pasted__pasted__pasted__pasted__polySurface94Shape,291,89,braid,right_braid_end,0.7704449,0.2610593,27.55849,75.14618,-14.18698,269 278 270,397 396 395
3,pasted__pasted__pasted__pasted__polySurface94Shape,292,89,braid,right_braid_end,0.7689466,0.2847078,28.45173,76.10179,-12.41784,314 315 301,398 399 400
3,pasted__pasted__pasted__pasted__polySurface94Shape,293,89,braid,right_braid_end,0.7692175,0.2759495,28.14352,75.76973,-13.09521,275 315 314 303,393 399 398 394
3,pasted__pasted__pasted__pasted__polySurface94Shape,294,91,braid,right_braid_end,0.7905071,0.2655578,28.17915,76.6957,-11.55081,281 291 305 279,401 402 403 404
3,pasted__pasted__pasted__pasted__polySurface94Shape,295,91,braid,right_braid_end,0.7881447,0.270004,28.48835,76.445,-11.79793,279 305 301,404 403 405
3,pasted__pasted__pasted__pasted__polySurface94Shape,296,91,braid,right_braid_end,0.8006483,0.2654536,28.91983,77.03793,-11.19832,230 256 243 231,406 407 408 409
3,pasted__pasted__pasted__pasted__polySurface94Shape,297,91,braid,right_braid_end,0.8031015,0.2698503,29.12378,76.73862,-11.49552,252 256 230,410 407 406
3,pasted__pasted__pasted__pasted__polySurface94Shape,298,91,braid,right_braid_end,0.7974983,0.2615863,28.72326,77.38755,-10.96472,231 243 258,409 408 411
3,pasted__pasted__pasted__pasted__polySurface94Shape,299,79,braid,right_braid_end,0.6503287,0.2646349,28.78266,77.61226,-10.62872,242 258 243,290 318 291
3,pasted__pasted__pasted__pasted__polySurface94Shape,300,80,braid,right_braid_end,0.7050816,0.2654687,27.48744,77.01381,-11.24512,291 307 292,357 384 358
3,pasted__pasted__pasted__pasted__polySurface94Shape,301,91,braid,right_braid_end,0.7935771,0.2616266,27.87682,76.99647,-11.36754,307 291 281,412 402 401
3,pasted__pasted__pasted__pasted__polySurface94Shape,302,80,braid,right_braid_end,0.7102017,0.3231718,27.37586,76.93645,-12.68286,273 288 280 282,341 356 348 347
3,pasted__pasted__pasted__pasted__polySurface94Shape,303,80,braid,right_braid_end,0.7239298,0.2670988,28.47448,76.1755,-12.06018,314 301 305,371 413 372
4,polySurfaceShape68,0,50,braid,left_braid_end,0.4342116,0.5334087,-32.63164,75.23081,-8.47666,21 2 1 22,0 1 2 3
4,polySurfaceShape68,1,50,braid,left_braid_end,0.4332764,0.4478413,-37.9041,69.91519,-8.88847,17 9 5 18,4 5 6 7
4,polySurfaceShape68,2,61,braid,left_braid_end,0.5312658,0.5269424,-28.26765,75.90249,-10.67944,95 48 31 30,8 9 10 11
4,polySurfaceShape68,3,50,braid,left_braid_end,0.4330632,0.4877458,-36.09063,72.32353,-7.86627,7 20 19 8,12 13 14 15
4,polySurfaceShape68,4,50,braid,left_braid_end,0.4323738,0.5602277,-29.74975,75.63323,-9.55879,22 1 30 31,3 2 16 17
4,polySurfaceShape68,5,50,braid,left_braid_end,0.4339618,0.5073513,-34.88162,74.00385,-8.02346,20 7 2 21,13 12 1 0
4,polySurfaceShape68,6,50,braid,left_braid_end,0.4329946,0.4740017,-36.83658,70.84521,-8.09567,18 5 8 19,7 6 15 14
4,polySurfaceShape68,7,50,braid,left_braid_end,0.4274619,0.4049026,-38.95288,69.71372,-10.03226,10 6 17,18 19 4
4,polySurfaceShape68,8,50,braid,left_braid_end,0.4268917,0.5095316,-35.17136,74.5898,-8.4999,93 97 20 21,20 21 13 0
4,polySurfaceShape68,9,82,braid,left_braid_end,0.9390117,0.3309541,-38.88091,69.59923,-10.08671,6 16 9,22 23 24
4,polySurfaceShape68,10,82,braid,left_braid_end,0.9351942,0.3290822,-37.83564,69.97224,-9.08055,9 16 15 5,24 23 25 26
4,polySurfaceShape68,11,82,braid,left_braid_end,0.9320391,0.3290315,-36.80254,70.86329,-8.33126,5 15 14 8,26 25 27 28
4,polySurfaceShape68,12,82,braid,left_braid_end,0.9309055,0.3302123,-36.08611,72.27481,-8.12572,8 14 13 7,28 27 29 30
4,polySurfaceShape68,13,82,braid,left_braid_end,0.9310724,0.3308936,-34.89607,73.92997,-8.31994,7 13 12 2,30 29 31 32
4,polySurfaceShape68,14,82,braid,left_braid_end,0.9318597,0.330572,-32.65776,75.17003,-8.79731,2 12 11 1,32 31 33 34
4,polySurfaceShape68,15,82,braid,left_braid_end,0.9330665,0.329001,-29.7679,75.60769,-9.71924,1 11 31 30,34 33 35 36
4,polySurfaceShape68,16,82,braid,left_braid_end,0.9325431,0.3288261,-30.18012,76.1055,-10.19254,11 0 48 31,33 37 38 35
4,polySurfaceShape68,17,82,braid,left_braid_end,0.9314761,0.3303072,-33.18362,75.95568,-9.63509,12 3 0 11,31 39 37 33
4,polySurfaceShape68,18,82,braid,left_braid_end,0.9312803,0.3307417,-35.29067,74.73623,-9.20602,13 83 3 12,29 40 39 31
4,polySurfaceShape68,19,82,braid,left_braid_end,0.9312815,0.3305499,-36.4521,73.08148,-8.82182,101 98 83 13 14,41 42 40 29 27
4,polySurfaceShape68,20,82,braid,left_braid_end,0.9321613,0.3298799,-37.07981,71.31165,-8.64253,15 4 101 14,25 43 41 27
4,polySurfaceShape68,21,82,braid,left_braid_end,0.9350236,0.3301526,-37.94483,70.26847,-9.25006,16 10 4 15,23 44 43 25
4,polySurfaceShape68,22,50,braid,left_braid_end,0.4258908,0.4469437,-38.01329,70.21143,-9.05798,4 10 17 18,45 18 4 7
4,polySurfaceShape68,23,50,braid,left_braid_end,0.4262215,0.4746104,-37.11386,71.29357,-8.40694,101 4 18 19,46 45 7 14
4,polySurfaceShape68,24,50,braid,left_braid_end,0.426846,0.4908225,-36.40846,72.87204,-8.27018,20 97 101 19,13 21 46 14
4,polySurfaceShape68,25,71,braid,left_braid_end,0.6676259,0.4129546,-33.3407,76.2537,-9.71909,0 3 93 112,47 48 49 50
4,polySurfaceShape68,26,71,braid,left_braid_end,0.667245,0.3889942,-30.9496,76.43465,-10.22417,48 0 112,51 47 50
4,polySurfaceShape68,27,50,braid,left_braid_end,0.4323961,0.4049988,-38.94145,69.56071,-9.98049,6 9 17,19 5 4
4,polySurfaceShape68,28,82,braid,left_braid_end,0.9386957,0.3316304,-38.89234,69.75224,-10.13848,6 10 16,22 44 23
4,polySurfaceShape68,29,85,braid,left_braid_end,0.936975,0.3232078,-38.52849,72.60001,-10.47572,89 90 26 24,52 53 54 55
4,polySurfaceShape68,30,85,braid,left_braid_end,0.9380208,0.3232403,-39.09579,71.94008,-11.13542,90 91 29 26,53 56 57 54
4,polySurfaceShape68,31,85,braid,left_braid_end,0.9374055,0.3233835,-36.72142,73.67065,-8.97049,97 81 88 98,58 59 60 61
4,polySurfaceShape68,32,82,braid,left_braid_end,0.9308952,0.3306388,-36.35236,74.20873,-9.23615,83 98 92,40 42 62
4,polySurfaceShape68,33,85,braid,left_braid_end,0.9364845,0.3230467,-37.62247,73.34381,-9.70382,88 89 24 82,60 52 55 63
4,polySurfaceShape68,34,85,braid,left_braid_end,0.9380079,0.3232572,-39.50683,71.43732,-11.40154,91 27 29,56 64 57
4,polySurfaceShape68,35,62,braid,left_braid_end,0.5711421,0.4627299,-32.28468,74.45152,-13.25966,110 32 65 108,65 66 67 68
4,polySurfaceShape68,36,57,braid,left_braid_end,0.6621094,0.5282565,-30.00684,73.15723,-13.67958,104 111 110,69 70 71
4,polySurfaceShape68,37,56,braid,left_braid_end,0.4947169,0.4882423,-29.56499,70.71199,-12.95695,102 103 100 104,72 73 74 75
4,polySurfaceShape68,38,56,braid,left_braid_end,0.4742535,0.4878926,-28.77883,69.7928,-11.58078,105 99 103 102,76 77 73 72
4,polySurfaceShape68,39,55,braid,left_braid_end,0.7038154,0.5519679,-28.8886,70.11964,-10.03844,64 79 99 105,78 79 80 81
4,polySurfaceShape68,40,55,braid,left_braid_end,0.7243204,0.5498535,-29.84517,71.55118,-8.93967,63 80 79 64,82 83 79 78
4,polySurfaceShape68,41,61,braid,left_braid_end,0.5418996,0.5077239,-31.26811,73.52792,-8.71434,62 66 80 63,84 85 86 87
4,polySurfaceShape68,42,61,braid,left_braid_end,0.525102,0.5061247,-32.63768,75.3116,-9.46465,61 67 66 62,88 89 85 84
4,polySurfaceShape68,43,62,braid,left_braid_end,0.5958392,0.4610544,-33.38996,76.18674,-10.80618,60 68 67 61,90 91 92 93
4,polySurfaceShape68,44,62,braid,left_braid_end,0.5854616,0.4610034,-33.20158,75.81945,-12.18164,108 65 68 60,68 67 91 90
4,polySurfaceShape68,45,62,braid,left_braid_end,0.579343,0.3791158,-39.32807,69.32236,-12.85907,34 49 33,94 95 96
4,polySurfaceShape68,46,72,braid,left_braid_end,0.6387622,0.3855896,-38.79926,68.57696,-13.20779,35 49 113,97 98 99
4,polySurfaceShape68,47,56,braid,left_braid_end,0.4847561,0.3862398,-38.51405,68.17494,-13.0447,36 49 35,100 101 102
4,polySurfaceShape68,48,56,braid,left_braid_end,0.4802207,0.3888359,-38.29412,67.86493,-12.59465,37 49 36,103 101 100
4,polySurfaceShape68,49,70,braid,left_braid_end,0.7186588,0.3921047,-38.3355,67.92325,-11.96887,38 49 37,104 105 106
4,polySurfaceShape68,50,70,braid,left_braid_end,0.7115458,0.3915737,-38.62238,68.32763,-11.4064,39 49 38,107 105 104
4,polySurfaceShape68,51,61,braid,left_braid_end,0.5381445,0.4121657,-39.04519,68.9236,-11.12208,40 49 39,108 109 110
4,polySurfaceShape68,52,61,braid,left_braid_end,0.5291795,0.4098055,-39.44243,69.48352,-11.22451,41 49 40,111 109 108
4,polySurfaceShape68,53,62,braid,left_braid_end,0.5941553,0.3826653,-39.66236,69.79354,-11.67456,42 49 41,112 95 113
4,polySurfaceShape68,54,62,braid,left_braid_end,0.5874329,0.3809106,-39.61496,69.72674,-12.2966,33 49 42,96 95 112
4,polySurfaceShape68,55,62,braid,left_braid_end,0.5834733,0.5047346,-28.20064,75.85276,-11.74288,95 44 43,114 115 116
4,polySurfaceShape68,56,57,braid,left_braid_end,0.654444,0.4828636,-27.86943,75.41157,-11.82799,95 109 44,117 118 119
4,polySurfaceShape68,57,56,braid,left_braid_end,0.4854179,0.5510833,-27.54148,74.97988,-11.6912,95 45 109,120 121 122
4,polySurfaceShape68,58,56,braid,left_braid_end,0.4803373,0.5489546,-27.35201,74.73583,-11.38286,95 46 45,120 123 121
4,polySurfaceShape68,59,55,braid,left_braid_end,0.7096555,0.4949227,-27.3734,74.77264,-11.02075,95 47 46,124 125 126
4,polySurfaceShape68,60,55,braid,left_braid_end,0.7153368,0.4924669,-27.59749,75.07625,-10.74316,95 106 47,124 127 125
4,polySurfaceShape68,61,62,braid,left_braid_end,0.5932838,0.5005799,-28.45608,76.20644,-11.10128,95 107 48,114 128 129
4,polySurfaceShape68,62,62,braid,left_braid_end,0.588758,0.5014149,-28.42472,76.15638,-11.46531,95 43 107,114 116 128
4,polySurfaceShape68,63,62,braid,left_braid_end,0.5709761,0.4186505,-36.36028,71.35884,-12.82429,50 51 70 69,130 131 132 133
4,polySurfaceShape68,64,72,braid,left_braid_end,0.6358843,0.4165936,-35.48398,69.34059,-13.20384,114 115 52 71,134 135 136 137
4,polySurfaceShape68,65,56,braid,left_braid_end,0.4911297,0.4204971,-34.97775,68.32041,-12.72832,52 53 72 71,138 139 140 141
4,polySurfaceShape68,66,56,braid,left_braid_end,0.4764423,0.4252434,-34.53615,67.59542,-11.70746,53 54 73 72,139 142 143 140
4,polySurfaceShape68,67,70,braid,left_braid_end,0.7215216,0.4289204,-34.54726,67.86767,-10.52587,54 55 74 73,144 145 146 147
4,polySurfaceShape68,68,70,braid,left_braid_end,0.7068204,0.4301966,-35.00684,69.03316,-9.63488,55 56 75 74,145 148 149 146
4,polySurfaceShape68,69,61,braid,left_braid_end,0.541377,0.4599652,-35.73935,70.64673,-9.37481,56 57 76 75,150 151 152 153
4,polySurfaceShape68,70,61,braid,left_braid_end,0.5253435,0.4623717,-36.46498,72.09201,-9.84502,57 58 77 76,151 154 155 152
4,polySurfaceShape68,71,62,braid,left_braid_end,0.5964525,0.4252302,-36.90658,72.817,-10.86589,58 59 78 77,156 157 158 159
4,polySurfaceShape68,72,62,braid,left_braid_end,0.5850496,0.4233492,-36.85432,72.51174,-11.9965,59 50 69 78,157 130 133 158
4,polySurfaceShape68,73,62,braid,left_braid_end,0.586594,0.4804378,-30.39355,76.33013,-11.89203,43 108 60 107,116 68 90 128
4,polySurfaceShape68,74,62,braid,left_braid_end,0.5947843,0.4792785,-30.54352,76.53926,-10.94797,107 60 61 48,128 90 93 129
4,polySurfaceShape68,75,61,braid,left_braid_end,0.5287268,0.5218029,-29.9974,75.9362,-10.07656,48 61 62 30,160 88 84 11
4,polySurfaceShape68,76,61,braid,left_braid_end,0.5374726,0.5237532,-29.0058,74.76854,-9.6156,30 62 63 106,11 84 87 161
4,polySurfaceShape68,77,55,braid,left_braid_end,0.7201504,0.5179379,-28.00923,73.53291,-9.8273,106 63 64 47,127 82 78 125
4,polySurfaceShape68,78,55,braid,left_braid_end,0.7060883,0.5210625,-27.35017,72.66999,-10.57756,47 64 105 46,125 78 81 126
4,polySurfaceShape68,79,56,braid,left_braid_end,0.476844,0.5226106,-27.28036,72.50939,-11.5798,46 105 102 45,123 76 72 121
4,polySurfaceShape68,80,56,braid,left_braid_end,0.4903822,0.5251342,-27.82648,73.11246,-12.45121,109 45 102 104,122 121 72 75
4,polySurfaceShape68,81,57,braid,left_braid_end,0.6585434,0.5048563,-28.77992,74.24883,-12.85893,109 104 110 44,118 69 71 119
4,polySurfaceShape68,82,62,braid,left_braid_end,0.575836,0.48526,-29.73449,75.46722,-12.64229,44 110 108 43,115 65 68 116
4,polySurfaceShape68,83,62,braid,left_braid_end,0.5704641,0.4403497,-34.60415,72.86209,-13.04815,32 51 50 65,66 131 130 67
4,polySurfaceShape68,84,72,braid,left_braid_end,0.6320634,0.4445155,-33.19831,70.68301,-13.6435,100 52 115 116 96,162 136 135 163 164
4,polySurfaceShape68,85,56,braid,left_braid_end,0.4939917,0.4496829,-32.57642,69.06022,-12.78032,103 53 52 100,73 139 138 74
4,polySurfaceShape68,86,56,braid,left_braid_end,0.4748072,0.4521274,-31.95286,68.15059,-11.47005,99 54 53 103,77 142 139 73
4,polySurfaceShape68,87,70,braid,left_braid_end,0.7236133,0.4544457,-32.00502,68.51468,-10.02274,79 55 54 99,165 145 144 166
4,polySurfaceShape68,88,70,braid,left_braid_end,0.7044783,0.4544538,-32.70579,69.99691,-9.01183,80 56 55 79,167 148 145 165
4,polySurfaceShape68,89,61,braid,left_braid_end,0.5428988,0.4823422,-33.77243,72.01844,-8.83361,66 57 56 80,85 151 150 86
4,polySurfaceShape68,90,61,braid,left_braid_end,0.5245902,0.4837852,-34.78313,73.7926,-9.51907,67 58 57 66,89 154 151 85
4,polySurfaceShape68,91,62,braid,left_braid_end,0.5965858,0.4451627,-35.37281,74.65819,-10.79471,68 59 58 67,91 157 156 92
4,polySurfaceShape68,92,62,braid,left_braid_end,0.5851963,0.4434886,-35.28882,74.27211,-12.10124,65 50 59 68,67 130 157 91
4,polySurfaceShape68,93,62,braid,left_braid_end,0.5723632,0.4008292,-37.52961,70.22583,-12.74904,70 34 33 69,132 94 96 133
4,polySurfaceShape68,94,72,braid,left_braid_end,0.6373682,0.4041135,-36.71052,68.82369,-13.22744,71 35 113 114,137 97 99 134
4,polySurfaceShape68,95,56,braid,left_braid_end,0.4877633,0.4051148,-36.25824,68.08927,-12.90971,72 36 35 71,140 100 102 141
4,polySurfaceShape68,96,56,braid,left_braid_end,0.4781232,0.4099412,-35.8931,67.54225,-12.12556,73 37 36 72,143 103 100 140
4,polySurfaceShape68,97,70,braid,left_braid_end,0.7205878,0.4158877,-35.9391,67.68801,-11.11027,74 38 37 73,146 104 106 147
4,polySurfaceShape68,98,70,braid,left_braid_end,0.7088105,0.4159159,-36.37865,68.47089,-10.25164,75 39 38 74,149 107 104 146
4,polySurfaceShape68,99,61,braid,left_braid_end,0.5406341,0.4441519,-37.04387,69.59184,-9.87766,76 40 39 75,152 108 110 153
4,polySurfaceShape68,100,61,braid,left_braid_end,0.5265427,0.4431773,-37.68067,70.62269,-10.13116,77 41 40 76,155 111 108 152
4,polySurfaceShape68,101,62,braid,left_braid_end,0.5959336,0.406448,-38.0458,71.16971,-10.91532,78 42 41 77,158 112 113 159
4,polySurfaceShape68,102,62,braid,left_braid_end,0.5852969,0.404341,-37.98003,71.00474,-11.91035,69 33 42 78,133 96 112 158
4,polySurfaceShape68,103,54,braid,left_braid_end,0.6140258,0.4927763,-39.17191,72.06245,-11.13306,26 29 84 85,168 169 170 171
4,polySurfaceShape68,104,54,braid,left_braid_end,0.6123967,0.5263391,-37.69823,73.48757,-9.68137,86 87 82 24,172 173 174 175
4,polySurfaceShape68,105,54,braid,left_braid_end,0.6113371,0.5509713,-36.70173,74.15343,-9.33196,87 92 83 82,173 176 177 174
4,polySurfaceShape68,106,54,braid,left_braid_end,0.6135169,0.5056549,-38.60465,72.72219,-10.4729,26 85 86 24,168 171 172 175
4,polySurfaceShape68,107,54,braid,left_braid_end,0.6161815,0.484511,-39.55273,71.50124,-11.33656,27 28 84,178 179 170
4,polySurfaceShape68,108,54,braid,left_braid_end,0.6167714,0.4932023,-39.19041,72.01379,-10.99405,85 84 28 25,171 170 179 180
4,polySurfaceShape68,109,54,braid,left_braid_end,0.6184768,0.5066336,-38.61584,72.58187,-10.18809,86 85 25 23,172 171 180 181
4,polySurfaceShape68,110,54,braid,left_braid_end,0.6204821,0.5267876,-37.7042,73.29906,-9.29983,23 81 87 86,181 182 173 172
4,polySurfaceShape68,111,54,braid,left_braid_end,0.6146113,0.484337,-39.55747,71.51899,-11.40014,27 84 29,178 170 169
4,polySurfaceShape68,112,85,braid,left_braid_end,0.9363931,0.3231438,-37.62843,73.15531,-9.32228,81 23 89 88,59 183 52 60
4,polySurfaceShape68,113,85,braid,left_braid_end,0.9369175,0.3230225,-38.53968,72.45968,-10.19091,23 25 90 89,183 184 53 52
4,polySurfaceShape68,114,85,braid,left_braid_end,0.9380141,0.3231361,-39.1143,71.89141,-10.9964,25 28 91 90,184 185 56 53
4,polySurfaceShape68,115,85,braid,left_braid_end,0.9380472,0.3232623,-39.50208,71.41957,-11.33796,28 27 91,185 64 56
4,polySurfaceShape68,116,85,braid,left_braid_end,0.9374832,0.3230291,-36.63411,74.00202,-9.31562,92 98 88 82 83,186 61 60 63 187
4,polySurfaceShape68,117,71,braid,left_braid_end,0.668096,0.4531912,-36.47932,73.6451,-8.85618,92 98 101 97,188 189 190 191
4,polySurfaceShape68,118,54,braid,left_braid_end,0.6224511,0.5504104,-36.68602,73.97316,-8.93789,97 92 87 81,192 176 173 182
4,polySurfaceShape68,119,71,braid,left_braid_end,0.6661785,0.4380703,-35.51257,74.92424,-9.0288,93 94 92 97,49 193 188 191
4,polySurfaceShape68,120,71,braid,left_braid_end,0.6705441,0.4367658,-35.61743,75.14455,-9.43844,3 83 92 94,48 194 188 193
4,polySurfaceShape68,121,71,braid,left_braid_end,0.6680841,0.4276837,-34.79498,75.80086,-9.42813,3 94 93,48 193 49
4,polySurfaceShape68,122,57,braid,left_braid_end,0.6708257,0.5464282,-30.81897,71.78677,-13.77591,104 100 96 111,69 195 196 70
4,polySurfaceShape68,123,57,braid,left_braid_end,0.6544309,0.5507204,-31.79192,72.70909,-13.90116,111 96 116 32 110,70 196 197 198 71
4,polySurfaceShape68,124,50,braid,left_braid_end,0.4263569,0.5329007,-33.02279,75.82642,-8.99399,112 93 21 22,199 20 0 3
4,polySurfaceShape68,125,50,braid,left_braid_end,0.4269355,0.5587214,-30.09959,76.06456,-9.91528,48 112 22 31,200 199 3 17
4,polySurfaceShape68,126,61,braid,left_braid_end,0.533011,0.5287954,-27.93866,75.5307,-10.65615,30 106 95,11 161 8
4,polySurfaceShape68,127,72,braid,left_braid_end,0.6419314,0.3840606,-39.02591,68.89645,-13.15752,113 49 34,99 98 201
4,polySurfaceShape68,128,72,braid,left_braid_end,0.6437592,0.4030692,-37.05952,69.42241,-13.17421,114 113 34 70,134 99 201 202
4,polySurfaceShape68,129,72,braid,left_braid_end,0.6453776,0.4182442,-35.85255,70.19863,-13.19873,51 115 114 70,203 135 134 202
4,polySurfaceShape68,130,72,braid,left_braid_end,0.6453854,0.4438296,-33.98437,71.56337,-13.5512,116 115 51 32,163 135 203 204
5,polySurface80Shape,0,49,side,side_top_bridge,0.186468,0.4834315,4.5613,130.40959,8.58766,24 25 26 27,0 1 2 3
5,polySurface80Shape,1,49,side,side_top_bridge,0.19183,0.524395,2.71589,133.03494,8.1325,28 29 30 31,4 5 6 7
5,polySurface80Shape,2,49,side,side_top_bridge,0.189565,0.5039894,3.80035,131.87036,8.43228,30 29 24 27,6 5 0 3
5,polySurface80Shape,3,49,side,side_top_bridge,0.1926182,0.5423887,1.44835,133.20335,7.78633,32 28 31 33,8 4 7 9
5,polySurface80Shape,4,49,side,side_top_bridge,0.1850619,0.4647051,5.25246,129.08258,8.66253,26 25 0,2 1 10
5,polySurface80Shape,5,49,side,side_right,0.1892801,0.3049992,8.81775,117.90787,4.45072,35 6 7 34,11 12 13 14
5,polySurface80Shape,6,49,side,side_right_upper,0.1897669,0.4298574,6.90753,126.8311,8.39681,0 1 36 37,10 15 16 17
5,polySurface80Shape,7,49,side,side_right,0.1902114,0.2698878,6.50479,116.86613,5.84777,11 38 39,18 19 20
5,polySurface80Shape,8,49,side,side_right,0.1894016,0.3382954,8.94077,120.47596,5.34947,40 3 4 41,21 22 23 24
5,polySurface80Shape,9,49,side,side_right_upper,0.1895813,0.398927,7.87438,124.68204,7.55416,1 2 42 36,15 25 26 16
5,polySurface80Shape,10,49,side,side_right,0.1895675,0.3681892,8.56388,122.567,6.46001,2 3 40 42,25 22 21 26
5,polySurface80Shape,11,49,side,side_right,0.189272,0.3008168,8.63542,117.57835,4.49566,7 8 43 34,13 27 28 14
5,polySurface80Shape,12,49,side,side_right,0.189656,0.2812344,7.29165,116.85569,5.29565,44 10 11 39,29 30 18 20
5,polySurface80Shape,13,49,side,side_right,0.1888908,0.2917904,8.05198,117.10543,4.82854,45 9 10 44,31 32 30 29
5,polySurface80Shape,14,49,side,side_right,0.1892326,0.3179322,9.03334,118.97605,4.66941,41 4 5 46,24 23 33 34
5,polySurface80Shape,15,49,side,side_right,0.189034,0.2973064,8.43028,117.35359,4.60405,8 9 45 43,27 32 31 28
5,polySurface80Shape,16,49,side,side_right,0.1892438,0.3097558,8.96039,118.30868,4.48071,46 5 6 35,34 33 12 11
5,polySurface80Shape,17,49,side,side_right_upper,0.1787316,0.4566037,5.1816,128.29982,8.47248,0 25 47,10 1 35
5,polySurface80Shape,18,49,side,side_right_upper,0.1804034,0.4317269,6.21604,126.72009,8.15199,47 48 1 0,35 36 15 10
5,polySurface80Shape,19,49,side,side_right_upper,0.1807045,0.3998786,7.23488,124.63437,7.30209,48 49 2 1,36 37 25 15
5,polySurface80Shape,20,49,side,side_right,0.1815336,0.3687019,7.98444,122.58107,6.2426,49 50 3 2,37 38 22 25
5,polySurface80Shape,21,49,side,side_right,0.1823075,0.3390001,8.41308,120.53969,5.21552,4 3 50 51,23 22 38 39
5,polySurface80Shape,22,49,side,side_right,0.1826773,0.3188401,8.53532,119.094,4.63198,5 4 51 52,33 23 39 40
5,polySurface80Shape,23,49,side,side_right,0.1826809,0.310236,8.47864,118.47013,4.50386,6 5 52 53,12 33 40 41
5,polySurface80Shape,24,49,side,side_right,0.1826841,0.3047108,8.35387,118.10046,4.51834,7 6 53 54,13 12 41 42
5,polySurface80Shape,25,49,side,side_right,0.1827992,0.2997072,8.19345,117.80356,4.60531,55 8 7 54,43 27 13 42
5,polySurface80Shape,26,49,side,side_right,0.1828014,0.2953285,8.01542,117.61069,4.74982,56 9 8 55,44 32 27 43
5,polySurface80Shape,27,49,side,side_right,0.1833367,0.2886109,7.68658,117.40668,5.02235,10 9 56 57,30 32 44 45
5,polySurface80Shape,28,49,side,side_right,0.1857389,0.277757,7.06577,117.14206,5.49471,11 10 57 58,18 30 45 46
5,polySurface80Shape,29,49,side,side_right,0.1883483,0.2678499,6.42487,117.02782,5.96357,58 38 11,46 19 18
5,polySurface80Shape,30,49,side,side_right_upper,0.1914968,0.4546122,6.08584,128.63019,8.77517,26 0 37,2 10 17
5,polySurface80Shape,31,47,side,side_top_bridge,0.2240256,0.4837827,-4.5613,130.40959,8.58766,62 59 60 61,47 48 49 50
5,polySurface80Shape,32,47,side,side_top_bridge,0.21818,0.5266097,-2.71571,133.03508,8.13241,66 63 64 65,51 52 53 54
5,polySurface80Shape,33,47,side,side_top_bridge,0.2205159,0.5052787,-3.80017,131.87051,8.43219,64 59 62 65,53 48 47 54
5,polySurface80Shape,34,47,side,side_top_bridge,0.2175757,0.5454808,-1.44835,133.20335,7.78633,68 67 63 66,55 56 52 51
5,polySurface80Shape,35,47,side,side_top_bridge,0.2259539,0.4642092,-5.25246,129.08258,8.66253,60 12 61,49 57 50
5,polySurface80Shape,36,47,side,side_left,0.2221868,0.2971457,-8.81775,117.90787,4.45072,69 70 19 18,58 59 60 61
5,polySurface80Shape,37,47,side,side_left_upper,0.2215491,0.427724,-6.90753,126.8311,8.39681,12 71 72 13,57 62 63 64
5,polySurface80Shape,38,47,side,side_left,0.2207797,0.2604786,-6.50479,116.86613,5.84777,23 73 74,65 66 67
5,polySurface80Shape,39,47,side,side_left,0.2220314,0.3319723,-8.94077,120.47596,5.34947,75 76 16 15,68 69 70 71
5,polySurface80Shape,40,47,side,side_left_upper,0.221902,0.3954211,-7.87438,124.68204,7.55416,13 72 77 14,64 63 72 73
5,polySurface80Shape,41,47,side,side_left,0.2218864,0.3632583,-8.56388,122.567,6.46001,14 77 75 15,73 72 68 71
5,polySurface80Shape,42,47,side,side_left,0.2221849,0.292785,-8.63542,117.57835,4.49566,19 70 78 20,60 59 74 75
5,polySurface80Shape,43,47,side,side_left,0.2215154,0.2723437,-7.29165,116.85569,5.29565,79 73 23 22,76 66 65 77
5,polySurface80Shape,44,47,side,side_left,0.2224774,0.2833698,-8.05198,117.10543,4.82854,80 79 22 21,78 76 77 79
5,polySurface80Shape,45,47,side,side_left,0.22221,0.3106701,-9.03334,118.97605,4.66941,76 81 17 16,69 80 81 70
5,polySurface80Shape,46,47,side,side_left,0.2224038,0.2891252,-8.43028,117.35359,4.60405,20 78 80 21,75 74 78 79
5,polySurface80Shape,47,47,side,side_left,0.2222108,0.3021164,-8.96039,118.30868,4.48071,81 69 18 17,80 58 61 81
5,polySurface80Shape,48,47,side,side_left_upper,0.2327305,0.4558928,-5.1816,128.29982,8.47248,12 82 61,57 82 50
5,polySurface80Shape,49,47,side,side_left_upper,0.2313316,0.4297928,-6.21604,126.72009,8.15199,82 12 13 83,82 57 64 83
5,polySurface80Shape,50,47,side,side_left_upper,0.2311967,0.3964203,-7.23488,124.63437,7.30209,83 13 14 84,83 64 73 84
5,polySurface80Shape,51,47,side,side_left,0.2302931,0.3637918,-7.98444,122.58107,6.2426,84 14 15 85,84 73 71 85
5,polySurface80Shape,52,47,side,side_left,0.2294465,0.3327089,-8.41308,120.53969,5.21552,16 86 85 15,70 86 85 71
5,polySurface80Shape,53,47,side,side_left,0.2290829,0.3116156,-8.53532,119.094,4.63198,17 87 86 16,81 87 86 70
5,polySurface80Shape,54,47,side,side_left,0.2291105,0.3026222,-8.47864,118.47013,4.50386,18 88 87 17,61 88 87 81
5,polySurface80Shape,55,47,side,side_left,0.2291081,0.2968322,-8.35387,118.10046,4.51834,19 89 88 18,60 89 88 61
5,polySurface80Shape,56,47,side,side_left,0.228952,0.2915827,-8.19345,117.80356,4.60531,90 89 19 20,90 89 60 75
5,polySurface80Shape,57,47,side,side_left,0.2288913,0.286992,-8.01542,117.61069,4.74982,91 90 20 21,91 90 75 79
5,polySurface80Shape,58,47,side,side_left,0.2282254,0.2799708,-7.68658,117.40668,5.02235,22 92 91 21,77 92 91 79
5,polySurface80Shape,59,47,side,side_left,0.2255555,0.2686551,-7.06577,117.14206,5.49471,23 93 92 22,65 93 92 77
5,polySurface80Shape,60,47,side,side_left,0.2227039,0.2583284,-6.42487,117.02782,5.96357,93 23 74,93 65 67
5,polySurface80Shape,61,47,side,side_left_upper,0.2194107,0.4535342,-6.08584,128.63019,8.77517,60 71 12,49 62 57
5,polySurface80Shape,62,49,side,side_top_bridge,0.1920869,0.5602771,0.41309,132.3055,7.43976,95 94 32 33,94 95 8 9
5,polySurface80Shape,63,47,side,side_top_bridge,0.2183078,0.5641391,-0.41309,132.3055,7.43976,95 67 68 94,96 56 55 97
5,polySurface80Shape,64,86,side,side_left,0.5832201,0.2696823,-10.82087,116.45472,1.53178,97 124 104 98,98 99 100 101
5,polySurface80Shape,65,86,side,side_left,0.5835232,0.2393428,-9.06705,115.07945,2.17572,105 106 101 100,102 103 104 105
5,polySurface80Shape,66,86,side,side_left,0.5831991,0.3019435,-11.35199,118.68507,2.45505,96 119 120 121,106 107 108 109
5,polySurface80Shape,67,86,side,side_left,0.5829467,0.2627006,-10.38845,116.08097,1.55894,98 104 107 99,101 100 110 111
5,polySurface80Shape,68,86,side,side_left,0.5834241,0.2773359,-11.20625,116.94016,1.59343,125 123 124 97,112 113 99 98
5,polySurface80Shape,69,86,side,side_left,0.585409,0.2117409,-7.90606,113.94062,3.42137,109 103 102 108,114 115 116 117
5,polySurface80Shape,70,86,side,side_left,0.5866262,0.1976448,-7.65537,113.55413,4.34976,109 110 103,114 118 115
5,polySurface80Shape,71,86,side,side_left,0.5844576,0.2252689,-8.38973,114.50023,2.72328,101 106 108 102,104 103 117 116
5,polySurface80Shape,72,86,side,side_left,0.5829608,0.2530477,-9.8272,115.63653,1.76966,107 105 100 99,110 102 105 111
5,polySurface80Shape,73,86,side,side_left,0.593163,0.287096,-11.06636,117.51414,2.38725,125 126 111 96,112 119 120 106
5,polySurface80Shape,74,86,side,side_left,0.5940024,0.2684595,-10.59531,116.53258,2.26796,113 112 97 98,121 122 98 101
5,polySurface80Shape,75,86,side,side_left,0.593582,0.2605469,-10.26946,116.1791,2.31042,114 113 98 99,123 121 101 111
5,polySurface80Shape,76,86,side,side_left,0.5927576,0.2499435,-9.736,115.74357,2.46758,100 115 114 99,105 124 123 111
5,polySurface80Shape,77,86,side,side_left,0.5917336,0.2361174,-9.01607,115.18171,2.77049,101 116 115 100,104 125 124 105
5,polySurface80Shape,78,86,side,side_left,0.5909481,0.2221244,-8.35815,114.60571,3.20402,117 116 101 102,126 125 104 116
5,polySurface80Shape,79,86,side,side_left,0.5902848,0.2083792,-7.87599,114.05396,3.79975,103 118 117 102,115 127 126 116
5,polySurface80Shape,80,86,side,side_left,0.5893275,0.1952516,-7.63521,113.62844,4.57138,110 118 103,118 127 115
5,polySurface80Shape,81,86,side,side_left,0.5910627,0.2990057,-11.12722,118.18716,2.71718,96 111 119,106 120 107
5,polySurface80Shape,82,86,side,side_left,0.5808049,0.291439,-11.54453,118.15626,1.78538,96 121 122,106 109 128
5,polySurface80Shape,83,86,side,side_left,0.5939695,0.2774094,-10.85836,116.99223,2.29479,112 126 125 97,122 119 112 98
5,polySurface80Shape,84,86,side,side_left,0.5835507,0.2841697,-11.41277,117.47895,1.6865,96 122 123 125,106 128 113 112
5,polySurface80Shape,85,83,side,side_top_bridge,0.9850336,0.3290749,-5.06737,133.29273,6.11554,127 130 129 128,129 130 131 132
5,polySurface80Shape,86,83,side,side_top_bridge,0.9850996,0.3251715,-6.52817,131.71301,6.61725,128 129 132 131,132 131 133 134
5,polySurface80Shape,87,83,side,side_left_upper,0.9851677,0.3214913,-8.11359,129.74107,6.7448,131 132 134 133,134 133 135 136
5,polySurface80Shape,88,83,side,side_left_upper,0.9851796,0.3177247,-9.86219,127.34015,6.18924,133 134 136 135,136 135 137 138
5,polySurface80Shape,89,83,side,side_left_upper,0.9851499,0.3139955,-11.02476,125.39407,5.10338,135 136 138 137,138 137 139 140
5,polySurface80Shape,90,83,side,side_left_upper,0.9849527,0.310966,-11.53819,124.52228,4.08475,137 138 139,140 139 141
5,polySurface80Shape,91,83,side,side_top_bridge,0.984463,0.3292942,-5.11638,133.40939,5.81861,140 127 128 141,142 129 132 143
5,polySurface80Shape,92,83,side,side_top_bridge,0.9844669,0.3252485,-6.61265,131.78749,6.245,141 128 131 142,143 132 134 144
5,polySurface80Shape,93,83,side,side_left_upper,0.9844073,0.3213944,-8.23688,129.76788,6.31726,142 131 133 143,144 134 136 145
5,polySurface80Shape,94,83,side,side_left_upper,0.9843464,0.3174723,-10.00551,127.36879,5.77809,143 133 135 144,145 136 138 146
5,polySurface80Shape,95,83,side,side_left_upper,0.9843209,0.3136872,-11.14093,125.4647,4.79028,144 135 137 145,146 138 140 147
5,polySurface80Shape,96,83,side,side_left_upper,0.9844054,0.3107817,-11.5951,124.59117,3.9409,145 137 139,147 140 141
5,polySurface80Shape,97,48,side,side_right_upper,0.1432289,0.3179314,11.6651,124.64517,4.05455,150 151 146,148 149 150
5,polySurface80Shape,98,48,side,side_top_bridge,0.134553,0.541332,5.26341,133.15966,6.53321,159 160 161,151 152 153
5,polySurface80Shape,99,48,side,side_right_upper,0.1384282,0.3947302,10.08383,127.34457,6.41612,152 153 147 148,154 155 156 157
5,polySurface80Shape,100,48,side,side_top_bridge,0.1373979,0.5067502,6.50754,131.8451,6.80237,149 160 159 154,158 152 151 159
5,polySurface80Shape,101,48,side,side_right_upper,0.1378194,0.4551921,8.2391,129.8195,6.934,148 149 154 152,157 158 159 154
5,polySurface80Shape,102,48,side,side_right_upper,0.1388453,0.3469125,11.17727,125.42199,5.28488,155 146 147 153,160 150 156 155
5,polySurface80Shape,103,48,side,side_right_upper,0.1447058,0.3435706,11.29344,125.49263,4.97178,147 146 151 156,156 150 149 161
5,polySurface80Shape,104,48,side,side_right_upper,0.146257,0.3913509,10.22716,127.37321,6.00497,148 147 156 157,157 156 161 162
5,polySurface80Shape,105,48,side,side_right_upper,0.1465807,0.453748,8.36239,129.84632,6.50646,157 158 149 148,162 163 158 157
5,polySurface80Shape,106,48,side,side_top_bridge,0.1461379,0.5075929,6.60405,131.89738,6.3688,158 162 160 149,163 164 152 158
5,polySurface80Shape,107,48,side,side_top_bridge,0.1447069,0.5450553,5.35915,133.25666,5.97517,160 162 163,152 164 165
5,polySurface80Shape,108,48,side,side_right_upper,0.1403502,0.3195722,11.60819,124.57628,4.19841,150 146 155,148 150 160
5,polySurface80Shape,109,48,side,side_top_bridge,0.1372783,0.5570668,4.80132,133.70557,6.05918,160 163 161,152 165 153
5,polySurface80Shape,110,48,side,side_left_upper,0.1432289,0.3179314,-11.6651,124.64517,4.05455,168 164 169,166 167 168
5,polySurface80Shape,111,48,side,side_top_bridge,0.134553,0.541332,-5.26341,133.15966,6.53321,177 179 178,169 170 171
5,polySurface80Shape,112,48,side,side_left_upper,0.1384282,0.3947302,-10.08383,127.34457,6.41612,170 166 165 171,172 173 174 175
5,polySurface80Shape,113,48,side,side_top_bridge,0.1373979,0.5067502,-6.50754,131.8451,6.80237,167 172 177 178,176 177 169 171
5,polySurface80Shape,114,48,side,side_left_upper,0.1378194,0.4551921,-8.2391,129.8195,6.934,166 170 172 167,173 172 177 176
5,polySurface80Shape,115,48,side,side_left_upper,0.1388453,0.3469125,-11.17727,125.42199,5.28488,173 171 165 164,178 175 174 167
5,polySurface80Shape,116,48,side,side_left_upper,0.1447058,0.3435706,-11.29344,125.49263,4.97178,165 174 169 164,174 179 168 167
5,polySurface80Shape,117,48,side,side_left_upper,0.146257,0.3913509,-10.22716,127.37321,6.00497,166 175 174 165,173 180 179 174
5,polySurface80Shape,118,48,side,side_left_upper,0.1465807,0.453748,-8.36239,129.84632,6.50646,175 166 167 176,180 173 176 181
5,polySurface80Shape,119,48,side,side_top_bridge,0.1461379,0.5075929,-6.60405,131.89738,6.3688,176 167 178 180,181 176 171 182
5,polySurface80Shape,120,48,side,side_top_bridge,0.1447069,0.5450553,-5.35915,133.25666,5.97517,178 181 180,171 183 182
5,polySurface80Shape,121,48,side,side_left_upper,0.1403502,0.3195722,-11.60819,124.57628,4.19841,168 173 164,166 178 167
5,polySurface80Shape,122,48,side,side_top_bridge,0.1372783,0.5570668,-4.80132,133.70557,6.05918,178 179 181,171 170 183
5,polySurface80Shape,123,109,side,side_right,0.5834858,0.1264199,11.20596,116.91794,1.58594,209 214 183 208,184 185 186 187
5,polySurface80Shape,124,109,side,side_right,0.5835441,0.1189726,10.85276,116.43117,1.5547,183 184 191 208,186 188 189 187
5,polySurface80Shape,125,109,side,side_right,0.5828173,0.0897597,9.24054,115.06918,2.19202,193 186 187 192,190 191 192 193
5,polySurface80Shape,126,109,side,side_right,0.5838153,0.1518099,11.35199,118.68507,2.45505,182 211 212 213,194 195 196 197
5,polySurface80Shape,127,109,side,side_right,0.5835525,0.110868,10.38945,115.99065,1.62276,184 185 194 191,188 198 199 189
5,polySurface80Shape,128,109,side,side_right,0.5821072,0.0601992,7.8911,113.9225,3.3967,195 196 188 189,200 201 202 203
5,polySurface80Shape,129,109,side,side_right,0.5804477,0.0474796,7.65956,113.56304,4.23064,195 189 190 197,200 203 204 205
5,polySurface80Shape,130,109,side,side_right,0.582648,0.0747484,8.47075,114.48384,2.7054,187 188 196 192,192 202 201 193
5,polySurface80Shape,131,109,side,side_right,0.5833034,0.1018633,9.88564,115.56546,1.8271,194 185 186 193,199 198 191 190
5,polySurface80Shape,132,109,side,side_right,0.572779,0.1267965,10.87227,116.98105,2.29664,214 215 199 183,185 206 207 186
5,polySurface80Shape,133,109,side,side_right,0.5728243,0.1169859,10.556,116.50408,2.27354,200 184 183 199,208 188 186 207
5,polySurface80Shape,134,109,side,side_right,0.5733286,0.1072918,10.14732,116.08039,2.34021,201 185 184 200,209 198 188 208
5,polySurface80Shape,135,109,side,side_right,0.5740278,0.0972435,9.65614,115.67677,2.50548,186 185 201 202,191 198 209 210
5,polySurface80Shape,136,109,side,side_right,0.5746761,0.0847868,9.02633,115.19027,2.81121,187 186 202 203,192 191 210 211
5,polySurface80Shape,137,109,side,side_right,0.575318,0.0706159,8.38228,114.6166,3.25285,204 188 187 203,212 202 192 211
5,polySurface80Shape,138,109,side,side_right,0.5762677,0.0568463,7.90859,114.05942,3.82443,189 188 204 205,203 202 212 213
5,polySurface80Shape,139,109,side,side_right,0.578311,0.0369395,7.56592,113.4443,4.99049,207 190 206,214 204 215
5,polySurface80Shape,140,109,side,side_right,0.5758194,0.1488186,11.12722,118.18716,2.71718,182 213 198,194 197 216
5,polySurface80Shape,141,109,side,side_right,0.5862475,0.1410561,11.54453,118.15626,1.78538,182 210 211,194 217 195
5,polySurface80Shape,142,109,side,side_right,0.5792062,0.0378229,7.59193,113.40032,4.9171,197 190 207,205 204 214
5,polySurface80Shape,143,109,side,side_right,0.5774589,0.0451425,7.65252,113.65917,4.4618,206 190 189 205,215 204 203 213
5,polySurface80Shape,144,109,side,side_right,0.5736154,0.13666,11.08027,117.50296,2.3891,198 215 214 182,216 206 185 194
5,polySurface80Shape,145,109,side,side_right,0.5833814,0.1333442,11.41248,117.45673,1.67902,182 214 209 210,194 185 184 217
5,polySurface80Shape,146,107,side,side_left,0.3897342,0.1101147,-9.34481,115.12325,0.86089,220 221 228 229,218 219 220 221
5,polySurface80Shape,147,107,side,side_left,0.3897564,0.0817208,-7.93733,114.02374,1.63522,230 231 222 224,222 223 224 225
5,polySurface80Shape,148,107,side,side_left,0.388954,0.069066,-7.55877,113.67467,2.32883,223 232 230 224,226 227 222 225
5,polySurface80Shape,149,107,side,side_left,0.3901688,0.0960473,-8.58412,114.57325,1.13546,221 222 231 228,219 224 223 220
5,polySurface80Shape,150,107,side,side_left,0.3892823,0.1225162,-10.13378,115.55224,0.81728,219 220 229 233,228 218 221 229
5,polySurface80Shape,151,107,side,side_left,0.3886016,0.0570416,-7.44192,113.46585,3.17089,223 234 232,226 230 227
5,polySurface80Shape,152,107,side,side_left,0.3841558,0.1693556,-11.70058,118.1249,1.29298,247 216 227,231 232 233
5,polySurface80Shape,153,107,side,side_left,0.3881467,0.1487275,-11.43766,116.83005,0.84388,225 245 217 226,234 235 236 237
5,polySurface80Shape,154,107,side,side_left,0.3887665,0.1402401,-11.12691,116.34523,0.81296,217 218 235 226,236 238 239 237
5,polySurface80Shape,155,107,side,side_left,0.3890411,0.1325862,-10.74791,115.95744,0.81849,218 219 233 235,238 228 229 239
5,polySurface80Shape,156,107,side,side_left,0.3738809,0.160171,-11.72943,118.11387,0.17697,236 216 248,240 232 241
5,polySurface80Shape,157,107,side,side_left,0.376337,0.1698919,-11.73914,118.55681,0.87072,248 216 247,241 232 231
5,polySurface80Shape,158,107,side,side_left,0.3789256,0.138519,-11.11418,116.27684,0.09444,238 218 217 237,242 238 236 243
5,polySurface80Shape,159,107,side,side_left,0.3795153,0.1313062,-10.73593,115.86334,0.14077,239 219 218 238,244 228 238 242
5,polySurface80Shape,160,107,side,side_left,0.3802873,0.1214603,-10.10427,115.43319,0.19012,240 220 219 239,245 218 228 244
5,polySurface80Shape,161,107,side,side_left,0.3810133,0.1096575,-9.28689,114.99152,0.26763,241 221 220 240,246 219 218 245
5,polySurface80Shape,162,107,side,side_left,0.3818016,0.096892,-8.47103,114.46595,0.56196,242 222 221 241,247 224 219 246
5,polySurface80Shape,163,107,side,side_left,0.3784884,0.1458284,-11.42018,116.7786,0.09562,217 245 246 237,236 235 248 243
5,polySurface80Shape,164,107,side,side_left,0.383633,0.0832629,-7.77665,113.91637,1.2183,243 224 222 242,249 225 224 247
5,polySurface80Shape,165,107,side,side_left,0.385758,0.0700267,-7.42559,113.55313,2.15554,223 224 243 244,226 225 249 250
5,polySurface80Shape,166,107,side,side_left,0.3871961,0.0573868,-7.37589,113.39184,3.12269,244 234 223,250 230 226
5,polySurface80Shape,167,107,side,side_left,0.3781006,0.1530261,-11.63459,117.35524,0.16375,246 245 216 236,248 235 232 240
5,polySurface80Shape,168,107,side,side_left,0.3867284,0.1578738,-11.64657,117.39909,0.93631,225 227 216 245,234 233 232 235
5,polySurface80Shape,169,108,side,side_right,0.3448538,0.1526185,11.63458,117.35524,0.16375,278 279 266 249,251 252 253 254
5,polySurface80Shape,170,108,side,side_right,0.3448331,0.1381122,11.11418,116.27684,0.09444,250 251 262 261,255 256 257 258
5,polySurface80Shape,171,108,side,side_right,0.3443231,0.1092337,9.28676,114.99152,0.26763,263 264 253 254,259 260 261 262
5,polySurface80Shape,172,108,side,side_right,0.3456972,0.1695238,11.73914,118.55681,0.87072,280 281 249,263 264 254
5,polySurface80Shape,173,108,side,side_right,0.344658,0.1308714,10.73593,115.86333,0.14077,265 262 251 252,265 257 256 266
5,polySurface80Shape,174,108,side,side_right,0.3435039,0.0828122,7.81125,113.84535,1.19611,267 268 255 256,267 268 269 270
5,polySurface80Shape,175,108,side,side_right,0.3424893,0.0692813,7.49703,113.40555,2.14108,256 257 269 267,270 271 272 267
5,polySurface80Shape,176,108,side,side_right,0.3442284,0.0964929,8.47059,114.46596,0.56196,268 263 254 255,268 259 262 269
5,polySurface80Shape,177,108,side,side_right,0.3444224,0.1209866,10.10427,115.43319,0.19012,264 265 252 253,260 265 266 261
5,polySurface80Shape,178,108,side,side_right,0.3415202,0.0575392,7.4153,113.28787,3.04816,269 257 270,272 271 273
5,polySurface80Shape,179,108,side,side_right,0.3379418,0.1685561,11.70058,118.1249,1.29298,249 281 260,254 264 274
5,polySurface80Shape,180,108,side,side_right,0.348678,0.1599939,11.72943,118.11387,0.17697,280 249 266,263 254 253
5,polySurface80Shape,181,108,side,side_right,0.3350804,0.1477672,11.43766,116.83006,0.84388,258 259 250 278,275 276 255 251
5,polySurface80Shape,182,108,side,side_right,0.3349361,0.1392706,11.12692,116.34522,0.81296,259 271 251 250,276 277 256 255
5,polySurface80Shape,183,108,side,side_right,0.3350955,0.1316099,10.74792,115.95743,0.81849,252 251 271 272,266 256 277 278
5,polySurface80Shape,184,108,side,side_right,0.3354097,0.1215674,10.13378,115.55225,0.81728,253 252 272 273,261 266 278 279
5,polySurface80Shape,185,108,side,side_right,0.3356468,0.109258,9.34476,115.12325,0.86089,254 253 273 274,262 261 279 280
5,polySurface80Shape,186,108,side,side_right,0.3358933,0.0952794,8.58397,114.57326,1.13546,255 254 274 275,269 262 280 281
5,polySurface80Shape,187,108,side,side_right,0.3367051,0.0808707,7.97695,113.95643,1.63668,256 255 275 276,270 269 281 282
5,polySurface80Shape,188,108,side,side_right,0.3377818,0.0680289,7.63503,113.53079,2.33802,277 257 256 276,283 271 270 282
5,polySurface80Shape,189,108,side,side_right,0.338986,0.0571228,7.48135,113.36187,3.09636,270 257 277,273 271 283
5,polySurface80Shape,190,108,side,side_right,0.3448635,0.1454085,11.42018,116.7786,0.09562,250 261 279 278,255 258 252 251
5,polySurface80Shape,191,108,side,side_right,0.335997,0.1569769,11.64656,117.3991,0.93631,258 278 249 260,275 251 254 274
5,polySurface80Shape,192,45,side,side_right,0.0890969,0.0476334,11.70453,120.21222,1.44568,284 312 313 314,284 285 286 287
5,polySurface80Shape,193,45,side,side_right,0.0900138,0.0776919,11.49951,122.62957,2.43211,285 284 314 315,288 284 287 289
5,polySurface80Shape,194,45,side,side_right_upper,0.0711506,0.1160884,10.56919,124.94751,5.18706,316 285 283 317,290 288 291 292
5,polySurface80Shape,195,45,side,side_right,0.0712763,0.0856364,11.15431,122.58213,4.12145,316 318 284 285,290 293 284 288
5,polySurface80Shape,196,45,side,side_right,0.0697152,0.0527912,11.30916,119.98631,3.08939,319 320 297 312 284 318,294 295 296 285 284 293
5,polySurface80Shape,197,45,side,side_top_bridge,0.0887675,0.295751,0.50574,134.12666,3.45663,291 292 289 290,297 298 299 300
5,polySurface80Shape,198,45,side,side_top_bridge,0.0890551,0.2779792,1.80371,134.82448,3.33742,293 291 290 294,301 297 300 302
5,polySurface80Shape,199,45,side,side_top_bridge,0.0691034,0.2956708,0.49379,133.82866,5.16113,321 322 290 289,303 304 300 299
5,polySurface80Shape,200,45,side,side_top_bridge,0.07156,0.2770409,1.7647,134.68073,4.89807,322 323 294 290,304 305 302 300
5,polySurface80Shape,201,45,side,side_top_bridge,0.070872,0.2526678,3.62249,134.52305,5.28186,324 295 294 323 325,306 307 302 305 308
5,polySurface80Shape,202,45,side,side_top_bridge,0.070574,0.2327752,4.96389,133.64564,5.72785,325 326 296 295 324,308 309 310 307 306
5,polySurface80Shape,203,45,side,side_right_upper,0.0907851,0.1089734,10.93645,125.03224,3.43393,283 285 315 327,291 288 289 311
5,polySurface80Shape,204,45,side,side_right_upper,0.091103,0.1423632,9.876,127.51323,4.20247,328 282 283 327,312 313 291 311
5,polySurface80Shape,205,45,side,side_top_bridge,0.0896202,0.2066775,6.88887,132.03616,4.53807,329 288 296 286,314 315 310 316
5,polySurface80Shape,206,45,side,side_right_upper,0.0905695,0.1764426,8.40621,129.96388,4.5797,282 328 329 286,313 312 314 316
5,polySurface80Shape,207,45,side,side_right_upper,0.0708031,0.1469989,9.48807,127.38778,5.98222,330 317 283 282,317 292 291 313
5,polySurface80Shape,208,45,side,side_top_bridge,0.0702853,0.2052121,6.58551,131.86396,6.22179,326 331 286 296,309 318 316 310
5,polySurface80Shape,209,45,side,side_right_upper,0.0704108,0.1779615,8.03196,129.81277,6.32631,331 330 282 286,318 317 313 316
5,polySurface80Shape,210,45,side,side_top_bridge,0.0889633,0.2335286,5.30991,133.6735,4.15984,288 287 295 296,315 319 307 310
5,polySurface80Shape,211,45,side,side_top_bridge,0.0887555,0.2577511,3.53386,134.73838,3.64542,287 293 294 295,319 301 302 307
5,polySurface80Shape,212,45,side,side_left_upper,0.0711461,0.4927963,-10.56919,124.94751,5.18706,332 333 299 301,320 321 322 323
5,polySurface80Shape,213,45,side,side_left,0.0712708,0.5232681,-11.15431,122.58213,4.12145,332 301 300 334,320 323 324 325
5,polySurface80Shape,214,45,side,side_left,0.0697096,0.556133,-11.30916,119.98631,3.08939,335 334 300 336 311 337,326 325 324 327 328 329
5,polySurface80Shape,215,45,side,side_top_bridge,0.0887694,0.3131575,-0.50574,134.12666,3.45663,306 305 289 292,330 331 299 298
5,polySurface80Shape,216,45,side,side_top_bridge,0.0890571,0.3309396,-1.80371,134.82448,3.33742,307 308 305 306,332 333 331 330
5,polySurface80Shape,217,45,side,side_top_bridge,0.0691024,0.3132329,-0.49379,133.82866,5.16113,321 289 305 338,303 299 331 334
5,polySurface80Shape,218,45,side,side_top_bridge,0.0715595,0.3318731,-1.7647,134.68073,4.89807,338 305 308 339,334 331 333 335
5,polySurface80Shape,219,45,side,side_top_bridge,0.070578,0.3761214,-4.96389,133.64564,5.72785,340 341 309 310 342,336 337 338 339 340
5,polySurface80Shape,220,45,side,side_top_bridge,0.089614,0.4022018,-6.88887,132.03616,4.53807,343 302 310 304,341 342 339 343
5,polySurface80Shape,221,45,side,side_left_upper,0.0905699,0.4324278,-8.40622,129.96386,4.5797,344 298 302 343,344 345 342 341
5,polySurface80Shape,222,45,side,side_left_upper,0.0708011,0.4618727,-9.48808,127.38777,5.98222,345 298 299 333,346 345 322 321
5,polySurface80Shape,223,45,side,side_top_bridge,0.0702894,0.4036664,-6.58551,131.86396,6.22179,342 310 302 346,340 339 342 347
5,polySurface80Shape,224,45,side,side_left_upper,0.0704121,0.4309082,-8.03197,129.81276,6.32631,346 302 298 345,347 342 345 346
5,polySurface80Shape,225,45,side,side_top_bridge,0.0889551,0.3753678,-5.30991,133.6735,4.15984,304 310 309 303,343 339 338 348
5,polySurface80Shape,226,45,side,side_top_bridge,0.0887518,0.351163,-3.53386,134.73838,3.64542,303 309 308 307,348 338 333 332
5,polySurface80Shape,227,45,side,side_left_upper,0.0911076,0.466509,-9.87601,127.51321,4.20247,347 299 298 344,349 322 345 344
5,polySurface80Shape,228,45,side,side_left_upper,0.0907904,0.4999149,-10.93645,125.03224,3.43393,348 301 299 347,350 323 322 349
5,polySurface80Shape,229,45,side,side_left,0.0900195,0.5312179,-11.49951,122.62957,2.43211,349 300 301 348,351 324 323 350
5,polySurface80Shape,230,45,side,side_left,0.0891017,0.5612939,-11.70453,120.21222,1.44568,350 336 300 349,352 327 324 351
5,polySurface80Shape,231,45,side,side_top_bridge,0.0708742,0.3562414,-3.62249,134.52305,5.28186,341 340 339 308 309,337 336 335 333 338
5,polySurface80Shape,232,93,side,side_right_upper,0.1696004,0.1832209,8.54101,129.90597,3.29452,351 378 364 365,353 354 355 356
5,polySurface80Shape,233,93,side,side_right_upper,0.1680574,0.1524027,10.07315,127.65584,2.70283,352 351 365 366,357 353 356 358
5,polySurface80Shape,234,93,side,side_right_upper,0.1660095,0.129223,11.13368,125.969,1.97214,356 352 366,359 357 358
5,polySurface80Shape,235,93,side,side_top_bridge,0.1687926,0.2119279,6.93452,131.94753,3.3828,378 380 367 364,354 360 361 355
5,polySurface80Shape,236,93,side,side_top_bridge,0.1664815,0.2376182,5.28211,133.56425,3.02632,380 381 368 367,360 362 363 361
5,polySurface80Shape,237,93,side,side_top_bridge,0.1519421,0.2379693,5.19889,133.34729,1.78782,369 370 367 368,364 365 361 363
5,polySurface80Shape,238,93,side,side_top_bridge,0.1530915,0.2111301,6.86561,131.79251,2.07586,370 371 364 367,365 366 355 361
5,polySurface80Shape,239,93,side,side_right_upper,0.1535427,0.1816047,8.48668,129.87659,1.93477,371 372 365 364,366 367 356 355
5,polySurface80Shape,240,93,side,side_right_upper,0.1528672,0.1511156,9.90018,127.7516,1.43923,372 373 366 365,367 368 358 356
5,polySurface80Shape,241,93,side,side_right_upper,0.1525108,0.1223929,11.04338,125.72419,0.6701,373 374 356 366,368 369 359 358
5,polySurface80Shape,242,93,side,side_right_upper,0.1512259,0.0952446,11.98495,123.89397,-0.45343,374 375 355 356,369 370 371 359
5,polySurface80Shape,243,93,side,side_right,0.1482929,0.0684728,12.96307,122.36888,-1.95644,375 376 363 355,370 372 373 371
5,polySurface80Shape,244,93,side,side_right,0.1459253,0.0403896,14.28546,121.57012,-3.79917,376 377 353 363,372 374 375 373
5,polySurface80Shape,245,93,side,side_right,0.1435629,0.0191546,15.46543,121.42563,-5.12295,377 354 353,374 376 375
5,polySurface80Shape,246,93,side,side_top_bridge,0.134723,0.2390349,5.26906,133.32988,0.33177,382 383 370 369,377 378 365 364
5,polySurface80Shape,247,93,side,side_top_bridge,0.1343848,0.2114555,6.94306,131.8954,0.53,383 379 371 370,378 379 366 365
5,polySurface80Shape,248,93,side,side_right_upper,0.1335537,0.1816213,8.60627,130.20031,0.31346,379 361 372 371,379 380 367 366
5,polySurface80Shape,249,93,side,side_right_upper,0.1315903,0.1510822,10.02156,128.28386,-0.20177,361 360 373 372,380 381 368 367
5,polySurface80Shape,250,93,side,side_right_upper,0.1302044,0.1189103,11.16978,126.18728,-1.0227,360 359 374 373,381 382 369 368
5,polySurface80Shape,251,93,side,side_right_upper,0.1308796,0.0866887,12.19291,124.13489,-2.07333,359 358 375 374,382 383 370 369
5,polySurface80Shape,252,93,side,side_right,0.1330578,0.0597882,13.15016,122.64489,-3.15631,358 362 376 375,383 384 372 370
5,polySurface80Shape,253,93,side,side_right,0.1353973,0.0356898,14.3537,121.91855,-4.39395,362 357 377 376,384 385 374 372
5,polySurface80Shape,254,93,side,side_right,0.137823,0.0176204,15.48136,121.63606,-5.3037,357 354 377,385 376 374
5,polySurface80Shape,255,95,side,side_left_upper,0.2059358,0.1762186,-8.54101,129.90597,3.29452,384 398 397 411,386 387 388 389
5,polySurface80Shape,256,95,side,side_left_upper,0.2077406,0.1460412,-10.07315,127.65584,2.70283,385 399 398 384,390 391 387 386
5,polySurface80Shape,257,95,side,side_left_upper,0.2098604,0.1238149,-11.13368,125.969,1.97214,389 399 385,392 391 390
5,polySurface80Shape,258,95,side,side_top_bridge,0.2065559,0.2046117,-6.93452,131.94753,3.3828,411 397 400 413,389 388 393 394
5,polySurface80Shape,259,95,side,side_top_bridge,0.2087414,0.2299781,-5.28211,133.56425,3.02632,413 400 401 414,394 393 395 396
5,polySurface80Shape,260,95,side,side_top_bridge,0.2231366,0.2303722,-5.19889,133.34729,1.78782,402 401 400 403,397 395 393 398
5,polySurface80Shape,261,95,side,side_top_bridge,0.2220532,0.2038749,-6.86561,131.79251,2.07586,403 400 397 404,398 393 388 399
5,polySurface80Shape,262,95,side,side_left_upper,0.2216918,0.1747195,-8.48668,129.87659,1.93477,404 397 398 405,399 388 387 400
5,polySurface80Shape,263,95,side,side_left_upper,0.2224754,0.1447645,-9.90018,127.7516,1.43923,405 398 399 406,400 387 391 401
5,polySurface80Shape,264,95,side,side_left_upper,0.2228755,0.1168545,-11.04338,125.72419,0.6701,406 399 389 407,401 391 392 402
5,polySurface80Shape,265,95,side,side_left_upper,0.2237103,0.0890425,-12.08763,123.95357,-0.68897,407 389 388 408,402 392 403 404
5,polySurface80Shape,266,95,side,side_left,0.22572,0.0623793,-13.0088,122.58266,-2.40817,408 388 396 409,404 403 405 406
5,polySurface80Shape,267,95,side,side_left,0.2276522,0.0377277,-14.07492,121.6633,-3.98404,409 396 386 410,406 405 407 408
5,polySurface80Shape,268,95,side,side_left,0.2305036,0.0180567,-15.22057,121.31966,-5.1152,410 386 387,408 407 409
5,polySurface80Shape,269,95,side,side_top_bridge,0.2401673,0.2314537,-5.26906,133.32988,0.33176,415 402 403 416,410 397 398 411
5,polySurface80Shape,270,95,side,side_top_bridge,0.2405176,0.2042338,-6.94306,131.8954,0.53,416 403 404 412,411 398 399 412
5,polySurface80Shape,271,95,side,side_left_upper,0.2413814,0.1747901,-8.60627,130.20031,0.31346,412 404 405 394,412 399 400 413
5,polySurface80Shape,272,95,side,side_left_upper,0.2433766,0.1444695,-10.02156,128.28386,-0.20177,394 405 406 393,413 400 401 414
5,polySurface80Shape,273,95,side,side_left_upper,0.2442239,0.1122557,-11.16978,126.18728,-1.0227,393 406 407 392,414 401 402 415
5,polySurface80Shape,274,95,side,side_left_upper,0.2421906,0.0805238,-12.23224,124.30521,-2.2411,392 407 408 391,415 402 404 416
5,polySurface80Shape,275,95,side,side_left,0.2397718,0.0554716,-13.12274,122.99919,-3.50378,391 408 409 395,416 404 406 417
5,polySurface80Shape,276,95,side,side_left,0.238196,0.0334753,-14.17939,122.04823,-4.62334,395 409 410 390,417 406 408 418
5,polySurface80Shape,277,95,side,side_left,0.2363613,0.0159033,-15.29788,121.53901,-5.40396,390 410 387,418 408 409
5,polySurface80Shape,278,81,side,side_top_bridge,0.958406,0.3206539,1.93948,130.96289,7.2212,418 419 420 417,419 420 421 422
5,polySurface80Shape,279,81,side,side_top_bridge,0.9581359,0.3214728,2.89052,130.47353,7.57164,417 420 421 422,422 421 423 424
5,polySurface80Shape,280,81,side,side_right_upper,0.9577015,0.3240635,4.9746,128.53583,8.13508,423 424 425 426,425 426 427 428
5,polySurface80Shape,281,81,side,side_left_upper,0.9577015,0.3142963,-4.9746,128.53583,8.13508,430 427 428 429,429 430 431 432
5,polySurface80Shape,282,87,side,side_top_bridge,0.9875917,0.2961834,5.00702,133.31477,6.45324,497 498 500 501,433 434 435 436
5,polySurface80Shape,283,87,side,side_top_bridge,0.9876538,0.291909,6.22239,132.02128,6.89284,499 497 501,437 433 436
5,polySurface80Shape,284,81,side,side_right,0.964212,0.3300568,11.36791,118.35534,-0.30942,508 527 538 537,438 439 440 441
5,polySurface80Shape,285,81,side,side_right,0.9642232,0.3301182,11.49212,117.45735,-0.32408,504 538 527,442 440 439
5,polySurface80Shape,286,90,side,side_top_bridge,0.993822,0.2897676,6.52639,129.33949,6.91453,513 514 539 540,443 444 445 446
5,polySurface80Shape,287,90,side,side_right_upper,0.9936797,0.2891381,7.61182,127.0643,6.51981,515 513 540 541,447 443 446 448
5,polySurface80Shape,288,81,side,side_right_upper,0.959577,0.327362,8.53031,124.83841,5.70243,516 515 541 542,449 450 451 452
5,polySurface80Shape,289,81,side,side_right,0.9611948,0.3287336,10.17662,120.1939,3.60391,518 685 517 543 544,453 454 455 456 457
5,polySurface80Shape,290,81,side,side_right,0.9621457,0.3301589,10.41372,117.04611,2.37056,520 519 545,458 459 460
5,polySurface80Shape,291,81,side,side_right,0.9622459,0.3303837,10.02818,116.64363,2.24075,521 520 545 546,461 458 460 462
5,polySurface80Shape,292,81,side,side_right,0.9617955,0.3313403,8.5382,115.21581,2.8249,524 523 547 548,463 464 465 466
5,polySurface80Shape,293,81,side,side_right,0.9619023,0.3295178,10.36449,118.35765,2.6863,528 518 544 549,467 453 457 468
5,polySurface80Shape,294,81,side,side_right,0.962121,0.3305564,9.87077,116.25456,2.40281,529 521 546,469 461 462
5,polySurface80Shape,295,81,side,side_right,0.9621794,0.3300013,10.35789,117.46627,2.32696,519 528 549 545,459 467 468 460
5,polySurface80Shape,296,81,side,side_right,0.9610003,0.3321371,7.65073,114.09737,3.85634,534 533 550 551,470 471 472 473
5,polySurface80Shape,297,81,side,side_right,0.9601054,0.3325732,7.52829,113.46583,5.01702,535 930 932,474 475 476
5,polySurface80Shape,298,81,side,side_right,0.9614475,0.3317387,8.01066,114.6464,3.27637,533 524 548 550,471 463 466 472
5,polySurface80Shape,299,81,side,side_right,0.9620761,0.3308934,9.24924,115.8441,2.46108,523 529 546 547,464 469 462 465
5,polySurface80Shape,300,81,side,side_right_upper,0.9596271,0.324244,6.0288,128.75016,5.63755,539 943 540,477 478 479
5,polySurface80Shape,301,81,side,side_right_upper,0.9602981,0.32563,7.04045,127.02114,4.76722,540 943 944 541,479 478 480 451
5,polySurface80Shape,302,81,side,side_right_upper,0.9608228,0.3268822,7.81598,124.82753,4.08653,541 944 945 542,451 480 481 452
5,polySurface80Shape,303,81,side,side_right,0.9629555,0.3292604,10.23869,119.70662,1.32024,552 553 686,482 483 484
5,polySurface80Shape,304,81,side,side_right,0.9601624,0.3326427,7.50885,113.43066,4.94314,535 931 933,474 485 486
5,polySurface80Shape,305,81,side,side_right,0.9638216,0.32909,10.31528,120.21718,0.19678,536 537 553 552,487 441 483 482
5,polySurface80Shape,306,35,side,side_right,0.0231713,0.136256,9.74713,120.40425,5.0324,560 447 446 561,488 489 490 491
5,polySurface80Shape,307,35,side,side_right,0.0215513,0.1144731,9.84194,118.81384,4.19859,561 446 576 562,491 490 492 493
5,polySurface80Shape,308,35,side,side_right,0.0213929,0.0602789,7.69444,116.30412,4.39233,567 577 556 568,494 495 496 497
5,polySurface80Shape,309,35,side,side_right_upper,0.0241333,0.1915711,8.73238,124.76998,7.34541,558 442 448 559,498 499 500 501
5,polySurface80Shape,310,35,side,side_right,0.0242473,0.1646628,9.37607,122.58183,6.27955,447 560 559 448,489 488 501 500
5,polySurface80Shape,311,35,side,side_right,0.0204935,0.0750572,8.59813,116.67099,4.08521,566 578 577 567,502 503 495 494
5,polySurface80Shape,312,35,side,side_right,0.0241332,0.0419849,6.49885,116.07835,4.98487,554 571 568 556,504 505 497 496
5,polySurface80Shape,313,35,side,side_right,0.0204682,0.0839952,9.07795,116.98553,3.92943,565 579 578 566,506 507 503 502
5,polySurface80Shape,314,35,side,side_right,0.0207584,0.1038306,9.73811,118.08553,3.9612,562 576 580 563,493 492 508 509
5,polySurface80Shape,315,35,side,side_right,0.0204858,0.0900006,9.34022,117.27153,3.87752,564 581 579 565,510 511 507 506
5,polySurface80Shape,316,35,side,side_right,0.0205279,0.096625,9.56429,117.644,3.88684,563 580 581 564,509 508 511 510
5,polySurface80Shape,317,35,side,side_right_upper,0.0372242,0.1858926,9.7407,124.86148,6.50196,516 515 558 559,512 513 498 501
5,polySurface80Shape,318,35,side,side_right,0.0370315,0.158271,10.34639,122.58103,5.45042,560 517 516 559,488 514 512 501
5,polySurface80Shape,319,35,side,side_right,0.0363492,0.128769,10.7334,120.24904,4.13479,518 685 517 560 561,515 516 514 488 491
5,polySurface80Shape,320,35,side,side_right,0.0342236,0.1100586,10.70632,118.57892,3.3985,582 518 561 562,517 515 491 493
5,polySurface80Shape,321,35,side,side_right,0.0345756,0.1020782,10.59093,117.79296,3.12914,583 582 562 563,518 517 493 509
5,polySurface80Shape,322,35,side,side_right,0.0347012,0.0969663,10.39287,117.29948,3.04186,584 583 563 564,519 518 509 510
5,polySurface80Shape,323,35,side,side_right,0.0347618,0.0920999,10.13041,116.86444,3.01918,585 584 564 565,520 519 510 506
5,polySurface80Shape,324,35,side,side_right,0.0347298,0.0875094,9.81375,116.50893,3.05913,586 585 565 566,521 520 506 502
5,polySurface80Shape,325,35,side,side_right,0.0346634,0.0803018,9.23382,116.10822,3.19649,587 586 566 567,522 521 502 494
5,polySurface80Shape,326,35,side,side_right,0.0347655,0.0673391,8.14517,115.63504,3.46926,568 555 587 567,497 523 522 494
5,polySurface80Shape,327,35,side,side_right,0.0290028,0.0117361,4.49086,116.44686,6.72627,572 569 573,524 525 526
5,polySurface80Shape,328,35,side,side_right,0.0303853,0.0132994,4.52334,116.26741,6.62835,573 569 574,526 525 527
5,polySurface80Shape,329,35,side,side_right,0.0336329,0.0494362,6.74278,115.45645,4.19374,570 555 568 571,528 523 497 505
5,polySurface80Shape,330,35,side,side_right,0.0273369,0.0239584,5.29592,116.17098,5.91092,554 572 573 571,504 524 526 505
5,polySurface80Shape,331,35,side,side_right,0.0315442,0.0286615,5.39618,115.77561,5.51869,570 571 573 574,528 505 526 527
5,polySurface80Shape,332,81,side,side_right_upper,0.9580854,0.3274319,8.01041,125.09461,7.63709,448 442 588,529 530 531
5,polySurface80Shape,333,81,side,side_right,0.960571,0.3303703,7.19464,116.61179,4.41318,577 589 590 556,532 533 534 535
5,polySurface80Shape,334,81,side,side_right,0.960096,0.3308339,6.24927,116.35418,5.02935,556 590 591 554,535 534 536 537
5,polySurface80Shape,335,81,side,side_right,0.9594886,0.3312261,5.23306,116.30867,5.81712,554 591 592 572,537 536 538 539
5,polySurface80Shape,336,81,side,side_right,0.9588624,0.3314047,4.47013,116.47651,6.62918,572 592 569,539 538 540
5,polySurface80Shape,337,81,side,side_right,0.9604995,0.3287063,8.82839,120.4044,4.50587,447 543 593 446,541 456 542 543
5,polySurface80Shape,338,81,side,side_right,0.9610034,0.3292237,9.031,118.80575,3.8524,446 593 594 576,543 542 544 545
5,polySurface80Shape,339,81,side,side_right,0.9597182,0.3280044,8.28976,122.6037,5.5194,448 542 543 447,529 452 456 541
5,polySurface80Shape,340,81,side,side_right,0.9609588,0.3299518,8.02596,116.96815,3.9101,578 595 589 577,546 547 533 532
5,polySurface80Shape,341,81,side,side_right,0.9609497,0.3297167,8.50436,117.23618,3.92193,579 595 578,548 547 546
5,polySurface80Shape,342,81,side,side_right,0.96096,0.3293878,9.07012,118.22046,3.90866,576 594 580,545 544 549
5,polySurface80Shape,343,81,side,side_right,0.9611644,0.3296034,8.69092,117.57797,3.64351,581 594 595 579,550 544 547 548
5,polySurface80Shape,344,81,side,side_right,0.960994,0.3294487,8.96396,117.94712,3.86437,580 594 581,549 544 550
5,polySurface80Shape,345,81,side,side_right_upper,0.9587586,0.3274036,7.6311,124.74597,6.76393,588 596 542 448,531 551 452 529
5,polySurface80Shape,346,81,side,side_right,0.9611103,0.3287069,9.99841,120.24916,3.71356,593 543 517 685 518,542 456 455 454 453
5,polySurface80Shape,347,81,side,side_right,0.9618154,0.3293394,10.20721,117.83037,2.79925,594 582 583,544 552 553
5,polySurface80Shape,348,81,side,side_right,0.9616202,0.3292111,9.89538,118.57083,3.05232,594 593 518 582,544 542 453 552
5,polySurface80Shape,349,81,side,side_right,0.9607059,0.3310302,6.4932,115.73229,4.23822,591 590 555 570,536 534 554 555
5,polySurface80Shape,350,81,side,side_right,0.9612826,0.3305254,7.64537,115.94271,3.49011,590 589 587 555,534 533 556 554
5,polySurface80Shape,351,81,side,side_right,0.9616441,0.330062,8.66165,116.40537,3.02138,589 595 586 587,533 547 557 556
5,polySurface80Shape,352,81,side,side_right,0.9618444,0.3298176,9.48543,116.60072,2.76154,595 585 586,547 558 557
5,polySurface80Shape,353,81,side,side_right,0.9618262,0.3296375,9.48111,117.17088,2.78517,595 594 584 585,547 544 559 558
5,polySurface80Shape,354,81,side,side_right,0.9618627,0.3294448,10.06872,117.48776,2.73772,594 583 584,544 553 559
5,polySurface80Shape,355,81,side,side_right,0.959791,0.3314115,5.33333,115.9133,5.42489,574 592 591 570,560 538 536 555
5,polySurface80Shape,356,81,side,side_right,0.9589379,0.3315145,4.50261,116.29707,6.53126,569 592 574,540 538 560
5,polySurface80Shape,357,81,side,side_right_upper,0.9586216,0.3259513,6.23636,126.77991,6.94163,541 596 424 540,451 551 426 479
5,polySurface80Shape,358,81,side,side_right_upper,0.9592855,0.3270868,6.89057,125.08997,6.08055,542 596 541,452 551 451
5,polySurface80Shape,359,81,side,side_right_upper,0.959577,0.327362,8.53031,124.83841,5.70243,516 542 541 515,449 452 451 450
5,polySurface80Shape,360,81,side,side_right,0.9603573,0.3279544,9.26008,122.6029,4.69028,517 543 542 516,455 456 452 449
5,polySurface80Shape,361,76,side,side_right_upper,0.4178609,0.3251656,8.66074,130.13684,2.71842,597 598 512 503,561 562 563 564
5,polySurface80Shape,362,76,side,side_right_upper,0.4172341,0.2835089,10.09023,127.64977,2.22806,599 597 503 502,565 561 564 566
5,polySurface80Shape,363,76,side,side_right,0.4240531,0.1147126,11.51766,116.71601,-1.19904,601 602 603 600,567 568 569 570
5,polySurface80Shape,364,76,side,side_right,0.4228878,0.1687426,11.82022,120.28778,-0.31773,604 605 509 508,571 572 573 574
5,polySurface80Shape,365,76,side,side_right_upper,0.4184313,0.2438804,11.07579,125.16186,1.43065,606 599 502 510,575 565 566 576
5,polySurface80Shape,366,76,side,side_right,0.4206892,0.2064523,11.60673,122.75079,0.53143,605 606 510 509,572 575 576 573
5,polySurface80Shape,367,76,side,side_right,0.4472677,0.1107558,11.48447,116.77236,-2.80327,602 601 608 607,568 567 577 578
5,polySurface80Shape,368,76,side,side_right,0.4473818,0.1632492,11.73649,120.33383,-2.04277,605 604 609 610,572 571 579 580
5,polySurface80Shape,369,76,side,side_right,0.4470463,0.2006152,11.51256,122.84674,-1.32841,610 611 606 605,580 581 575 572
5,polySurface80Shape,370,76,side,side_right_upper,0.4463983,0.2386853,10.97612,125.31425,-0.52486,611 612 599 606,581 582 565 575
5,polySurface80Shape,371,76,side,side_right_upper,0.445493,0.2788371,10.04268,127.7664,0.26565,612 613 597 599,582 583 561 565
5,polySurface80Shape,372,76,side,side_right_upper,0.4455425,0.3211415,8.66733,130.19413,0.81544,598 597 613 614,562 561 583 584
5,polySurface80Shape,373,76,side,side_right,0.4475975,0.1386456,11.7533,118.65426,-2.46015,609 604 617 618,579 571 585 586
5,polySurface80Shape,374,76,side,side_right,0.4240009,0.1431859,11.82699,118.60331,-0.81763,617 604 508 619,585 571 574 587
5,polySurface80Shape,375,76,side,side_right,0.4476121,0.1255707,11.67219,117.76428,-2.63802,617 602 607 618,585 568 578 586
5,polySurface80Shape,376,76,side,side_right,0.4240552,0.1297587,11.7265,117.71315,-1.00792,602 617 619 603,568 585 587 569
5,polySurface80Shape,377,76,side,side_right,0.4244184,0.0951503,11.07929,115.4787,-1.48948,601 600 620 621,567 570 588 589
5,polySurface80Shape,378,76,side,side_right,0.4466401,0.0915347,11.06424,115.53122,-3.03058,608 601 621 622,577 567 589 590
5,polySurface80Shape,379,76,side,side_right,0.4252373,0.0707768,10.20809,114.12495,-1.86264,621 620 624 623,589 588 591 592
5,polySurface80Shape,380,76,side,side_right,0.4290268,0.0221694,8.17284,111.62583,-2.45766,626 625 627,593 594 595
5,polySurface80Shape,381,76,side,side_right,0.4455993,0.0679008,10.20295,114.15163,-3.27135,622 621 623 628,590 589 592 596
5,polySurface80Shape,382,76,side,side_right,0.442908,0.0428828,9.063,112.81183,-3.31731,629 628 623 626,597 596 592 593
5,polySurface80Shape,383,76,side,side_right,0.4378512,0.0218487,8.18288,111.63402,-3.05404,627 629 626,595 597 593
5,polySurface80Shape,384,81,side,side_right,0.9648136,0.3324405,10.74896,115.47973,-1.08969,620 600 630 631,598 599 600 601
5,polySurface80Shape,385,81,side,side_right,0.9651332,0.3334694,9.89601,114.17105,-1.50417,624 620 631 632,602 598 601 603
5,polySurface80Shape,386,81,side,side_right,0.9654727,0.3346083,8.81849,112.8689,-1.94458,625 624 632 633,604 602 603 605
5,polySurface80Shape,387,81,side,side_right,0.9657616,0.335613,8.05351,111.67404,-2.31943,627 625 633,606 604 605
5,polySurface80Shape,388,81,side,side_right,0.9645739,0.3315952,11.18922,116.69563,-0.77878,600 603 634 630,599 607 608 600
5,polySurface80Shape,389,81,side,side_right,0.9642759,0.3303485,11.35562,118.59709,-0.39227,619 508 537 635,609 438 441 610
5,polySurface80Shape,390,81,side,side_right,0.9644177,0.3309362,11.40214,117.69478,-0.57622,603 619 635 634,607 609 610 608
5,polySurface80Shape,391,81,side,side_right,0.9648895,0.3302619,10.87325,118.62528,-1.1881,635 537 642 643,610 441 611 612
5,polySurface80Shape,392,81,side,side_right,0.9650293,0.3309188,10.9257,117.72111,-1.36949,634 635 643 644,608 610 612 613
5,polySurface80Shape,393,81,side,side_right,0.9651777,0.3316218,10.72418,116.72454,-1.56207,630 634 644 645,600 608 613 614
5,polySurface80Shape,394,81,side,side_right,0.9653961,0.3325075,10.29486,115.52413,-1.84526,631 630 645 646,601 600 614 615
5,polySurface80Shape,395,81,side,side_right,0.965677,0.3335482,9.51697,114.23538,-2.2094,632 631 646 946,603 601 615 616
5,polySurface80Shape,396,81,side,side_right,0.9661141,0.335609,7.96241,111.72103,-2.77657,648 627 633,617 606 605
5,polySurface80Shape,397,81,side,side_top_bridge,0.9639604,0.3220124,5.13354,132.75554,0.01701,616 615 637 636,618 619 620 621
5,polySurface80Shape,398,81,side,side_top_bridge,0.9637563,0.3229755,6.72073,131.47839,0.28177,615 614 638 637,619 622 623 620
5,polySurface80Shape,399,81,side,side_right_upper,0.9637758,0.3239848,8.1585,129.86352,0.25647,614 613 639 638,622 624 625 623
5,polySurface80Shape,400,81,side,side_right_upper,0.964105,0.3251574,9.39125,127.7058,-0.17049,613 612 640 639,624 626 627 625
5,polySurface80Shape,401,81,side,side_right_upper,0.9646146,0.3263772,10.27393,125.32095,-0.83169,612 611 641 640,626 628 629 627
5,polySurface80Shape,402,81,side,side_right,0.9651248,0.3276732,10.84906,122.85786,-1.49354,611 610 536 641,628 630 487 629
5,polySurface80Shape,403,81,side,side_right,0.9655667,0.3291425,11.14277,120.34534,-2.06649,610 609 642 536,630 631 611 487
5,polySurface80Shape,404,81,side,side_right,0.9658546,0.3302227,11.17461,118.65505,-2.43996,609 618 643 642,631 632 612 611
5,polySurface80Shape,405,81,side,side_right,0.9659927,0.3308359,11.08711,117.75984,-2.61921,618 607 644 643,632 633 613 612
5,polySurface80Shape,406,81,side,side_right,0.966124,0.3315235,10.9015,116.76715,-2.78948,607 608 645 644,633 634 614 613
5,polySurface80Shape,407,81,side,side_right,0.9663036,0.3324066,10.48501,115.55021,-3.02231,608 622 646 645,634 635 615 614
5,polySurface80Shape,408,81,side,side_right,0.9666141,0.3334654,9.72949,114.2178,-3.42506,622 628 647 646,635 636 637 615
5,polySurface80Shape,409,81,side,side_right,0.9667469,0.3345993,8.77261,112.90251,-3.59728,628 629 648 647,636 638 617 637
5,polySurface80Shape,410,81,side,side_right,0.9664546,0.3356041,8.04149,111.69671,-3.2181,629 627 648,638 606 617
5,polySurface80Shape,411,81,side,side_top_bridge,0.9581542,0.3229553,4.59334,129.92154,7.5479,661 539 423,639 477 425
5,polySurface80Shape,412,81,side,side_top_bridge,0.9579708,0.3225949,4.14083,129.97334,7.78587,423 421 661,425 423 639
5,polySurface80Shape,413,81,side,side_top_bridge,0.9610533,0.3221345,4.52144,131.4576,3.78765,661 662 636 637 947,639 640 621 620 641
5,polySurface80Shape,414,81,side,side_top_bridge,0.9604503,0.3234722,5.87993,129.82621,4.56975,943 539 947,478 477 641
5,polySurface80Shape,415,81,side,side_top_bridge,0.9613924,0.3210018,2.8905,132.32833,3.34777,666 636 662 663,642 621 640 643
5,polySurface80Shape,416,81,side,side_top_bridge,0.9623333,0.319876,1.13236,132.78114,2.12684,668 667 666 663 665,644 645 642 643 646
5,polySurface80Shape,417,81,side,side_top_bridge,0.9589469,0.3195129,0.45681,131.7289,6.51918,665 663 669 670,646 643 647 648
5,polySurface80Shape,418,35,side,side_top_bridge,0.0262932,0.3673384,0.44073,132.82269,7.16831,650 651 649 439,649 650 651 652
5,polySurface80Shape,419,35,side,side_top_bridge,0.0234179,0.3213017,2.97303,133.61168,7.59175,437 652 653 438,653 654 655 656
5,polySurface80Shape,420,35,side,side_top_bridge,0.0234514,0.2947286,4.32931,132.53488,8.07415,654 652 437 436,657 654 653 658
5,polySurface80Shape,421,35,side,side_top_bridge,0.0244901,0.3471386,1.55647,133.70877,7.26255,439 438 653 650,652 656 655 649
5,polySurface80Shape,422,35,side,side_top_bridge,0.0379979,0.2981155,4.77047,133.09715,7.1762,497 498 652 654,659 660 654 657
5,polySurface80Shape,423,35,side,side_top_bridge,0.0387911,0.3231271,3.22842,134.16209,6.62281,653 652 498 657,655 654 660 661
5,polySurface80Shape,424,35,side,side_top_bridge,0.0393276,0.3453693,1.67024,134.23893,6.28373,650 653 657 656,649 655 661 662
5,polySurface80Shape,425,35,side,side_top_bridge,0.0360604,0.3655256,0.4696,133.34963,6.46028,655 651 650 656,663 650 649 662
5,polySurface80Shape,426,81,side,side_top_bridge,0.9642854,0.3210776,3.45059,133.71942,-0.40458,616 636 666 658,618 621 642 664
5,polySurface80Shape,427,81,side,side_top_bridge,0.9645471,0.3202762,1.86673,134.00566,-0.74405,658 666 667 659,664 642 645 665
5,polySurface80Shape,428,81,side,side_top_bridge,0.9645824,0.3195404,0.56841,133.77182,-0.78992,659 667 668 660,665 645 644 666
5,polySurface80Shape,429,81,side,side_right,0.9647812,0.3293971,10.71354,119.93112,-1.04763,536 642 537,487 611 441
5,polySurface80Shape,430,81,side,side_right,0.9603573,0.3279544,9.26008,122.6029,4.69028,516 542 543 517,449 452 456 455
5,polySurface80Shape,431,35,side,side_top_bridge,0.0235539,0.2710326,5.437,131.04364,8.43355,435 575 654 436,667 668 657 658
5,polySurface80Shape,432,35,side,side_right_upper,0.0238364,0.2186418,7.74732,127.00004,8.11925,442 558 557 443,499 498 669 670
5,polySurface80Shape,433,35,side,side_top_bridge,0.0377727,0.2724795,6.09759,131.53911,7.59317,654 575 514 497,657 668 671 659
5,polySurface80Shape,434,35,side,side_right_upper,0.0372167,0.2143192,8.70762,127.21206,7.27453,513 557 558 515,672 669 498 513
5,polySurface80Shape,435,35,side,side_top_bridge,0.0235759,0.2464204,6.54879,129.20544,8.49364,435 443 557 575,667 670 669 668
5,polySurface80Shape,436,35,side,side_top_bridge,0.0375322,0.2446522,7.38732,129.56528,7.65266,514 575 557 513,671 668 669 672
5,polySurface80Shape,437,76,side,side_right,0.4267287,0.0442901,9.05505,112.79964,-2.21232,624 625 626 623,591 594 593 592
5,polySurface80Shape,438,81,side,side_right,0.9661062,0.3345291,8.68259,113.07672,-2.76628,633 632 946 647 648,605 603 616 637 617
5,polySurface80Shape,439,81,side,side_right,0.9607093,0.3293671,8.38647,118.16699,4.23361,459 458 672 671,673 674 675 676
5,polySurface80Shape,440,81,side,side_right_upper,0.957987,0.3260263,6.16859,126.71054,7.76484,453 425 424 596,677 427 426 551
5,polySurface80Shape,441,81,side,side_right,0.9594249,0.3296438,6.36256,117.03233,5.89966,444 463 673,678 679 680
5,polySurface80Shape,442,81,side,side_right,0.9601622,0.329031,8.45279,120.6493,4.9433,456 455 675 674,681 682 683 684
5,polySurface80Shape,443,81,side,side_right_upper,0.9586133,0.3276244,7.22416,124.69359,6.95232,454 453 596 676,685 677 551 686
5,polySurface80Shape,444,81,side,side_right,0.9593982,0.3285059,8.00958,122.68243,5.93416,455 454 676 675,682 685 686 683
5,polySurface80Shape,445,81,side,side_right,0.9606383,0.3294016,8.19593,117.85658,4.3256,460 459 671 677,687 673 676 688
5,polySurface80Shape,446,81,side,side_right,0.9598467,0.3295442,6.96082,117.14127,5.35267,463 462 678 673,679 689 690 680
5,polySurface80Shape,447,81,side,side_right,0.9602634,0.3294552,7.5739,117.3899,4.81219,462 461 679 678,689 691 692 690
5,polySurface80Shape,448,81,side,side_right,0.9606006,0.3292704,8.56485,119.20437,4.37464,457 456 674 680,693 681 684 694
5,polySurface80Shape,449,81,side,side_right,0.9605063,0.329425,7.94873,117.62228,4.49705,461 460 677 679,691 687 688 692
5,polySurface80Shape,450,81,side,side_right,0.960712,0.3293265,8.50664,118.56315,4.2303,458 457 680 672,674 693 694 675
5,polySurface80Shape,451,81,side,side_right_upper,0.9585692,0.3275989,7.76807,124.76829,7.00949,588 681 676 596,531 695 686 551
5,polySurface80Shape,452,81,side,side_right,0.9593664,0.3283623,8.51823,122.71712,5.97547,681 682 675 676,695 696 683 686
5,polySurface80Shape,453,81,side,side_right,0.9601713,0.3289041,8.92034,120.64468,4.93148,682 683 674 675,696 697 684 683
5,polySurface80Shape,454,81,side,side_right,0.9606603,0.3291965,8.99915,119.15386,4.29725,683 684 680 674,697 698 694 684
5,polySurface80Shape,455,81,side,side_right,0.9607733,0.3293165,8.95309,118.44425,4.15083,684 580 672 680,698 549 675 694
5,polySurface80Shape,456,81,side,side_right,0.9607727,0.329421,8.84653,117.98993,4.15141,580 581 671 672,549 550 676 675
5,polySurface80Shape,457,81,side,side_right,0.960742,0.3295032,8.63211,117.65324,4.19115,581 579 677 671,550 548 688 676
5,polySurface80Shape,458,81,side,side_right,0.9606465,0.3295726,8.35539,117.39547,4.31508,579 578 679 677,548 546 692 688
5,polySurface80Shape,459,81,side,side_right,0.9604291,0.3296369,7.93452,117.10626,4.59716,578 450 678 679,546 699 690 692
5,polySurface80Shape,460,81,side,side_right,0.9600002,0.329702,7.1867,116.85489,5.15362,450 445 673 678,699 700 680 690
5,polySurface80Shape,461,81,side,side_right,0.9595142,0.3297258,6.44249,116.87064,5.78386,445 444 673,700 678 680
5,polySurface80Shape,462,81,side,side_right_upper,0.9582623,0.3275694,8.1257,124.75394,7.40757,442 448 681 588,530 529 695 531
5,polySurface80Shape,463,81,side,side_right,0.9590985,0.3282412,8.81104,122.63446,6.3232,448 447 682 681,529 541 696 695
5,polySurface80Shape,464,81,side,side_right,0.9599572,0.3288134,9.16955,120.52898,5.20925,447 446 683 682,541 543 697 696
5,polySurface80Shape,465,81,side,side_right,0.9604918,0.3291478,9.23737,119.00978,4.51586,446 452 684 683,543 701 698 697
5,polySurface80Shape,466,81,side,side_right,0.9606152,0.3293101,9.17914,118.2933,4.35575,452 441 580 684,701 702 549 698
5,polySurface80Shape,467,81,side,side_right,0.9606216,0.3294553,9.05439,117.84668,4.34744,441 440 581 580,702 703 550 549
5,polySurface80Shape,468,81,side,side_right,0.9606145,0.3295593,8.85521,117.50607,4.35663,440 449 579 581,703 704 548 550
5,polySurface80Shape,469,81,side,side_right,0.9605598,0.3296546,8.62769,117.25445,4.42758,449 451 578 579,704 705 546 548
5,polySurface80Shape,470,81,side,side_right,0.9604325,0.3297251,8.31459,117.00884,4.59266,451 450 578,705 699 546
5,polySurface80Shape,471,81,side,side_right_upper,0.9583389,0.3240579,5.20741,128.74304,7.30827,423 539 540 424,425 477 479 426
5,polySurface80Shape,472,81,side,side_right,0.9601216,0.332597,7.49,113.46234,4.99593,535 932 931,474 476 485
5,polySurface80Shape,473,81,side,side_right,0.96133,0.3322932,7.63324,113.96045,3.42862,550 532 531 551,472 706 707 473
5,polySurface80Shape,474,81,side,side_right,0.9618868,0.3318801,8.02536,114.51587,2.7064,548 687 532 550,466 708 706 472
5,polySurface80Shape,475,81,side,side_right,0.9623109,0.3314799,8.59587,115.099,2.15648,547 688 687 548,465 709 708 466
5,polySurface80Shape,476,81,side,side_right,0.9626325,0.3310323,9.34403,115.7314,1.7393,546 530 688 547,462 710 709 465
5,polySurface80Shape,477,81,side,side_right,0.9628363,0.3299093,11.51483,118.14168,1.47486,507 526 691,711 712 713
5,polySurface80Shape,478,81,side,side_right,0.9630281,0.3300595,11.37182,117.44172,1.22605,526 505 690 691,712 714 715 713
5,polySurface80Shape,479,81,side,side_right,0.9630848,0.3302145,11.17896,116.89545,1.15259,505 506 689 690,714 716 717 715
5,polySurface80Shape,480,81,side,side_right,0.963114,0.3303742,10.87882,116.48617,1.11474,506 511 689,716 718 717
5,polySurface80Shape,481,81,side,side_right,0.9628503,0.3311352,9.70574,115.48116,1.45678,530 522 688,710 719 709
5,polySurface80Shape,482,81,side,side_right,0.9625641,0.3314729,9.11833,115.01357,1.82818,522 525 687 688,719 720 708 709
5,polySurface80Shape,483,81,side,side_right,0.9622081,0.3318121,8.4854,114.52845,2.28969,525 532 687,720 706 708
5,polySurface80Shape,484,81,side,side_right,0.9606689,0.3326632,7.59299,113.49772,4.28616,531 929 933,707 721 486
5,polySurface80Shape,485,81,side,side_right,0.9632099,0.329857,10.48717,118.3331,0.9905,553 698 713 686,483 722 723 484
5,polySurface80Shape,486,81,side,side_right,0.9633246,0.3301727,10.61973,117.35239,0.84169,698 699 505 713,722 724 714 723
5,polySurface80Shape,487,81,side,side_right,0.9632423,0.3302789,10.90839,116.88137,0.94835,699 506 505,724 716 714
5,polySurface80Shape,488,81,side,side_right,0.9633701,0.3305807,10.31319,116.34617,0.78262,699 700 709 506,724 725 726 716
5,polySurface80Shape,489,81,side,side_right,0.9633858,0.331016,9.68164,115.71372,0.76237,700 701 707 709,725 727 728 726
5,polySurface80Shape,490,81,side,side_right,0.9633517,0.3314817,8.98829,115.27735,0.80633,701 702 708 707,727 729 730 728
5,polySurface80Shape,491,81,side,side_right,0.9631391,0.3319902,8.24824,114.77306,1.08232,702 703 710 708,729 731 732 730
5,polySurface80Shape,492,81,side,side_right,0.9627618,0.3324375,7.65295,114.1588,1.57178,703 704 711 710,731 733 734 732
5,polySurface80Shape,493,81,side,side_right,0.9639683,0.3299294,10.62218,118.35244,0.00679,537 538 698 553,441 440 722 483
5,polySurface80Shape,494,81,side,side_right,0.9639622,0.3302187,10.77476,117.31286,0.0147,538 504 699 698,440 442 724 722
5,polySurface80Shape,495,81,side,side_right,0.9640289,0.3303665,10.88801,116.80907,-0.07194,504 705 699,442 735 724
5,polySurface80Shape,496,81,side,side_right,0.9639214,0.3306085,10.40216,116.34846,0.06765,705 692 700 699,735 736 725 724
5,polySurface80Shape,497,81,side,side_right,0.9639712,0.3307838,10.28484,115.91902,0.00308,692 695 700,736 737 725
5,polySurface80Shape,498,81,side,side_right,0.9638693,0.3310942,9.65214,115.59466,0.13521,695 694 701 700,737 738 727 725
5,polySurface80Shape,499,81,side,side_right,0.9638092,0.3315832,8.93028,115.14562,0.21307,694 693 702 701,738 739 729 727
5,polySurface80Shape,500,81,side,side_right,0.9635812,0.3321679,8.13487,114.66576,0.50882,693 697 703 702,739 740 731 729
5,polySurface80Shape,501,81,side,side_right,0.9631013,0.3327073,7.48726,114.04772,1.13122,697 696 704 703,740 741 733 731
5,polySurface80Shape,502,81,side,side_right,0.9623501,0.3329814,7.25877,113.52425,2.1055,696 714 715 704,741 742 743 733
5,polySurface80Shape,503,81,side,side_right,0.9621983,0.3327463,7.39677,113.64949,2.30244,704 715 716 711,733 743 744 734
5,polySurface80Shape,504,81,side,side_right,0.9628082,0.3298517,11.21126,118.34428,1.5113,686 713 526 507,484 723 712 711
5,polySurface80Shape,505,81,side,side_right,0.9629695,0.3300338,11.28928,117.53669,1.30219,713 505 526,723 714 712
5,polySurface80Shape,506,81,side,side_right,0.9630709,0.3304581,10.86499,116.26593,1.17056,506 709 706,716 726 745
5,polySurface80Shape,507,81,side,side_right,0.9616236,0.3330103,7.30989,113.33798,3.04787,715 714 712,743 742 746
5,polySurface80Shape,508,81,side,side_right,0.9615864,0.3329026,7.37593,113.41198,3.09606,716 715 712,744 743 746
5,polySurface80Shape,509,81,side,side_left,0.964212,0.3083527,-11.36791,118.35534,-0.30942,725 754 755 744,747 748 749 750
5,polySurface80Shape,510,81,side,side_left,0.9642232,0.3082759,-11.49212,117.45735,-0.32408,721 744 755,751 750 749
5,polySurface80Shape,511,90,side,side_top_bridge,0.994254,0.2892022,-6.52639,129.33949,6.91453,730 757 756 731,752 753 754 755
5,polySurface80Shape,512,90,side,side_left_upper,0.9941117,0.2898298,-7.61182,127.0643,6.51981,732 758 757 730,756 757 753 752
5,polySurface80Shape,513,81,side,side_left_upper,0.959577,0.3110071,-8.53031,124.83841,5.70243,733 759 758 732,758 759 760 761
5,polySurface80Shape,514,81,side,side_left,0.9611948,0.3096396,-10.17662,120.1939,3.60391,735 761 760 734 897,762 763 764 765 766
5,polySurface80Shape,515,81,side,side_left,0.9621457,0.3082118,-10.41372,117.04611,2.37056,737 762 736,767 768 769
5,polySurface80Shape,516,81,side,side_left,0.9622459,0.3079814,-10.02818,116.64363,2.24075,738 763 762 737,770 771 768 767
5,polySurface80Shape,517,81,side,side_left,0.9618269,0.3068802,-8.56313,115.20468,2.78433,741 765 764 740,772 773 774 775
5,polySurface80Shape,518,81,side,side_left,0.9619024,0.3088568,-10.3645,118.35765,2.6863,745 766 761 735,776 777 763 762
5,polySurface80Shape,519,81,side,side_left,0.962121,0.307794,-9.87077,116.25456,2.40281,746 763 738,778 771 770
5,polySurface80Shape,520,81,side,side_left,0.9621794,0.3083727,-10.3579,117.46626,2.32696,736 762 766 745,769 768 777 776
5,polySurface80Shape,521,81,side,side_left,0.9610288,0.3060551,-7.63111,114.06774,3.81933,751 768 767 750,779 780 781 782
5,polySurface80Shape,522,81,side,side_left,0.9604403,0.3057636,-7.50588,113.63752,4.58274,752 768 751,783 780 779
5,polySurface80Shape,523,81,side,side_left,0.9614894,0.306439,-8.02103,114.62271,3.22184,750 767 765 741,782 781 773 772
5,polySurface80Shape,524,81,side,side_left,0.9620857,0.3074062,-9.25906,115.84,2.44879,740 764 763 746,775 774 771 778
5,polySurface80Shape,525,81,side,side_left,0.9629555,0.3091321,-10.23869,119.70662,1.32024,769 898 770,784 785 786
5,polySurface80Shape,526,81,side,side_left,0.9606112,0.3056644,-7.52604,113.56321,4.36113,752 748 768,783 787 780
5,polySurface80Shape,527,81,side,side_left,0.9638216,0.3093132,-10.31528,120.21718,0.19678,753 769 770 754,788 784 786 748
5,polySurface80Shape,528,35,side,side_left,0.0231702,0.6142588,-9.74713,120.40425,5.0324,777 778 480 479,789 790 791 792
5,polySurface80Shape,529,35,side,side_left,0.0215454,0.6360485,-9.84194,118.81384,4.19859,778 779 793 480,790 793 794 791
5,polySurface80Shape,530,35,side,side_left,0.0213953,0.6902878,-7.69444,116.30412,4.39233,784 785 773 794,795 796 797 798
5,polySurface80Shape,531,35,side,side_left_upper,0.0241359,0.5589678,-8.73238,124.76998,7.34541,775 776 481 476,799 800 801 802
5,polySurface80Shape,532,35,side,side_left,0.0242495,0.5858605,-9.37607,122.58183,6.27955,479 481 776 777,792 801 800 789
5,polySurface80Shape,533,35,side,side_left,0.020491,0.6755103,-8.59813,116.67099,4.08521,783 784 794 795,803 795 798 804
5,polySurface80Shape,534,35,side,side_left,0.0241384,0.7085669,-6.49885,116.07835,4.98487,771 773 785 788,805 797 796 806
5,polySurface80Shape,535,35,side,side_left,0.0204624,0.6665677,-9.07795,116.98553,3.92943,782 783 795 796,807 803 804 808
5,polySurface80Shape,536,35,side,side_left,0.0207499,0.6467035,-9.7381,118.08554,3.9612,779 780 797 793,793 809 810 794
5,polySurface80Shape,537,35,side,side_left,0.0204784,0.660556,-9.34022,117.27153,3.87752,781 782 796 798,811 807 808 812
5,polySurface80Shape,538,35,side,side_left,0.0205193,0.6539212,-9.56428,117.64401,3.88684,780 781 798 797,809 811 812 810
5,polySurface80Shape,539,35,side,side_left_upper,0.0372202,0.5646434,-9.7407,124.86148,6.50196,733 776 775 732,813 800 799 814
5,polySurface80Shape,540,35,side,side_left,0.0370285,0.5922498,-10.34639,122.58103,5.45042,777 776 733 734,789 800 813 815
5,polySurface80Shape,541,35,side,side_left,0.0363499,0.6217451,-10.7334,120.24904,4.13479,735 778 777 734 897,816 790 789 815 817
5,polySurface80Shape,542,35,side,side_left,0.0342295,0.640464,-10.70632,118.57892,3.3985,799 779 778 735,818 793 790 816
5,polySurface80Shape,543,35,side,side_left,0.0345842,0.648457,-10.59093,117.79296,3.12914,800 780 779 799,819 809 793 818
5,polySurface80Shape,544,35,side,side_left,0.0347101,0.6535806,-10.39287,117.29948,3.04186,801 781 780 800,820 811 809 819
5,polySurface80Shape,545,35,side,side_left,0.0347697,0.6584571,-10.13041,116.86444,3.01918,802 782 781 801,821 807 811 820
5,polySurface80Shape,546,35,side,side_left,0.0347358,0.6630538,-9.81375,116.50893,3.05913,803 783 782 802,822 803 807 821
5,polySurface80Shape,547,35,side,side_left,0.0346665,0.6702665,-9.23382,116.10822,3.19649,804 784 783 803,823 795 803 822
5,polySurface80Shape,548,35,side,side_left,0.0347649,0.6832311,-8.14517,115.63504,3.46926,785 784 804 772,796 795 823 824
5,polySurface80Shape,549,35,side,side_left,0.029004,0.7387638,-4.49086,116.44686,6.72627,789 790 786,825 826 827
5,polySurface80Shape,550,35,side,side_left,0.0303835,0.7372161,-4.52334,116.26741,6.62835,790 791 786,826 828 827
5,polySurface80Shape,551,35,side,side_left,0.0336286,0.7011247,-6.74278,115.45645,4.19374,787 788 785 772,829 806 796 824
5,polySurface80Shape,552,35,side,side_left,0.0273406,0.7265654,-5.29592,116.17098,5.91092,771 788 790 789,805 806 826 825
5,polySurface80Shape,553,35,side,side_left,0.0315401,0.7218802,-5.39618,115.77561,5.51869,787 791 790 788,829 828 826 806
5,polySurface80Shape,554,81,side,side_left,0.9605709,0.307977,-7.19464,116.61179,4.41318,794 773 807 806,830 831 832 833
5,polySurface80Shape,555,81,side,side_left,0.960096,0.3075126,-6.24927,116.35418,5.02935,773 771 808 807,831 834 835 832
5,polySurface80Shape,556,81,side,side_left,0.9594886,0.3071179,-5.23306,116.30867,5.81712,771 789 809 808,834 836 837 835
5,polySurface80Shape,557,81,side,side_left,0.9588624,0.306939,-4.47013,116.47651,6.62918,789 786 809,836 838 837
5,polySurface80Shape,558,81,side,side_left,0.9604995,0.309665,-8.82839,120.4044,4.50587,479 480 810 760,839 840 841 764
5,polySurface80Shape,559,81,side,side_left,0.9610034,0.3091411,-9.031,118.80575,3.8524,480 793 811 810,840 842 843 841
5,polySurface80Shape,560,81,side,side_left,0.9597182,0.3103748,-8.28976,122.6037,5.5194,481 479 760 759,844 839 764 759
5,polySurface80Shape,561,81,side,side_left,0.9609587,0.3083979,-8.02596,116.96815,3.9101,795 794 806 812,845 830 833 846
5,polySurface80Shape,562,81,side,side_left,0.9609497,0.308635,-8.50436,117.23618,3.92193,796 795 812,847 845 846
5,polySurface80Shape,563,81,side,side_left,0.96096,0.3089739,-9.07011,118.22048,3.90866,793 797 811,842 848 843
5,polySurface80Shape,564,81,side,side_left,0.9611644,0.3087521,-8.69092,117.57797,3.64351,798 796 812 811,849 847 846 843
5,polySurface80Shape,565,81,side,side_left,0.960994,0.3089098,-8.96394,117.94714,3.86437,797 798 811,848 849 843
5,polySurface80Shape,566,81,side,side_left_upper,0.9587586,0.3109552,-7.6311,124.74597,6.76393,805 481 759 813,850 844 759 851
5,polySurface80Shape,567,81,side,side_left,0.9611103,0.3096638,-9.99841,120.24916,3.71356,810 735 897 734 760,841 762 766 765 764
5,polySurface80Shape,568,81,side,side_left,0.9618154,0.3090194,-10.20721,117.83037,2.79925,811 800 799,843 852 853
5,polySurface80Shape,569,81,side,side_left,0.9616202,0.3091523,-9.89538,118.57083,3.05232,811 799 735 810,843 853 762 841
5,polySurface80Shape,570,81,side,side_left,0.9607059,0.3073187,-6.4932,115.73229,4.23822,808 787 772 807,835 854 855 832
5,polySurface80Shape,571,81,side,side_left,0.9612826,0.3078259,-7.64537,115.94271,3.49011,807 772 804 806,832 855 856 833
5,polySurface80Shape,572,81,side,side_left,0.9616441,0.3082919,-8.66165,116.40537,3.02138,806 804 803 812,833 856 857 846
5,polySurface80Shape,573,81,side,side_left,0.9618444,0.3085378,-9.48543,116.60072,2.76154,812 803 802,846 857 858
5,polySurface80Shape,574,81,side,side_left,0.9618262,0.3087192,-9.48111,117.17088,2.78517,812 802 801 811,846 858 859 843
5,polySurface80Shape,575,81,side,side_left,0.9618627,0.3089135,-10.06872,117.48776,2.73772,811 801 800,843 859 852
5,polySurface80Shape,576,81,side,side_left,0.959791,0.3069329,-5.33333,115.9133,5.42489,791 787 808 809,860 854 835 837
5,polySurface80Shape,577,81,side,side_left,0.9589379,0.3068289,-4.50261,116.29707,6.53126,786 791 809,838 860 837
5,polySurface80Shape,578,81,side,side_left_upper,0.9586216,0.3124053,-6.23636,126.77991,6.94163,758 757 429 813,760 861 432 851
5,polySurface80Shape,579,81,side,side_left_upper,0.9592855,0.3112726,-6.89057,125.08997,6.08055,759 758 813,759 760 851
5,polySurface80Shape,580,81,side,side_left_upper,0.959577,0.3110071,-8.53031,124.83841,5.70243,733 732 758 759,758 761 760 759
5,polySurface80Shape,581,81,side,side_left,0.9603573,0.3104182,-9.26008,122.6029,4.69028,734 733 759 760,765 758 759 764
5,polySurface80Shape,582,84,side,side_left_upper,0.5198073,0.3119144,-8.66074,130.13684,2.71841,814 720 729 815,862 863 864 865
5,polySurface80Shape,583,84,side,side_left_upper,0.520189,0.2739215,-10.09023,127.64977,2.22806,816 719 720 814,866 867 863 862
5,polySurface80Shape,584,84,side,side_left,0.521273,0.1113071,-11.51766,116.71601,-1.19904,818 817 820 819,868 869 870 871
5,polySurface80Shape,585,84,side,side_left,0.5215775,0.1634001,-11.8197,120.28906,-0.31773,821 725 726 822,872 873 874 875
5,polySurface80Shape,586,84,side,side_left_upper,0.5210969,0.2362395,-11.07579,125.16186,1.43065,823 727 719 816,876 877 867 866
5,polySurface80Shape,587,84,side,side_left,0.5215914,0.2000433,-11.60622,122.75208,0.53143,822 726 727 823,875 874 877 876
5,polySurface80Shape,588,84,side,side_left,0.4991716,0.1074128,-11.48447,116.77236,-2.80327,819 824 825 818,871 878 879 868
5,polySurface80Shape,589,84,side,side_left,0.4981143,0.1575733,-11.72064,120.37341,-2.04277,822 827 826 821,875 880 881 872
5,polySurface80Shape,590,84,side,side_left,0.4963513,0.1932645,-11.49671,122.88633,-1.32841,827 822 823 828,880 875 876 882
5,polySurface80Shape,591,84,side,side_left_upper,0.4944858,0.2296151,-10.97612,125.31425,-0.52486,828 823 816 829,882 876 866 883
5,polySurface80Shape,592,84,side,side_left_upper,0.4933278,0.2687961,-10.04268,127.7664,0.26565,829 816 814 830,883 866 862 884
5,polySurface80Shape,593,84,side,side_left_upper,0.4934853,0.310008,-8.66733,130.19413,0.81544,815 831 830 814,865 885 884 862
5,polySurface80Shape,594,84,side,side_left,0.498936,0.1337654,-11.7533,118.65426,-2.46015,826 835 834 821,881 886 887 872
5,polySurface80Shape,595,84,side,side_left,0.5213858,0.1386049,-11.82699,118.60331,-0.81763,834 836 725 821,887 888 873 872
5,polySurface80Shape,596,84,side,side_left,0.4989619,0.1214614,-11.67219,117.76428,-2.63802,834 835 824 819,887 886 878 871
5,polySurface80Shape,597,84,side,side_left,0.521393,0.125662,-11.7265,117.71315,-1.00792,819 820 836 834,871 870 888 887
5,polySurface80Shape,598,84,side,side_left,0.5209807,0.0926062,-11.07929,115.4787,-1.48948,818 838 837 817,868 889 890 869
5,polySurface80Shape,599,84,side,side_left,0.4998876,0.0891748,-11.06424,115.53122,-3.03058,825 839 838 818,879 891 889 868
5,polySurface80Shape,600,84,side,side_left,0.520121,0.069514,-10.2441,114.12493,-1.86264,838 840 841 837,889 892 893 890
5,polySurface80Shape,601,84,side,side_left,0.5131732,0.024447,-8.31826,111.62598,-2.45766,843 844 842,894 895 896
5,polySurface80Shape,602,84,side,side_left,0.5008664,0.0672586,-10.23445,114.15163,-3.27135,839 845 840 838,891 897 892 889
5,polySurface80Shape,603,84,side,side_left,0.5023205,0.04453,-9.16134,112.81186,-3.31731,846 843 840 845,898 894 892 897
5,polySurface80Shape,604,84,side,side_left,0.5048901,0.024976,-8.32053,111.63405,-3.05404,844 843 846,895 894 898
5,polySurface80Shape,605,81,side,side_left,0.9648132,0.3060277,-10.74967,115.45896,-1.08916,837 848 847 817,899 900 901 902
5,polySurface80Shape,606,81,side,side_left,0.9651328,0.3050291,-9.93512,114.16083,-1.50353,841 849 848 837,903 904 900 899
5,polySurface80Shape,607,81,side,side_left,0.9654726,0.3039198,-8.92757,112.86574,-1.94446,842 850 849 841,905 906 904 903
5,polySurface80Shape,608,81,side,side_left,0.9657616,0.3029161,-8.19631,111.67423,-2.31943,844 850 842,907 906 905
5,polySurface80Shape,609,81,side,side_left,0.9645739,0.3068632,-11.18918,116.68179,-0.77878,817 847 851 820,902 901 908 909
5,polySurface80Shape,610,81,side,side_left,0.9642759,0.3080855,-11.35562,118.59709,-0.39227,836 852 754 725,910 911 748 747
5,polySurface80Shape,611,81,side,side_left,0.9644177,0.3075174,-11.40214,117.69478,-0.57622,820 851 852 836,909 908 911 910
5,polySurface80Shape,612,81,side,side_left,0.9660067,0.3029175,-8.11188,111.71444,-2.63726,865 850 844,912 906 907
5,polySurface80Shape,613,81,side,side_top_bridge,0.9639604,0.3163496,-5.13354,132.75554,0.01701,833 853 854 832,913 914 915 916
5,polySurface80Shape,614,81,side,side_top_bridge,0.9637563,0.3153933,-6.72073,131.47839,0.28177,832 854 855 831,916 915 917 918
5,polySurface80Shape,615,81,side,side_left_upper,0.9637758,0.3143915,-8.1585,129.86352,0.25647,831 855 856 830,918 917 919 920
5,polySurface80Shape,616,81,side,side_left_upper,0.964105,0.3132254,-9.39125,127.7058,-0.17049,830 856 857 829,920 919 921 922
5,polySurface80Shape,617,81,side,side_left_upper,0.9646146,0.3120157,-10.27393,125.32095,-0.83169,829 857 858 828,922 921 923 924
5,polySurface80Shape,618,81,side,side_left,0.9651248,0.3107551,-10.83372,122.89616,-1.49354,828 858 753 827,924 923 788 925
5,polySurface80Shape,619,81,side,side_left,0.9655667,0.3093024,-11.12744,120.38364,-2.06649,827 753 859 826,925 788 926 927
5,polySurface80Shape,620,81,side,side_left,0.9658546,0.3082188,-11.17462,118.65505,-2.43996,826 859 860 835,927 926 928 929
5,polySurface80Shape,621,81,side,side_left,0.9659927,0.3076215,-11.08711,117.75984,-2.61921,835 860 861 824,929 928 930 931
5,polySurface80Shape,622,81,side,side_left,0.966124,0.3069454,-10.90149,116.76077,-2.78948,824 861 862 825,931 930 932 933
5,polySurface80Shape,623,81,side,side_left,0.9663034,0.3060776,-10.48585,115.54064,-3.02207,825 862 863 839,933 932 934 935
5,polySurface80Shape,624,81,side,side_left,0.9664999,0.3050336,-9.7363,114.20822,-3.27684,839 863 864 845,935 934 936 937
5,polySurface80Shape,625,81,side,side_left,0.9665523,0.3039205,-8.85034,112.89114,-3.34482,845 864 865 846,937 936 912 938
5,polySurface80Shape,626,81,side,side_left,0.9663471,0.3029235,-8.1857,111.69007,-3.07879,846 865 844,938 912 907
5,polySurface80Shape,627,81,side,side_top_bridge,0.9581542,0.3154045,-4.59334,129.92154,7.5479,874 430 756,939 429 940
5,polySurface80Shape,628,81,side,side_top_bridge,0.9582354,0.3165974,-3.37473,130.71802,7.44265,874 875 876 877,939 941 942 943
5,polySurface80Shape,629,81,side,side_top_bridge,0.9586,0.317542,-2.21974,131.29077,6.9702,878 876 875 879,944 942 941 945
5,polySurface80Shape,630,81,side,side_top_bridge,0.9613929,0.3173611,-2.8905,132.32833,3.34777,881 879 875 853,946 945 941 914
5,polySurface80Shape,631,81,side,side_top_bridge,0.9579708,0.3157652,-4.14083,129.97334,7.78587,430 874 877,429 939 943
5,polySurface80Shape,632,81,side,side_top_bridge,0.9587886,0.3181915,-1.3419,131.39784,6.72568,880 878 879,947 944 945
5,polySurface80Shape,633,35,side,side_top_bridge,0.0262924,0.383156,-0.44073,132.82269,7.16831,866 472 649 651,948 949 651 650
5,polySurface80Shape,634,35,side,side_top_bridge,0.023415,0.4292048,-2.97286,133.61183,7.59166,471 470 868 867,950 951 952 953
5,polySurface80Shape,635,35,side,side_top_bridge,0.023447,0.4557927,-4.32914,132.53503,8.07406,869 468 471 867,954 955 950 953
5,polySurface80Shape,636,35,side,side_top_bridge,0.0244881,0.403363,-1.55647,133.70877,7.26255,472 866 868 470,949 948 952 951
5,polySurface80Shape,637,35,side,side_top_bridge,0.0380033,0.4524071,-4.77047,133.09715,7.1762,717 869 867 718,956 954 953 957
5,polySurface80Shape,638,35,side,side_top_bridge,0.038795,0.4273815,-3.22842,134.16209,6.62281,868 871 718 867,952 958 957 953
5,polySurface80Shape,639,35,side,side_top_bridge,0.0393306,0.4051325,-1.67024,134.23893,6.28373,866 870 871 868,948 959 958 952
5,polySurface80Shape,640,35,side,side_top_bridge,0.0360618,0.38497,-0.4696,133.34963,6.46028,655 870 866 651,663 959 948 650
5,polySurface80Shape,641,81,side,side_top_bridge,0.9642854,0.3172801,-3.45059,133.71942,-0.40458,833 872 881 853,913 960 946 914
5,polySurface80Shape,642,81,side,side_top_bridge,0.9645471,0.3180789,-1.86673,134.00566,-0.74405,872 873 882 881,960 961 962 946
5,polySurface80Shape,643,81,side,side_top_bridge,0.9645824,0.3188151,-0.56841,133.77182,-0.78992,873 660 668 882,961 666 644 962
5,polySurface80Shape,644,81,side,side_left_upper,0.9627198,0.3140902,-7.69717,129.17099,1.62625,940 856 855,963 919 917
5,polySurface80Shape,645,81,side,side_left_upper,0.9625711,0.3130689,-8.4795,127.42057,1.81907,940 941 857 856,963 964 921 919
5,polySurface80Shape,646,81,side,side_left_upper,0.9630012,0.3118372,-9.292,125.07294,1.26106,858 857 941 942,923 921 964 965
5,polySurface80Shape,647,81,side,side_left,0.9603573,0.3104182,-9.26008,122.6029,4.69028,733 734 760 759,758 765 764 759
5,polySurface80Shape,648,35,side,side_top_bridge,0.0235501,0.4795135,-5.437,131.04364,8.43355,469 468 869 792,966 955 954 967
5,polySurface80Shape,649,35,side,side_left_upper,0.0238378,0.531908,-7.74732,127.00004,8.11925,476 475 774 775,802 968 969 799
5,polySurface80Shape,650,35,side,side_top_bridge,0.0377772,0.4780652,-6.09759,131.53911,7.59317,869 717 731 792,954 956 970 967
5,polySurface80Shape,651,35,side,side_left_upper,0.0372142,0.5362293,-8.70762,127.21206,7.27453,730 732 775 774,971 814 799 969
5,polySurface80Shape,652,35,side,side_top_bridge,0.023575,0.5041343,-6.54879,129.20544,8.49364,469 792 774 475,966 967 969 968
5,polySurface80Shape,653,35,side,side_top_bridge,0.0375329,0.5059022,-7.38732,129.56528,7.65266,731 730 774 792,970 971 969 967
5,polySurface80Shape,654,84,side,side_left,0.5175592,0.0448517,-9.16373,112.79973,-2.21232,841 840 843 842,893 892 894 896
5,polySurface80Shape,655,81,side,side_left,0.9607094,0.3089841,-8.38647,118.16699,4.23361,492 883 884 491,972 973 974 975
5,polySurface80Shape,656,81,side,side_left_upper,0.957987,0.3123256,-6.16859,126.71054,7.76484,486 813 429 428,976 851 432 431
5,polySurface80Shape,657,81,side,side_left,0.9594249,0.3086971,-6.36256,117.03233,5.89966,478 885 496,977 978 979
5,polySurface80Shape,658,81,side,side_left,0.9601622,0.3093415,-8.45279,120.6493,4.9433,489 886 887 488,980 981 982 983
5,polySurface80Shape,659,81,side,side_left_upper,0.9586133,0.3107366,-7.22416,124.69359,6.95232,487 888 813 486,984 985 851 976
5,polySurface80Shape,660,81,side,side_left,0.9593982,0.3098717,-8.00958,122.68243,5.93416,488 887 888 487,983 982 985 984
5,polySurface80Shape,661,81,side,side_left,0.9606383,0.3089458,-8.19593,117.85658,4.3256,493 889 883 492,986 987 973 972
5,polySurface80Shape,662,81,side,side_left,0.9598467,0.3087937,-6.96082,117.14127,5.35267,496 885 890 495,979 978 988 989
5,polySurface80Shape,663,81,side,side_left,0.9602634,0.3088845,-7.5739,117.3899,4.81219,495 890 891 494,989 988 990 991
5,polySurface80Shape,664,81,side,side_left,0.9606006,0.3090923,-8.56483,119.20439,4.37464,490 892 886 489,992 993 981 980
5,polySurface80Shape,665,81,side,side_left,0.9605063,0.3089187,-7.94873,117.62228,4.49705,494 891 889 493,991 990 987 986
5,polySurface80Shape,666,81,side,side_left,0.960712,0.309029,-8.50662,118.56317,4.2303,491 884 892 490,975 974 993 992
5,polySurface80Shape,667,81,side,side_left_upper,0.9585692,0.3107601,-7.76807,124.76829,7.00949,805 813 888 893,850 851 985 994
5,polySurface80Shape,668,81,side,side_left,0.9593664,0.3100176,-8.51823,122.71712,5.97547,893 888 887 894,994 985 982 995
5,polySurface80Shape,669,81,side,side_left,0.9601713,0.309468,-8.92034,120.64468,4.93148,894 887 886 895,995 982 981 996
5,polySurface80Shape,670,81,side,side_left,0.9606603,0.3091667,-8.99914,119.15388,4.29725,895 886 892 896,996 981 993 997
5,polySurface80Shape,671,81,side,side_left,0.9607733,0.3090419,-8.95307,118.44428,4.15083,896 892 884 797,997 993 974 848
5,polySurface80Shape,672,81,side,side_left,0.9607727,0.3089348,-8.84652,117.98994,4.15141,797 884 883 798,848 974 973 849
5,polySurface80Shape,673,81,side,side_left,0.960742,0.3088487,-8.63211,117.65324,4.19115,798 883 889 796,849 973 987 847
5,polySurface80Shape,674,81,side,side_left,0.9606465,0.3087754,-8.35539,117.39547,4.31508,796 889 891 795,847 987 990 845
5,polySurface80Shape,675,81,side,side_left,0.9604291,0.3087048,-7.93452,117.10626,4.59716,795 891 890 483,845 990 988 998
5,polySurface80Shape,676,81,side,side_left,0.9600002,0.3086349,-7.1867,116.85489,5.15362,483 890 885 477,998 988 978 999
5,polySurface80Shape,677,81,side,side_left,0.9595142,0.3086138,-6.44249,116.87064,5.78386,477 885 478,999 978 977
5,polySurface80Shape,678,81,side,side_left_upper,0.9582623,0.3108099,-8.1257,124.75394,7.40757,476 805 893 481,1000 850 994 844
5,polySurface80Shape,679,81,side,side_left,0.9590985,0.3101418,-8.81104,122.63446,6.3232,481 893 894 479,844 994 995 839
5,polySurface80Shape,680,81,side,side_left,0.9599572,0.3095587,-9.16955,120.52898,5.20925,479 894 895 480,839 995 996 840
5,polySurface80Shape,681,81,side,side_left,0.9604918,0.3092152,-9.23737,119.00978,4.51586,480 895 896 485,840 996 997 1001
5,polySurface80Shape,682,81,side,side_left,0.9606152,0.3090491,-9.17913,118.29331,4.35575,485 896 797 473,1001 997 848 1002
5,polySurface80Shape,683,81,side,side_left,0.9606216,0.3089026,-9.05438,117.84669,4.34744,473 797 798 474,1002 848 849 1003
5,polySurface80Shape,684,81,side,side_left,0.9606145,0.3087941,-8.85521,117.50607,4.35663,474 798 796 482,1003 849 847 1004
5,polySurface80Shape,685,81,side,side_left,0.9605598,0.3086948,-8.62769,117.25445,4.42758,482 796 795 484,1004 847 845 1005
5,polySurface80Shape,686,81,side,side_left,0.9604325,0.3086193,-8.31459,117.00884,4.59266,484 795 483,1005 845 998
5,polySurface80Shape,687,81,side,side_left_upper,0.9583389,0.3143024,-5.20741,128.74304,7.30827,430 429 757 756,429 432 861 940
5,polySurface80Shape,688,81,side,side_left,0.9620474,0.3094976,-9.57647,120.13727,2.49803,769 760 761 898,784 764 763 785
5,polySurface80Shape,689,81,side,side_top_bridge,0.9624291,0.3149946,-6.42796,130.34096,2.00319,940 855 854 948,963 917 915 1006
5,polySurface80Shape,690,81,side,side_top_bridge,0.9610533,0.3162291,-4.52144,131.4576,3.78765,854 853 875 874 948,915 914 941 939 1006
5,polySurface80Shape,691,81,side,side_left,0.9613206,0.3058995,-7.66118,113.95439,3.44094,767 768 748 749,781 780 787 1007
5,polySurface80Shape,692,81,side,side_left,0.9618601,0.3062924,-8.05261,114.51723,2.7411,765 767 749 742,773 781 1007 1008
5,polySurface80Shape,693,81,side,side_left,0.9622854,0.3067667,-8.61411,115.10242,2.18956,764 765 742 739,774 773 1008 1009
5,polySurface80Shape,694,81,side,side_left,0.9626237,0.3073268,-9.35027,115.73296,1.75087,763 764 739 747,771 774 1009 1010
5,polySurface80Shape,695,81,side,side_left,0.9628935,0.3077284,-10.02942,116.12373,1.40084,763 747 728,771 1010 1011
5,polySurface80Shape,696,81,side,side_left,0.9628383,0.3079445,-10.16324,116.56262,1.47242,762 763 728 899,768 771 1011 1012
5,polySurface80Shape,697,81,side,side_left,0.9629497,0.3081552,-10.60369,116.96596,1.32788,762 899 900,768 1012 1013
5,polySurface80Shape,698,81,side,side_left,0.9627973,0.3083117,-10.48583,117.42213,1.52548,766 762 900 901,777 768 1013 1014
5,polySurface80Shape,699,81,side,side_left,0.9625455,0.3086758,-10.61998,118.45598,1.85203,898 761 766 901 724,785 763 777 1014 1015
5,polySurface80Shape,700,81,side,side_left,0.9628363,0.3084775,-11.51483,118.14168,1.47486,724 901 743,1015 1014 1016
5,polySurface80Shape,701,81,side,side_left,0.9630282,0.3083282,-11.37182,117.44172,1.22605,743 901 900 722,1016 1014 1013 1017
5,polySurface80Shape,702,81,side,side_left,0.9630848,0.308176,-11.17898,116.89544,1.15259,722 900 899 723,1017 1013 1012 1018
5,polySurface80Shape,703,81,side,side_left,0.963114,0.3080278,-10.87884,116.48615,1.11474,723 899 728,1018 1012 1011
5,polySurface80Shape,704,81,side,side_left,0.9632099,0.3085335,-10.48717,118.3331,0.9905,770 898 923 908,786 785 1019 1020
5,polySurface80Shape,705,81,side,side_left,0.9633246,0.3082118,-10.61973,117.35239,0.84169,908 923 722 909,1020 1019 1017 1021
5,polySurface80Shape,706,81,side,side_left,0.9632423,0.3081042,-10.90839,116.88137,0.94835,909 722 723,1021 1017 1018
5,polySurface80Shape,707,81,side,side_left,0.9633701,0.3077934,-10.3132,116.34616,0.78262,909 723 919 910,1021 1018 1022 1023
5,polySurface80Shape,708,81,side,side_left,0.9633858,0.307346,-9.68166,115.71371,0.76237,910 919 917 911,1023 1022 1024 1025
5,polySurface80Shape,709,81,side,side_left,0.9633517,0.3068692,-8.98829,115.27735,0.80633,911 917 918 912,1025 1024 1026 1027
5,polySurface80Shape,710,81,side,side_left,0.9631391,0.3063487,-8.24824,114.77306,1.08232,912 918 920 913,1027 1026 1028 1029
5,polySurface80Shape,711,81,side,side_left,0.9627351,0.3058893,-7.61691,114.17747,1.60642,913 920 924 914,1029 1028 1030 1031
5,polySurface80Shape,712,81,side,side_left,0.9639683,0.3084701,-10.62218,118.35244,0.00679,754 770 908 755,748 786 1020 749
5,polySurface80Shape,713,81,side,side_left,0.9639622,0.3081676,-10.77476,117.31286,0.0147,755 908 909 721,749 1020 1021 751
5,polySurface80Shape,714,81,side,side_left,0.9640289,0.3080127,-10.88801,116.80907,-0.07194,721 909 915,751 1021 1032
5,polySurface80Shape,715,81,side,side_left,0.9639214,0.3077625,-10.40216,116.34845,0.06765,915 909 910 902,1032 1021 1023 1033
5,polySurface80Shape,716,81,side,side_left,0.9639712,0.3075819,-10.28484,115.91901,0.00308,902 910 905,1033 1023 1034
5,polySurface80Shape,717,81,side,side_left,0.9638693,0.3072647,-9.65215,115.59466,0.13521,905 910 911 904,1034 1023 1025 1035
5,polySurface80Shape,718,81,side,side_left,0.9638092,0.3067671,-8.93037,115.14562,0.21307,904 911 912 903,1035 1025 1027 1036
5,polySurface80Shape,719,81,side,side_left,0.9635812,0.3061783,-8.13516,114.66576,0.50882,903 912 913 907,1036 1027 1029 1037
5,polySurface80Shape,720,81,side,side_left,0.9630771,0.3056643,-7.50936,114.058,1.16261,907 913 914 906,1037 1029 1031 1038
5,polySurface80Shape,721,81,side,side_left,0.9623259,0.3054357,-7.28136,113.56158,2.1369,906 914 926 925,1038 1031 1039 1040
5,polySurface80Shape,722,81,side,side_left,0.9621541,0.3056297,-7.33692,113.70808,2.35972,914 924 928 926,1031 1030 1041 1039
5,polySurface80Shape,723,81,side,side_left,0.9624931,0.3060221,-7.83744,114.0712,1.95534,921 924 920,1042 1030 1028
5,polySurface80Shape,724,81,side,side_left,0.9614857,0.3056675,-7.44427,113.52222,3.22662,922 928 927,1043 1041 1044
5,polySurface80Shape,725,81,side,side_left,0.9628083,0.3085358,-11.21126,118.34428,1.5113,898 724 743 923,785 1015 1016 1019
5,polySurface80Shape,726,81,side,side_left,0.9629695,0.3083537,-11.28928,117.53669,1.30219,923 743 722,1019 1016 1017
5,polySurface80Shape,727,81,side,side_left,0.9630709,0.307921,-10.86499,116.26593,1.17056,723 916 919,1018 1045 1022
5,polySurface80Shape,728,81,side,side_left,0.9615581,0.3054539,-7.3201,113.37594,3.1327,926 922 925,1039 1043 1040
5,polySurface80Shape,729,81,side,side_left,0.9614977,0.3055577,-7.35348,113.46709,3.21108,928 922 926,1041 1043 1039
5,polySurface80Shape,730,81,side,side_left,0.9620881,0.3058225,-7.55032,113.76607,2.47174,928 924 921 927,1041 1030 1042 1044
5,polySurface80Shape,731,81,side,side_right,0.9605054,0.3324219,7.52641,113.6954,4.49812,932 930 534 551,476 475 470 473
5,polySurface80Shape,732,81,side,side_right,0.960684,0.3325517,7.49937,113.60588,4.26659,933 931 551 531,486 485 473 707
5,polySurface80Shape,733,81,side,side_right,0.9604747,0.3324989,7.45106,113.63526,4.53794,931 932 551,485 476 473
5,polySurface80Shape,734,81,side,side_right,0.9602027,0.3327037,7.57315,113.39017,4.89084,933 929 535,486 721 474
5,polySurface80Shape,735,81,side,side_top_bridge,0.9585856,0.3199674,1.0505,131.24237,6.98828,935 664 419 418,1046 1047 420 419
5,polySurface80Shape,736,81,side,side_top_bridge,0.9586456,0.3194346,0.33718,131.39241,6.91066,936 669 664 935,1048 647 1047 1046
5,polySurface80Shape,737,81,side,side_top_bridge,0.958135,0.3168876,-2.89286,130.47207,7.57285,937 938 877 876,1049 1050 943 942
5,polySurface80Shape,738,81,side,side_top_bridge,0.9584051,0.3177076,-1.94182,130.96143,7.22241,939 937 876 878,1051 1049 942 944
5,polySurface80Shape,739,81,side,side_top_bridge,0.9578375,0.3158496,-3.84501,129.7654,7.95872,938 427 430 877,1050 430 429 943
5,polySurface80Shape,740,81,side,side_top_bridge,0.9585856,0.3183966,-1.0505,131.24237,6.98828,934 939 878 880,1052 1051 944 947
5,polySurface80Shape,741,81,side,side_top_bridge,0.9586456,0.3189269,-0.33718,131.39241,6.91066,936 934 880 669,1048 1052 947 647
5,polySurface80Shape,742,81,side,side_top_bridge,0.9578375,0.3225113,3.84501,129.7654,7.95872,422 421 423 426,424 423 425 428
5,polySurface80Shape,743,59,side,side_top_bridge,0.2682134,0.5055289,3.14077,130.99909,8.16315,431 432 417 422,1053 1054 1055 1056
5,polySurface80Shape,744,59,side,side_top_bridge,0.266934,0.5184267,2.21501,131.84434,7.92278,418 417 432 433,1057 1055 1054 1058
5,polySurface80Shape,745,59,side,side_top_bridge,0.2716765,0.5457055,0.47988,131.80503,7.39505,936 935 434,1059 1060 1061
5,polySurface80Shape,746,59,side,side_top_bridge,0.2715678,0.4929899,3.76137,130.09968,8.30733,426 431 422,1062 1053 1056
5,polySurface80Shape,747,59,side,side_top_bridge,0.2683969,0.5321285,1.19482,132.08112,7.63241,935 418 433 434,1060 1057 1058 1061
5,polySurface80Shape,748,60,side,side_top_bridge,0.3020959,0.5152899,-3.14311,130.99763,8.16436,464 938 937 465,1063 1064 1065 1066
5,polySurface80Shape,749,60,side,side_top_bridge,0.3018018,0.5282079,-2.21735,131.84288,7.92399,939 466 465 937,1067 1068 1066 1065
5,polySurface80Shape,750,60,side,side_top_bridge,0.2972778,0.5440779,-0.47988,131.80503,7.39505,936 467 934,1069 1070 1071
5,polySurface80Shape,751,60,side,side_top_bridge,0.2998279,0.4993929,-3.76137,130.09968,8.30733,427 938 464,1072 1064 1063
5,polySurface80Shape,752,60,side,side_top_bridge,0.2998722,0.5368125,-1.19482,132.08112,7.63241,934 467 466 939,1071 1070 1068 1067
5,polySurface80Shape,753,81,side,side_left_upper,0.9602981,0.312738,-7.04045,127.02114,4.76722,758 941 940 757,760 964 963 861
5,polySurface80Shape,754,81,side,side_left_upper,0.9608228,0.3114914,-7.81598,124.82753,4.08653,942 941 758 759,965 964 760 759
5,polySurface80Shape,755,81,side,side_left,0.9610231,0.310743,-8.16971,122.97624,3.82666,760 942 759,764 965 759
5,polySurface80Shape,756,81,side,side_right,0.9634627,0.3277808,9.90434,122.64108,0.66229,552 945 641 536,482 481 629 487
5,polySurface80Shape,757,81,side,side_top_bridge,0.9582354,0.3217648,3.37473,130.71803,7.44265,662 661 421 420,640 639 423 421
5,polySurface80Shape,758,81,side,side_top_bridge,0.9585994,0.320824,2.21974,131.29077,6.9702,419 663 662 420,420 643 640 421
5,polySurface80Shape,759,81,side,side_top_bridge,0.9587878,0.3201754,1.3419,131.39784,6.72568,664 663 419,1047 643 420
5,polySurface80Shape,760,81,side,side_top_bridge,0.9588281,0.3198029,0.84385,131.51299,6.67379,669 663 664,647 643 1047
5,polySurface80Shape,761,81,side,side_top_bridge,0.9588288,0.3185604,-0.84385,131.51299,6.67379,669 880 879,647 947 945
5,polySurface80Shape,762,81,side,side_top_bridge,0.9623337,0.318483,-1.13236,132.78114,2.12684,668 665 879 881 882,644 646 945 946 962
5,polySurface80Shape,763,81,side,side_top_bridge,0.9589475,0.3188466,-0.45681,131.7289,6.51918,665 670 669 879,646 648 647 945
5,polySurface80Shape,764,81,side,side_right_upper,0.9630012,0.326548,9.292,125.07294,1.26106,945 944 640 641,481 480 627 629
5,polySurface80Shape,765,81,side,side_right_upper,0.9625711,0.3253087,8.4795,127.42057,1.81907,944 943 639 640,480 478 625 627
5,polySurface80Shape,766,81,side,side_right_upper,0.9627198,0.3242834,7.69717,129.17099,1.62625,943 638 639,478 623 625
5,polySurface80Shape,767,81,side,side_left,0.9634627,0.3106135,-9.90434,122.64108,0.66229,753 858 942 769,788 923 965 784
5,polySurface80Shape,768,81,side,side_left,0.9647812,0.3090208,-10.71354,119.93112,-1.04763,859 753 754,926 788 748
5,polySurface80Shape,769,81,side,side_left,0.9648895,0.3081731,-10.87325,118.62527,-1.1881,852 860 859 754,911 928 926 748
5,polySurface80Shape,770,81,side,side_left,0.9650293,0.3075361,-10.9257,117.72111,-1.36949,851 861 860 852,908 930 928 911
5,polySurface80Shape,771,81,side,side_left,0.9651777,0.3068366,-10.72413,116.70432,-1.56207,847 862 861 851,901 932 930 908
5,polySurface80Shape,772,81,side,side_left,0.9653955,0.3059616,-10.29641,115.49379,-1.84449,848 863 862 847,900 934 932 901
5,polySurface80Shape,773,81,side,side_left,0.9656762,0.3049581,-9.559,114.22046,-2.20846,849 864 863 848,904 936 934 900
5,polySurface80Shape,774,81,side,side_left,0.9659157,0.303892,-8.71326,112.93015,-2.51926,850 865 864 849,906 912 936 904
5,polySurface80Shape,775,81,side,side_right,0.9661536,0.3337608,9.22679,114.04174,-2.8277,946 646 647,616 615 637
5,polySurface80Shape,776,81,side,side_left_upper,0.9596271,0.3141203,-6.0288,128.75016,5.63755,757 940 756,861 963 940
5,polySurface80Shape,777,81,side,side_left,0.9618673,0.3104048,-8.99661,122.11623,2.73158,769 942 760,784 965 764
5,polySurface80Shape,778,81,side,side_right,0.9618673,0.3279776,8.99661,122.11623,2.73158,543 945 552,456 481 482
5,polySurface80Shape,779,81,side,side_right,0.9610231,0.3276334,8.16971,122.97624,3.82666,542 945 543,452 481 456
5,polySurface80Shape,780,81,side,side_right,0.9620474,0.3288859,9.57647,120.13727,2.49803,552 686 544 543,482 484 457 456
5,polySurface80Shape,781,81,side,side_right,0.9625455,0.3297084,10.61997,118.45598,1.85203,686 507 691 549 544,484 711 713 468 457
5,polySurface80Shape,782,81,side,side_right,0.9627972,0.3300714,10.48582,117.42213,1.52548,545 549 691 690,460 468 713 715
5,polySurface80Shape,783,81,side,side_right,0.9629496,0.3302328,10.60367,116.96597,1.32788,545 690 689,460 715 717
5,polySurface80Shape,784,81,side,side_right,0.9628383,0.3304451,10.16323,116.56263,1.47242,546 545 689 511,462 460 717 718
5,polySurface80Shape,785,81,side,side_right,0.9628935,0.3306852,10.02942,116.12373,1.40084,546 511 530,462 718 710
5,polySurface80Shape,786,81,side,side_top_bridge,0.9624291,0.3233745,6.42796,130.34096,2.00319,943 947 637 638,478 641 620 623
5,polySurface80Shape,787,81,side,side_top_bridge,0.9593146,0.3156149,-4.84605,130.50596,6.0428,756 948 874,940 1006 939
5,polySurface80Shape,788,81,side,side_top_bridge,0.9593146,0.3227474,4.84605,130.50596,6.0428,947 539 661,641 477 639
5,polySurface80Shape,789,81,side,side_top_bridge,0.9604503,0.3148942,-5.87993,129.82621,4.56975,940 948 756,963 1006 940
5,polySurface80Shape,790,78,side,side_right_upper,0.2866146,0.2096998,8.71437,130.26408,2.62956,949 955 956 957,1073 1074 1075 1076
5,polySurface80Shape,791,78,side,side_right_upper,0.2857203,0.1769843,10.25023,128.1503,2.01684,950 949 957 958,1077 1073 1076 1078
5,polySurface80Shape,792,78,side,side_right,0.2963835,0.0294339,15.59233,121.55302,-4.96823,959 960 951,1079 1080 1081
5,polySurface80Shape,793,78,side,side_right,0.2912197,0.0847785,13.30173,122.74191,-1.73986,952 961 962 954,1082 1083 1084 1085
5,polySurface80Shape,794,78,side,side_right_upper,0.2861677,0.1444423,11.49716,126.0977,1.02297,953 950 958 963,1086 1077 1078 1087
5,polySurface80Shape,795,78,side,side_right_upper,0.2885077,0.1143077,12.39963,124.2644,-0.2194,952 953 963 961,1082 1086 1087 1083
5,polySurface80Shape,796,78,side,side_right,0.300094,0.0281168,15.60826,121.76345,-5.14898,960 964 951,1080 1088 1081
5,polySurface80Shape,797,78,side,side_right,0.3052849,0.0749863,13.48882,123.01792,-2.93973,965 966 952 954,1089 1090 1082 1085
5,polySurface80Shape,798,78,side,side_right_upper,0.3079714,0.1042808,12.60759,124.50532,-1.8393,966 967 953 952,1090 1091 1086 1082
5,polySurface80Shape,799,78,side,side_right_upper,0.3099339,0.1381395,11.57881,126.49184,-0.80627,967 968 950 953,1091 1092 1077 1086
5,polySurface80Shape,800,78,side,side_right_upper,0.3108124,0.1732203,10.28351,128.54326,0.10296,968 969 949 950,1092 1093 1073 1077
5,polySurface80Shape,801,78,side,side_right_upper,0.3107732,0.2073998,8.75115,130.43732,0.73093,955 949 969 970,1074 1073 1093 1094
5,polySurface80Shape,802,78,side,side_right,0.3024134,0.0482447,14.59964,122.19124,-4.17954,964 965 954 951,1088 1089 1085 1081
5,polySurface80Shape,803,78,side,side_right,0.2938791,0.0531894,14.5314,121.84281,-3.58475,951 954 962 959,1081 1085 1084 1079
5,polySurface80Shape,804,58,side,side_left_upper,0.3738997,0.4238786,-8.71437,130.26408,2.62956,971 978 979 977,1095 1096 1097 1098
5,polySurface80Shape,805,58,side,side_left_upper,0.3745094,0.3910415,-10.25023,128.1503,2.01684,972 980 978 971,1099 1100 1096 1095
5,polySurface80Shape,806,58,side,side_left,0.3644802,0.2509313,-15.38504,121.40469,-4.94601,982 973 981,1101 1102 1103
5,polySurface80Shape,807,58,side,side_left,0.3696514,0.2987412,-13.34246,122.8052,-2.08948,974 976 983 984,1104 1105 1106 1107
5,polySurface80Shape,808,58,side,side_left_upper,0.3739681,0.3590498,-11.49716,126.0977,1.02297,975 985 980 972,1108 1109 1100 1099
5,polySurface80Shape,809,58,side,side_left_upper,0.3721121,0.3281698,-12.48117,124.26522,-0.3952,974 984 985 975,1104 1107 1109 1108
5,polySurface80Shape,810,58,side,side_left,0.3602334,0.2485626,-15.46235,121.62404,-5.23477,981 973 986,1103 1102 1110
5,polySurface80Shape,811,58,side,side_left,0.3556348,0.2918549,-13.4564,123.22174,-3.18509,988 976 974 987,1111 1105 1104 1112
5,polySurface80Shape,812,58,side,side_left_upper,0.3533862,0.3191135,-12.62578,124.61686,-1.94733,987 974 975 989,1112 1104 1108 1113
5,polySurface80Shape,813,58,side,side_left_upper,0.3509251,0.3519827,-11.57881,126.49184,-0.80627,989 975 972 990,1113 1108 1099 1114
5,polySurface80Shape,814,58,side,side_left_upper,0.3494535,0.387059,-10.28351,128.54326,0.10296,990 972 971 991,1114 1099 1095 1115
5,polySurface80Shape,815,58,side,side_left_upper,0.3493338,0.4215806,-8.75115,130.43732,0.73093,977 992 991 971,1098 1116 1115 1095
5,polySurface80Shape,816,58,side,side_left,0.3579859,0.2673329,-14.46964,122.19744,-4.35572,986 973 976 988,1110 1102 1105 1111
5,polySurface80Shape,817,58,side,side_left,0.3670243,0.2717085,-14.36517,121.81251,-3.71641,973 982 983 976,1102 1101 1106 1105
5,polySurface80Shape,818,78,side,side_top_bridge,0.2881378,0.3153892,1.8145,134.77394,1.69799,1004 1005 995 996,1117 1118 1119 1120
5,polySurface80Shape,819,78,side,side_top_bridge,0.2874356,0.3337367,0.51288,134.1897,1.72705,996 997 1006 1004,1120 1121 1122 1117
5,polySurface80Shape,820,78,side,side_top_bridge,0.3082166,0.2949693,3.57165,134.53585,0.3143,995 994 1007 1008,1119 1123 1124 1125
5,polySurface80Shape,821,78,side,side_top_bridge,0.3080347,0.3170124,1.8154,134.66076,0.07185,996 995 1008 1009,1120 1119 1125 1126
5,polySurface80Shape,822,78,side,side_top_bridge,0.3080548,0.3337075,0.51868,134.18343,0.05155,1010 997 996 1009,1127 1121 1120 1126
5,polySurface80Shape,823,78,side,side_top_bridge,0.2881529,0.2922413,3.58044,134.70567,1.96419,994 995 1005 1011,1123 1119 1118 1128
5,polySurface80Shape,824,78,side,side_top_bridge,0.2876539,0.2395179,7.06435,132.14839,2.76456,955 993 998 956,1074 1129 1130 1075
5,polySurface80Shape,825,78,side,side_top_bridge,0.3102564,0.2396884,7.05829,132.10149,0.94139,1012 993 955 970,1131 1129 1074 1094
5,polySurface80Shape,826,78,side,side_top_bridge,0.3092034,0.2684516,5.39041,133.53608,0.70278,993 1012 1007 994,1129 1131 1124 1123
5,polySurface80Shape,827,78,side,side_top_bridge,0.2880829,0.2661513,5.40836,133.69277,2.4317,1011 998 993 994,1128 1130 1129 1123
5,polySurface80Shape,828,58,side,side_top_bridge,0.3727342,0.534515,-1.8145,134.77394,1.69799,1014 1002 1001 1013,1132 1133 1134 1135
5,polySurface80Shape,829,58,side,side_top_bridge,0.3734398,0.5537308,-0.51288,134.1897,1.72705,1002 1014 1006 997,1133 1132 1136 1137
5,polySurface80Shape,830,58,side,side_top_bridge,0.3515632,0.5129823,-3.57165,134.53585,0.3143,1001 1015 1016 1000,1134 1138 1139 1140
5,polySurface80Shape,831,58,side,side_top_bridge,0.3518058,0.5363108,-1.8154,134.66076,0.07185,1002 1017 1015 1001,1133 1141 1138 1134
5,polySurface80Shape,832,58,side,side_top_bridge,0.3518587,0.5537771,-0.51868,134.18343,0.05155,1010 1017 1002 997,1142 1141 1133 1137
5,polySurface80Shape,833,58,side,side_top_bridge,0.3727491,0.5100701,-3.58044,134.70567,1.96419,1000 1018 1013 1001,1140 1143 1135 1134
5,polySurface80Shape,834,58,side,side_top_bridge,0.3730995,0.4544122,-7.06435,132.14839,2.76456,977 979 1003 999,1098 1097 1144 1145
5,polySurface80Shape,835,58,side,side_top_bridge,0.3496937,0.4546829,-7.05829,132.10149,0.94139,1019 992 977 999,1146 1116 1098 1145
5,polySurface80Shape,836,58,side,side_top_bridge,0.3506115,0.4848453,-5.39041,133.53608,0.70278,999 1000 1016 1019,1145 1140 1139 1146
5,polySurface80Shape,837,58,side,side_top_bridge,0.3728057,0.482402,-5.40836,133.69277,2.4317,1018 1000 999 1003,1143 1140 1145 1144
6,polySurface89Shape,0,97,front,front_center,0.8564487,0.229786,0.05532,131.31874,7.13879,9 10 0,0 1 2
6,polySurface89Shape,1,97,front,front_center,0.8533238,0.2080814,0.22562,130.92051,8.23093,12 7 8 11,3 4 5 6
6,polySurface89Shape,2,97,front,front_center,0.8501486,0.1784304,0.39599,129.80461,9.32172,13 14 2 1,7 8 9 10
6,polySurface89Shape,3,97,front,front_center,0.848644,0.1516662,0.47581,128.55443,10.00959,3 2 14 15,11 9 8 12
6,polySurface89Shape,4,97,front,front_center,0.8481091,0.1147966,0.56353,126.71058,10.68929,4 3 15 16,13 11 12 14
6,polySurface89Shape,5,97,front,front_center,0.8486882,0.0761379,0.53593,124.68885,11.04843,17 5 4 16,15 16 13 14
6,polySurface89Shape,6,97,front,front_center,0.8495404,0.0484759,0.39698,123.22042,11.06334,18 6 5 17,17 18 16 15
6,polySurface89Shape,7,97,front,front_center,0.8517194,0.1950571,0.31252,130.5002,8.77884,1 7 12 13,10 4 3 7
6,polySurface89Shape,8,97,front,front_center,0.8550832,0.2202813,0.13085,131.18931,7.63513,11 8 0 10,6 5 2 1
6,polySurface89Shape,9,97,front,front_center,0.8588414,0.2294267,0.18482,131.32498,7.12121,0 19 9,2 19 0
6,polySurface89Shape,10,97,front,front_center,0.8630013,0.0291549,0.92239,122.16517,10.63607,20 21 6 22,20 21 18 22
6,polySurface89Shape,11,97,front,front_center,0.861497,0.2067207,0.66523,130.90965,8.17537,8 7 23 24,5 4 23 24
6,polySurface89Shape,12,97,front,front_center,0.8625875,0.1937296,0.89574,130.49381,8.70013,7 1 25 23,4 10 25 23
6,polySurface89Shape,13,97,front,front_center,0.8639475,0.1773628,1.13564,129.80576,9.22753,1 2 26 25,10 9 26 25
6,polySurface89Shape,14,97,front,front_center,0.8652497,0.1512409,1.35969,128.55798,9.88738,2 3 27 26,9 11 27 26
6,polySurface89Shape,15,97,front,front_center,0.8658591,0.1153045,1.49762,126.7089,10.51578,4 28 27 3,13 28 27 11
6,polySurface89Shape,16,97,front,front_center,0.8656224,0.0776232,1.42857,124.68523,10.87052,28 4 5 29,28 13 16 29
6,polySurface89Shape,17,97,front,front_center,0.86509,0.0504625,1.23302,123.21596,10.94413,6 21 29 5,18 21 29 16
6,polySurface89Shape,18,97,front,front_center,0.8510298,0.026416,0.26515,122.11756,10.68516,22 6 18 30,22 18 17 30
6,polySurface89Shape,19,97,front,front_center,0.8602614,0.2192952,0.41121,131.18713,7.60328,19 0 8 24,19 2 5 24
6,polySurface89Shape,20,100,front,front_center,0.7047884,0.2221348,-0.3428,131.33312,7.1004,40 41 42,31 32 33
6,polySurface89Shape,21,100,front,front_center,0.7082421,0.2025369,-1.01592,130.91562,7.99087,43 44 31 32,34 35 36 37
6,polySurface89Shape,22,100,front,front_left,0.7097415,0.1714746,-2.12961,129.807,8.95816,45 46 33 34,38 39 40 41
6,polySurface89Shape,23,100,front,front_left,0.7119261,0.1460728,-2.7456,128.5601,9.50696,34 35 47 45,41 42 43 38
6,polySurface89Shape,24,100,front,front_left,0.7136519,0.1132521,-3.33886,126.71519,9.88372,35 36 48 47,42 44 45 43
6,polySurface89Shape,25,100,front,front_left,0.7109051,0.0449165,-4.68889,123.07286,8.64927,49 50 38 39,46 47 48 49
6,polySurface89Shape,26,100,front,front_left,0.713168,0.0592214,-4.39223,123.65717,9.29287,50 51 37 38,47 50 51 48
6,polySurface89Shape,27,100,front,front_left,0.7139804,0.0808038,-3.94521,124.83305,9.75731,51 48 36 37,50 45 44 51
6,polySurface89Shape,28,100,front,front_left,0.7089085,0.1884479,-1.54501,130.48589,8.49043,46 43 32 33,39 34 37 40
6,polySurface89Shape,29,100,front,front_center,0.7073571,0.2130405,-0.61552,131.1617,7.56492,44 42 31,35 33 36
6,polySurface89Shape,30,100,front,front_left,0.7085789,0.0316134,-4.96979,122.64484,7.98276,49 39 52,46 49 52
6,polySurface89Shape,31,100,front,front_center,0.7046103,0.2136408,-0.70752,131.21053,7.43248,31 42 41 53,36 33 32 53
6,polySurface89Shape,32,100,front,front_center,0.7039818,0.2007957,-1.27052,130.92808,7.88327,32 31 53 54,37 36 53 54
6,polySurface89Shape,33,100,front,front_left,0.7028726,0.1858443,-1.91308,130.48757,8.33636,33 32 54 55,40 37 54 55
6,polySurface89Shape,34,100,front,front_left,0.7012586,0.1679216,-2.65879,129.8042,8.78453,34 33 55 56,41 40 55 56
6,polySurface89Shape,35,100,front,front_left,0.6995117,0.1421454,-3.47557,128.55824,9.22742,57 35 34 56,57 42 41 56
6,polySurface89Shape,36,100,front,front_left,0.6986643,0.1088832,-4.16121,126.71868,9.43718,58 36 35 57,58 44 42 57
6,polySurface89Shape,37,100,front,front_left,0.6989421,0.0740759,-4.73437,124.831,9.14918,36 58 59 37,44 58 59 51
6,polySurface89Shape,38,100,front,front_left,0.7001206,0.0507349,-5.08524,123.65196,8.63904,38 37 59 60,48 51 59 60
6,polySurface89Shape,39,100,front,front_left,0.7019853,0.0376988,-5.22095,123.05534,8.20197,39 38 60 61,49 48 60 61
6,polySurface89Shape,40,100,front,front_left,0.7041646,0.0276669,-5.26152,122.62192,7.78268,52 39 61,52 49 61
6,polySurface89Shape,41,94,front,front_left,0.8175878,0.1710115,-3.42978,129.79105,8.32263,77 63 78 79,62 63 64 65
6,polySurface89Shape,42,94,front,front_left,0.8285221,0.0341698,-5.5448,123.02561,7.8677,73 72 71 68,66 67 68 69
6,polySurface89Shape,43,94,front,front_left,0.8196011,0.2122629,-1.63482,130.94954,7.67244,80 81 69 70,70 71 72 73
6,polySurface89Shape,44,94,front,front_left,0.8131847,0.1018855,-5.28932,126.6925,8.5547,82 83 75 76,74 75 76 77
6,polySurface89Shape,45,94,front,front_left,0.8147358,0.1394595,-4.49252,128.52783,8.55743,82 76 77 79,74 77 62 65
6,polySurface89Shape,46,94,front,front_center,0.818819,0.238067,-0.47027,131.35134,7.04249,84 85 62,78 79 80
6,polySurface89Shape,47,94,front,front_left,0.8130453,0.0388169,-6.05863,123.62443,7.50282,73 74 86 87,66 81 82 83
6,polySurface89Shape,48,94,front,front_left,0.8129145,0.0639345,-5.82028,124.81034,8.09852,74 75 83 86,81 76 75 82
6,polySurface89Shape,49,94,front,front_left,0.8194213,0.1938014,-2.44995,130.4895,8.01178,81 78 63 69,71 64 63 72
6,polySurface89Shape,50,94,front,front_center,0.81915,0.2277288,-0.9402,131.24039,7.31659,70 62 85 80,73 80 79 70
6,polySurface89Shape,51,94,front,front_left,0.829597,0.0220214,-5.52673,122.49079,7.49349,72 88 89 71,67 84 85 68
6,polySurface89Shape,52,94,front,front_left,0.8166933,0.015188,-6.05012,122.48982,6.91307,90 91 88 72,86 87 84 67
6,polySurface89Shape,53,94,front,front_left,0.8283135,0.0467581,-5.44559,123.62837,8.19488,67 74 73 68,88 81 66 69
6,polySurface89Shape,54,94,front,front_left,0.8282654,0.0704573,-5.16519,124.81011,8.73289,67 66 75 74,88 89 76 81
6,polySurface89Shape,55,94,front,front_left,0.8282278,0.1069603,-4.63661,126.69877,9.11181,76 75 66 65,77 76 89 90
6,polySurface89Shape,56,94,front,front_left,0.8277597,0.1436826,-3.9213,128.53535,9.00106,77 76 65 64,62 77 90 91
6,polySurface89Shape,57,94,front,front_left,0.8270658,0.1702295,-3.16236,129.64553,8.71495,63 77 64,63 62 91
6,polySurface89Shape,58,94,front,front_left,0.8140655,0.0259752,-6.10458,123.0214,7.16941,87 90 72 73,83 86 67 66
6,polySurface89Shape,59,111,front,front_left,0.6762862,0.1396519,-1.71422,129.86406,8.90309,99 95 97 98,92 93 94 95
6,polySurface89Shape,60,111,front,front_left,0.675969,0.1227682,-2.20391,128.6483,9.53796,95 92 100 97,93 96 97 94
6,polySurface89Shape,61,111,front,front_left,0.6758681,0.0995977,-2.72324,126.81134,10.02509,92 94 101 100,96 98 99 97
6,polySurface89Shape,62,111,front,front_left,0.6769359,0.049373,-4.24556,123.20012,9.00648,96 102 103,100 101 102
6,polySurface89Shape,63,111,front,front_left,0.6761628,0.0597562,-3.83662,123.72293,9.59005,93 96 103 104,103 100 102 104
6,polySurface89Shape,64,111,front,front_left,0.675849,0.0762544,-3.32538,124.92135,10.01006,101 94 93 104,99 98 103 104
6,polySurface89Shape,65,103,front,front_center,0.9766907,0.1916111,-0.30792,130.96257,8.19556,114 115 108 107,105 106 107 108
6,polySurface89Shape,66,103,front,front_center,0.9780559,0.2120299,-0.08961,131.31355,7.12545,134 105 116,109 110 111
6,polySurface89Shape,67,103,front,front_center,0.9740752,0.1627912,-0.6239,129.85966,9.34249,117 113 106 118,112 113 114 115
6,polySurface89Shape,68,103,front,front_center,0.9755481,0.1788639,-0.46582,130.55506,8.76977,113 114 107 106,113 105 108 114
6,polySurface89Shape,69,103,front,front_center,0.9775129,0.2031597,-0.1789,131.21157,7.60511,105 108 115 116,110 107 106 111
6,polySurface89Shape,70,103,front,front_center,0.9724053,0.1027177,-0.83511,126.74749,10.71361,109 110 119 120,116 117 118 119
6,polySurface89Shape,71,103,front,front_center,0.972345,0.0663722,-0.7389,124.68371,10.95441,120 121 112 109,119 120 121 116
6,polySurface89Shape,72,103,front,front_center,0.9829855,0.1367988,-0.2311,128.56691,10.09692,122 117 110 123,122 112 117 123
6,polySurface89Shape,73,103,front,front_center,0.9731259,0.0390949,-0.60527,123.13654,10.85714,111 112 121 124,124 121 120 125
6,polySurface89Shape,74,103,front,front_center,0.9836715,0.102081,-0.21244,126.72899,10.76045,123 110 109 125,123 117 116 126
6,polySurface89Shape,75,103,front,front_center,0.9806497,0.0197216,-0.06524,122.12796,10.57481,126 127 111 128,127 128 124 129
6,polySurface89Shape,76,103,front,front_center,0.982967,0.0387525,-0.07523,123.14472,10.9474,129 112 111 127,130 121 124 128
6,polySurface89Shape,77,103,front,front_center,0.9835049,0.0657039,-0.13085,124.67682,11.02731,112 129 125 109,121 130 126 116
6,polySurface89Shape,78,103,front,front_center,0.9730185,0.1370595,-0.78425,128.59542,10.07225,110 117 118 119,117 112 115 118
6,polySurface89Shape,79,103,front,front_center,0.9820197,0.1627417,-0.18547,129.82845,9.36097,130 113 117 122,131 113 112 122
6,polySurface89Shape,80,103,front,front_center,0.9812991,0.1788536,-0.14767,130.5253,8.78855,131 114 113 130,132 105 113 131
6,polySurface89Shape,81,103,front,front_center,0.9804473,0.1914758,-0.10048,130.93485,8.21967,132 115 114 131,133 106 105 132
6,polySurface89Shape,82,103,front,front_center,0.9797003,0.2030556,-0.05926,131.19074,7.62094,116 115 132 133,111 106 133 134
6,polySurface89Shape,83,103,front,front_center,0.9791546,0.212063,-0.02972,131.30231,7.1289,134 116 133,109 111 134
6,polySurface89Shape,84,103,front,front_center,0.9743027,0.0232414,-0.43954,122.28421,10.59459,111 124 128,124 125 129
6,polySurface89Shape,85,102,front,front_center,0.9396353,0.2128165,-0.23916,131.30725,7.15058,138 139 140 141,135 136 137 138
6,polySurface89Shape,86,102,front,front_center,0.9385749,0.1934175,-0.73422,130.92821,8.07476,135 142 143 136 144 145,139 140 141 142 143 144
6,polySurface89Shape,87,102,front,front_center,0.9359267,0.1660012,-1.43576,129.91153,9.06643,137 146 147 148 149,145 146 147 148 149
6,polySurface89Shape,88,102,front,front_center,0.9367093,0.1799902,-1.13098,130.50653,8.60146,136 143 146 137 149 144,142 141 146 145 149 143
6,polySurface89Shape,89,102,front,front_center,0.9394257,0.2050968,-0.42314,131.19845,7.53822,138 141 142 135 145 139,135 138 140 139 144 136
6,polySurface89Shape,90,102,front,front_left,0.9303814,0.1054576,-2.25232,126.71882,10.26709,152 153 156 157,150 151 152 153
6,polySurface89Shape,91,102,front,front_center,0.9441051,0.0691481,-1.41823,124.67484,10.69825,152 154 158 162,150 154 155 156
6,polySurface89Shape,92,102,front,front_center,0.9422491,0.0227155,-1.01382,122.08687,10.26765,155 159 160 161,157 158 159 160
6,polySurface89Shape,93,102,front,front_center,0.9444989,0.0422732,-1.19417,123.15469,10.61104,154 155 161 158,154 157 160 155
6,polySurface89Shape,94,102,front,front_left,0.9364284,0.1445246,-1.69326,128.85233,9.67455,148 147 153,148 147 151
6,polySurface89Shape,95,102,front,front_left,0.9434604,0.1053796,-1.52683,126.73805,10.49205,162 163 153 152,156 161 151 150
6,polySurface89Shape,96,102,front,front_left,0.9303121,0.0669351,-2.15848,124.47774,10.43118,157 164 150 154 152,153 162 163 154 150
6,polySurface89Shape,97,102,front,front_left,0.9314992,0.0443493,-1.91319,123.18298,10.34816,151 155 154 150 164 165,164 157 154 163 162 165
6,polySurface89Shape,98,102,front,front_left,0.9330612,0.0250298,-1.54023,122.12634,10.09327,166 159 155 151 165 167,166 158 157 164 165 167
6,polySurface89Shape,99,102,front,front_left,0.9287818,0.1334592,-2.21944,128.29175,9.81015,153 147 156,151 147 152
6,polySurface89Shape,100,102,front,front_center,0.9443282,0.134635,-1.35153,128.3273,10.06058,148 153 163,148 151 161
6,polySurface89Shape,101,99,front,front_right,0.6403889,0.2242316,3.05693,129.84343,7.69672,196 197 185 184,168 169 170 171
6,polySurface89Shape,102,99,front,front_right,0.6419044,0.2259663,2.21599,130.49656,7.50422,197 198 186 185,169 172 173 170
6,polySurface89Shape,103,99,front,front_center,0.6433364,0.2273463,1.49037,130.95974,7.30972,198 199 190 186,172 174 175 173
6,polySurface89Shape,104,99,front,front_center,0.6447067,0.2283861,0.85095,131.25872,7.10962,181 190 199 201,176 175 174 177
6,polySurface89Shape,105,99,front,front_right,0.6421164,0.2179475,5.49113,125.10699,7.65443,182 189 193 194,178 179 180 181
6,polySurface89Shape,106,99,front,front_right,0.6400659,0.2196581,4.88344,126.93779,7.97728,194 195 183 182,181 182 183 178
6,polySurface89Shape,107,99,front,front_right,0.6393926,0.2219835,4.03978,128.68729,7.90061,195 196 184 183,182 168 171 183
6,polySurface89Shape,108,99,front,front_right,0.6441591,0.2174813,5.83736,123.78182,7.12665,192 193 189 188,184 180 179 185
6,polySurface89Shape,109,99,front,front_right,0.6462305,0.2179329,6.05878,122.99727,6.70637,191 192 188 187,186 184 185 187
6,polySurface89Shape,110,99,front,front_right,0.6477878,0.2180078,6.24238,122.52811,6.47054,168 191 187,188 186 187
6,polySurface89Shape,111,99,front,front_right,0.6485412,0.2202041,5.90627,122.41343,6.9022,202 203 191 168,189 190 186 188
6,polySurface89Shape,112,99,front,front_right,0.645238,0.2197699,5.35929,122.98482,7.56259,203 204 192 191,190 191 184 186
6,polySurface89Shape,113,99,front,front_right,0.6429468,0.218699,4.85914,123.91018,8.22895,204 205 193 192,191 192 180 184
6,polySurface89Shape,114,99,front,front_right,0.6424828,0.2187361,4.38184,125.20786,8.72608,194 193 205 206,181 180 192 193
6,polySurface89Shape,115,99,front,front_right,0.6416469,0.2206426,3.7904,126.88783,8.87746,206 207 195 194,193 194 182 181
6,polySurface89Shape,116,99,front,front_right,0.6413369,0.2227067,3.12644,128.68564,8.60133,207 208 196 195,194 195 168 182
6,polySurface89Shape,117,99,front,front_right,0.6420334,0.2245813,2.3884,129.89249,8.18804,208 209 197 196,195 196 169 168
6,polySurface89Shape,118,99,front,front_right,0.6431491,0.226046,1.68024,130.5453,7.83907,209 210 198 197,196 197 172 169
6,polySurface89Shape,119,99,front,front_center,0.6443077,0.2273445,1.07752,130.96594,7.46513,210 211 199 198,197 198 174 172
6,polySurface89Shape,120,99,front,front_center,0.6452891,0.2284071,0.54385,131.23057,7.12431,211 212 201 199,198 199 177 174
6,polySurface89Shape,121,99,front,front_center,0.6457086,0.2287885,0.21257,131.35189,7.01527,170 175 212,200 201 199
6,polySurface89Shape,122,99,front,front_center,0.6454482,0.2289673,0.3982,131.38421,6.92234,201 175 181,177 201 176
6,polySurface89Shape,123,99,front,front_right,0.6481804,0.2220148,5.61312,122.41602,7.43031,174 213 203 202,202 203 190 189
6,polySurface89Shape,124,99,front,front_right,0.6453666,0.2207254,5.25231,122.88739,7.86011,213 204 203,203 191 190
6,polySurface89Shape,125,99,front,front_right,0.6438502,0.2192879,3.83878,125.07144,9.5517,205 171 173 206,192 204 205 193
6,polySurface89Shape,126,99,front,front_right,0.64284,0.2210473,3.2942,126.7809,9.61908,173 169 207 206,205 206 194 193
6,polySurface89Shape,127,99,front,front_right,0.6424685,0.2228008,2.71756,128.60924,9.22058,169 176 208 207,206 207 195 194
6,polySurface89Shape,128,99,front,front_right,0.6428095,0.2243056,2.09338,129.84093,8.68674,176 172 209 208,207 208 196 195
6,polySurface89Shape,129,99,front,front_center,0.6436486,0.2255078,1.49512,130.50835,8.26569,172 179 210 209,208 209 197 196
6,polySurface89Shape,130,99,front,front_center,0.6445667,0.2267517,0.95794,130.92959,7.79937,179 180 211 210,209 210 198 197
6,polySurface89Shape,131,99,front,front_center,0.6453634,0.2279606,0.49771,131.20443,7.34152,180 170 212 211,210 200 199 198
6,polySurface89Shape,132,99,front,front_center,0.6456599,0.2289996,0.21445,131.36171,6.90709,212 175 201,199 201 177
6,polySurface89Shape,133,105,front,front_right,0.6433009,0.1869151,5.32462,122.99169,8.01194,200 178 204 213,211 212 213 214
6,polySurface89Shape,134,105,front,front_right,0.6411352,0.1965448,5.03844,123.82127,8.44137,178 177 205 204,212 215 216 213
6,polySurface89Shape,135,104,front,front_right,0.6786535,0.1852431,5.72714,123.11785,7.9486,216 215 220 219,217 218 219 220
6,polySurface89Shape,136,104,front,front_right,0.6780692,0.202612,5.53759,123.54541,8.25226,177 216 219,221 217 220
6,polySurface89Shape,137,104,front,front_right,0.6773166,0.1684664,5.89917,122.72884,7.63798,215 218 220,218 222 219
6,polySurface89Shape,138,99,front,front_right,0.645446,0.2192481,5.65882,122.6726,7.9765,218 214 223,223 224 225
6,polySurface89Shape,139,99,front,front_right,0.6451286,0.2183833,5.04825,123.06505,8.63737,214 217 222 223,224 226 227 225
6,polySurface89Shape,140,99,front,front_right,0.6450383,0.218304,4.45591,123.6441,9.19088,217 171 221 222,226 204 228 227
6,polySurface89Shape,141,99,front,front_right,0.6450395,0.2179226,5.17367,123.64099,8.52106,222 221 177 219,227 228 229 230
6,polySurface89Shape,142,99,front,front_right,0.6453384,0.2186928,5.48857,123.1101,8.1344,223 222 219 220,225 227 230 231
6,polySurface89Shape,143,99,front,front_right,0.6457164,0.2195537,5.80606,122.71951,7.72351,218 223 220,223 225 231
6,polySurface89Shape,144,99,front,front_right,0.6447392,0.2179983,4.57326,124.1552,9.03316,171 205 177 221,204 192 229 228
6,polySurface89Shape,145,105,front,front_right,0.6440154,0.1803607,5.49865,122.52607,7.73633,174 200 213,232 211 214
6,polySurface89Shape,146,96,front,front_center,0.7888385,0.2155562,0.96299,130.87842,8.05335,241 267 268 240,233 234 235 236
6,polySurface89Shape,147,96,front,front_right,0.7899988,0.1700093,1.95772,129.66423,9.08394,243 278 242,237 238 239
6,polySurface89Shape,148,96,front,front_right,0.7829368,0.1466638,1.96305,128.56174,9.6898,270 271 277 278,240 241 242 238
6,polySurface89Shape,149,96,front,front_center,0.7874143,0.1967872,1.31712,130.47747,8.54136,240 268 269 243,236 235 243 237
6,polySurface89Shape,150,96,front,front_center,0.7901369,0.2340639,0.59452,131.1613,7.52618,244 267 241 261,244 234 233 245
6,polySurface89Shape,151,96,front,front_right,0.7814419,0.1122372,2.1567,126.70798,10.23349,271 272 276 277,241 246 247 242
6,polySurface89Shape,152,96,front,front_right,0.7803907,0.0764942,2.10768,124.68269,10.56887,275 276 272 273,248 247 246 249
6,polySurface89Shape,153,96,front,front_right,0.779854,0.0498468,1.90192,123.21598,10.69002,273 262 274 275,249 250 251 248
6,polySurface89Shape,154,99,front,front_center,0.6382814,0.2182886,0.45854,121.92207,10.30261,227 260 265,252 253 254
6,polySurface89Shape,155,99,front,front_center,0.6385438,0.2204653,0.51866,123.23335,10.58189,231 229 259 260,255 256 257 253
6,polySurface89Shape,156,99,front,front_center,0.6389046,0.2227453,0.61803,124.69181,10.45877,258 259 229 228,258 257 256 259
6,polySurface89Shape,157,99,front,front_center,0.6388846,0.2251373,0.60593,126.71278,10.10981,228 224 257 258,259 260 261 258
6,polySurface89Shape,158,99,front,front_center,0.639578,0.2272417,0.49853,128.55905,9.48684,224 230 256 257,260 262 263 261
6,polySurface89Shape,159,99,front,front_center,0.6409459,0.2286968,0.37201,129.80263,8.83133,230 225 255 256,262 264 265 263
6,polySurface89Shape,160,99,front,front_center,0.6421831,0.2296439,0.24828,130.46444,8.31788,225 232 254 255,264 266 267 265
6,polySurface89Shape,161,99,front,front_center,0.6429971,0.2303514,0.18496,130.84622,7.81816,232 233 253 254,266 268 269 267
6,polySurface89Shape,162,99,front,front_center,0.6437521,0.231125,0.25162,131.11005,7.3215,234 250 253 233 226,270 271 269 268 272
6,polySurface89Shape,163,99,front,front_center,0.6424404,0.2313315,0.74125,130.77184,7.52248,254 253 250 249,267 269 271 273
6,polySurface89Shape,164,99,front,front_center,0.6411997,0.2309157,1.0227,130.43446,7.9464,255 254 249 252,265 267 273 274
6,polySurface89Shape,165,99,front,front_center,0.6396224,0.2300471,1.41337,129.81584,8.42019,256 255 252 251,263 265 274 275
6,polySurface89Shape,166,99,front,front_right,0.63796,0.228238,1.80449,128.57412,9.02703,257 256 251 245,261 263 275 276
6,polySurface89Shape,167,99,front,front_right,0.6369738,0.2256121,2.02966,126.71391,9.53914,258 257 245 246,258 261 276 277
6,polySurface89Shape,168,99,front,front_right,0.6369316,0.2228439,2.01255,124.701,9.82825,246 247 259 258,277 278 257 258
6,polySurface89Shape,169,99,front,front_right,0.6372197,0.2203402,1.82856,123.14879,10.11387,260 259 247 248 266,253 257 278 279 280
6,polySurface89Shape,170,99,front,front_center,0.6380819,0.2189338,1.2687,122.41267,10.35209,266 264 260,280 281 253
6,polySurface89Shape,171,96,front,front_right,0.7802446,0.0303415,1.62391,122.30005,10.55817,263 274 262,282 251 250
6,polySurface89Shape,172,99,front,front_right,0.6370554,0.2192451,1.79768,122.08723,10.23246,263 266 248 235,283 280 279 284
6,polySurface89Shape,173,99,front,front_center,0.6380642,0.2192775,1.45817,122.40569,10.57177,266 262 264,280 285 281
6,polySurface89Shape,174,99,front,front_right,0.6374877,0.2193535,1.57869,122.31374,10.53212,263 262 266,283 285 280
6,polySurface89Shape,175,96,front,front_right,0.7873812,0.0250368,1.79158,122.06183,10.34084,235 239 274 263,286 287 251 282
6,polySurface89Shape,176,96,front,front_right,0.7884648,0.0510867,2.26884,123.20919,10.45375,275 274 239 238,248 251 287 288
6,polySurface89Shape,177,96,front,front_right,0.7884975,0.0774416,2.483,124.68427,10.32715,238 237 276 275,288 289 247 248
6,polySurface89Shape,178,96,front,front_right,0.7886509,0.1125334,2.49974,126.7077,10.02223,277 276 237 236,242 247 289 290
6,polySurface89Shape,179,96,front,front_right,0.7890897,0.1461438,2.27044,128.56416,9.5591,278 277 236 242,238 242 290 239
6,polySurface89Shape,180,96,front,front_right,0.7832018,0.1713849,1.64787,129.66251,9.19254,269 270 278,243 240 238
6,polySurface89Shape,181,96,front,front_right,0.7869092,0.1789159,1.65886,129.95152,8.95426,243 269 278,237 243 238
6,polySurface89Shape,182,99,front,front_center,0.6428665,0.2316144,0.10808,130.85179,8.16946,292 291 297 296,291 292 293 294
6,polySurface89Shape,183,99,front,front_center,0.6452906,0.232192,0.10087,131.26144,7.11009,294 293 298,295 296 297
6,polySurface89Shape,184,99,front,front_center,0.6405448,0.2296915,0.03086,129.91642,9.16745,295 230 299,298 299 300
6,polySurface89Shape,185,99,front,front_center,0.6415846,0.2308077,0.06625,130.44046,8.70176,291 295 299 297,292 298 300 293
6,polySurface89Shape,186,99,front,front_center,0.6442291,0.2321109,0.14063,131.12166,7.58986,293 292 296 298,296 291 294 297
6,polySurface89Shape,187,99,front,front_center,0.6398733,0.2189264,-1.4827,122.13722,10.00014,285 284 307 159,301 302 303 304
6,polySurface89Shape,188,99,front,front_left,0.6399553,0.2200422,-1.88415,123.04093,10.16081,284 283 307,302 305 303
6,polySurface89Shape,189,99,front,front_left,0.6399016,0.2217155,-1.81341,124.64272,10.22529,279 283 282 306,306 305 307 308
6,polySurface89Shape,190,99,front,front_left,0.6401013,0.2241771,-1.94966,126.66162,9.92728,282 281 305 306,307 309 310 308
6,polySurface89Shape,191,99,front,front_left,0.6401972,0.2261441,-1.79235,128.49522,9.38136,281 288 304 305,309 311 312 310
6,polySurface89Shape,192,99,front,front_center,0.6411421,0.2272677,-1.41909,129.72744,8.76446,288 289 303 304,311 313 314 312
6,polySurface89Shape,193,99,front,front_center,0.6429035,0.2284658,-1.01063,130.39537,8.34824,289 286 302 303,313 315 316 314
6,polySurface89Shape,194,99,front,front_center,0.6439164,0.2297178,-0.63833,130.8087,7.96145,286 287 301 302,315 317 318 316
6,polySurface89Shape,195,99,front,front_center,0.6448782,0.2305813,-0.34854,131.0891,7.49987,287 290 300 301,317 319 320 318
6,polySurface89Shape,196,99,front,front_center,0.6456881,0.2312723,-0.16793,131.24287,7.07548,290 294 300,319 295 320
6,polySurface89Shape,197,99,front,front_center,0.6454127,0.2317362,0.06243,131.2034,7.0745,300 294 298,320 295 297
6,polySurface89Shape,198,99,front,front_center,0.6444828,0.231363,0.04963,131.02847,7.52229,301 300 298 296,318 320 297 294
6,polySurface89Shape,199,99,front,front_center,0.6432722,0.2307923,-0.0833,130.75057,8.00807,302 301 296 297,316 318 294 293
6,polySurface89Shape,200,99,front,front_center,0.6421075,0.2299941,-0.25522,130.34718,8.39644,303 302 297 299,314 316 293 300
6,polySurface89Shape,201,99,front,front_center,0.6409828,0.2287199,-0.44232,129.70308,8.884,304 303 299 230,312 314 300 299
6,polySurface89Shape,202,99,front,front_center,0.6391859,0.2185548,-0.97947,122.2957,10.20865,160 307 280,321 303 322
6,polySurface89Shape,203,99,front,front_center,0.639669,0.2198427,-1.38548,123.17154,10.31219,307 283 279 280,303 305 306 322
6,polySurface89Shape,204,99,front,front_center,0.6406275,0.2197967,-0.71631,123.06962,10.30645,316 315 279,323 324 306
6,polySurface89Shape,205,99,front,front_center,0.6406037,0.2186583,-0.45219,122.39585,10.28655,313 315 316,325 324 323
6,polySurface89Shape,206,99,front,front_center,0.6410047,0.2197006,-0.87819,123.01286,10.4411,314 279 315,326 306 324
6,polySurface89Shape,207,99,front,front_center,0.6409809,0.2185622,-0.61407,122.3391,10.4212,313 314 315,325 326 324
6,polySurface89Shape,208,99,front,front_center,0.6401083,0.2266824,-0.58826,128.49394,9.59385,305 304 230 311,310 312 299 327
6,polySurface89Shape,209,99,front,front_center,0.6399323,0.2241605,-0.6015,126.66235,10.19908,306 305 311 310,308 310 327 328
6,polySurface89Shape,210,99,front,front_center,0.6402219,0.2179424,-0.10534,122.06414,10.3862,313 316 309 308 128,325 323 329 330 331
6,polySurface89Shape,211,99,front,front_center,0.6401176,0.2217188,-0.5012,124.63317,10.54289,310 312 279 306,328 332 306 308
6,polySurface89Shape,212,99,front,front_center,0.6402675,0.2200095,-0.25013,123.18882,10.59284,316 279 312 309,323 306 332 329
6,polySurface89Shape,213,99,front,front_left,0.6488177,0.2175496,-5.1242,122.65578,7.6233,321 343 319,333 334 335
6,polySurface89Shape,214,99,front,front_left,0.6482794,0.2181563,-4.81448,123.13457,8.04667,343 344 342 319,334 336 337 335
6,polySurface89Shape,215,99,front,front_left,0.6474071,0.2187622,-4.37346,123.79302,8.63544,344 345 341 342,336 338 339 337
6,polySurface89Shape,216,99,front,front_left,0.6467831,0.219964,-3.92995,125.02093,9.10385,340 341 345 346,340 339 338 341
6,polySurface89Shape,217,99,front,front_left,0.6465743,0.2217193,-3.36226,126.9127,9.24686,346 347 339 340,341 342 343 340
6,polySurface89Shape,218,99,front,front_left,0.6469287,0.2232871,-2.76494,128.7261,8.92713,347 348 337 339,342 344 345 343
6,polySurface89Shape,219,99,front,front_left,0.6475633,0.2244855,-2.11049,129.91748,8.45536,348 349 338 337,344 346 347 345
6,polySurface89Shape,220,99,front,front_center,0.6480916,0.2253423,-1.47532,130.54608,8.06974,349 350 335 338,346 348 349 347
6,polySurface89Shape,221,99,front,front_center,0.6486608,0.2260044,-0.94497,130.94168,7.67753,350 351 336 335,348 350 351 349
6,polySurface89Shape,222,99,front,front_center,0.649312,0.2265294,-0.49574,131.22025,7.21426,351 352 324 336,350 352 353 351
6,polySurface89Shape,223,99,front,front_left,0.6496694,0.2174127,-5.85596,122.47655,6.89678,317 334 343 321 353,354 355 334 333 356
6,polySurface89Shape,224,99,front,front_left,0.6497182,0.218256,-5.97237,123.08756,6.91647,334 329 344 343,355 357 336 334
6,polySurface89Shape,225,99,front,front_left,0.649137,0.2189081,-5.84691,123.72072,7.32089,329 323 345 344,357 358 338 336
6,polySurface89Shape,226,99,front,front_left,0.6482998,0.2199244,-5.57751,124.93183,7.90355,345 323 325 346,338 358 359 341
6,polySurface89Shape,227,99,front,front_left,0.6477228,0.2213081,-5.03973,126.81202,8.30507,325 326 347 346,359 360 342 341
6,polySurface89Shape,228,99,front,front_left,0.6477627,0.2226147,-4.26631,128.62946,8.27725,326 328 348 347,360 361 344 342
6,polySurface89Shape,229,99,front,front_left,0.6480668,0.2237391,-3.27593,129.85693,8.06564,328 327 349 348,361 362 346 344
6,polySurface89Shape,230,99,front,front_left,0.648429,0.2246465,-2.34269,130.52676,7.81354,327 331 350 349,362 363 348 346
6,polySurface89Shape,231,99,front,front_left,0.6488722,0.2254893,-1.53567,130.96659,7.50513,331 332 351 350,363 364 350 348
6,polySurface89Shape,232,99,front,front_center,0.649284,0.226161,-0.8903,131.23298,7.21853,332 322 352 351,364 365 352 350
6,polySurface89Shape,233,99,front,front_center,0.6495817,0.2265765,-0.4714,131.34211,7.01378,322 324 352,365 353 352
6,polySurface89Shape,234,99,front,front_center,0.6381204,0.2190106,0.27996,122.34256,10.54433,227 231 260,252 255 253
6,polySurface89Shape,235,99,front,front_center,0.6385089,0.2182657,0.79298,121.98891,10.29714,265 260 264,254 253 281
6,polySurface89Shape,236,99,front,front_center,0.639387,0.218334,-1.09948,121.92586,9.99681,159 307 160,304 303 321
6,polySurface89Shape,237,110,front,front_right,0.6508732,0.0890554,2.76506,126.71068,9.74455,354 355 356 357,366 367 368 369
6,polySurface89Shape,238,110,front,front_right,0.6507882,0.066325,2.72705,124.69778,10.01973,356 355 358 359,368 367 370 371
6,polySurface89Shape,239,110,front,front_right,0.6511574,0.0494402,2.46777,123.23147,10.17144,358 360 361 359,370 372 373 371
6,polySurface89Shape,240,110,front,front_right,0.6521435,0.0380274,2.07707,122.28609,10.18278,360 362 361,372 374 373
6,polySurface89Shape,241,110,front,front_center,0.6514684,0.1451688,1.07967,130.8149,7.81323,363 364 365 366,375 376 377 378
6,polySurface89Shape,242,110,front,front_right,0.6509456,0.1269745,2.0134,129.81917,8.73518,367 368 369 370,379 380 381 382
6,polySurface89Shape,243,110,front,front_right,0.6509033,0.1107205,2.50241,128.57423,9.29941,368 354 357 369,380 366 369 381
6,polySurface89Shape,244,110,front,front_right,0.6512126,0.1374058,1.50832,130.45388,8.24859,364 367 370 365,376 379 382 377
6,polySurface89Shape,245,110,front,front_center,0.6520028,0.1542329,0.54217,131.14425,7.28888,371 363 366 372,383 375 378 384
6,polySurface89Shape,246,101,front,front_center,0.7508516,0.2211846,0.28991,131.34725,7.0936,391 392 381,385 386 387
6,polySurface89Shape,247,101,front,front_center,0.7528798,0.1997685,1.25222,130.92774,7.87839,382 383 379 380,388 389 390 391
6,polySurface89Shape,248,101,front,front_right,0.7554134,0.1676334,2.68806,129.80427,8.74516,384 385 376 375,392 393 394 395
6,polySurface89Shape,249,101,front,front_right,0.7571624,0.1426111,3.49901,128.55829,9.19878,377 376 385 386,396 394 393 397
6,polySurface89Shape,250,101,front,front_right,0.7574682,0.1101186,4.15688,126.71858,9.42808,378 377 386 387,398 396 397 399
6,polySurface89Shape,251,101,front,front_right,0.7537712,0.1850541,1.92141,130.48753,8.3075,383 384 375 379,389 392 395 390
6,polySurface89Shape,252,101,front,front_center,0.7523358,0.2121544,0.71723,131.21291,7.43168,381 382 380 374,387 388 391 400
6,polySurface89Shape,253,101,front,front_right,0.7564861,0.0759497,4.7051,124.81905,9.15498,387 388 395 378,399 401 402 398
6,polySurface89Shape,254,101,front,front_right,0.7531014,0.0397236,5.51331,123.0944,8.20369,389 390 393 394,403 404 405 406
6,polySurface89Shape,255,101,front,front_right,0.75453,0.0530378,5.10989,123.64275,8.66823,388 389 394 395,401 403 406 402
6,polySurface89Shape,256,101,front,front_right,0.7522492,0.0290741,5.85448,122.70561,7.74993,390 396 393,404 407 405
6,polySurface89Shape,257,101,front,front_center,0.7500726,0.2129412,0.58023,131.19679,7.48575,397 382 381 392,408 388 387 386
6,polySurface89Shape,258,101,front,front_center,0.7489858,0.2014871,1.00937,130.91528,7.97898,398 383 382 397,409 389 388 408
6,polySurface89Shape,259,101,front,front_right,0.7479644,0.1878754,1.55334,130.48584,8.46157,399 384 383 398,410 392 389 409
6,polySurface89Shape,260,101,front,front_right,0.7471643,0.1712388,2.15888,129.80707,8.91879,400 385 384 399,411 393 392 410
6,polySurface89Shape,261,101,front,front_right,0.745481,0.1461272,2.80308,128.56015,9.47832,386 385 400 401,397 393 411 412
6,polySurface89Shape,262,101,front,front_right,0.7431775,0.1139515,3.36857,126.7151,9.87462,387 386 401 402,399 397 412 413
6,polySurface89Shape,263,101,front,front_right,0.7420439,0.0829395,3.90781,124.82922,9.76311,402 403 388 387,413 414 401 399
6,polySurface89Shape,264,101,front,front_right,0.7433469,0.0623427,4.42036,123.64799,9.31139,404 389 388 403,415 403 401 414
6,polySurface89Shape,265,101,front,front_right,0.746911,0.0469377,5.09448,123.0596,8.65142,405 390 389 404,416 404 403 415
6,polySurface89Shape,266,101,front,front_right,0.7496539,0.0325148,5.69825,122.66954,7.96482,405 396 390,416 407 404
6,polySurface89Shape,267,101,front,front_center,0.7519459,0.2208035,0.35668,131.35474,7.06902,391 381 374,385 387 400
6,polySurface89Shape,268,98,front,front_right,0.9060933,0.1618063,3.68846,129.79939,8.14144,408 409 415 416,417 418 419 420
6,polySurface89Shape,269,98,front,front_right,0.9085117,0.0311538,6.44534,122.98724,6.82525,413 414 417 418,421 422 423 424
6,polySurface89Shape,270,98,front,front_right,0.9046643,0.2000011,1.77667,130.95917,7.58723,406 407 419 420,425 426 427 428
6,polySurface89Shape,271,98,front,front_right,0.9081387,0.0997008,5.63484,126.71017,8.28528,410 411 421 422,429 430 431 432
6,polySurface89Shape,272,98,front,front_right,0.9082306,0.0650403,6.1924,124.81333,7.80143,411 412 423 421,430 433 434 431
6,polySurface89Shape,273,98,front,front_right,0.9072994,0.133471,4.79561,128.54507,8.32867,409 410 422 415,418 429 432 419
6,polySurface89Shape,274,98,front,front_center,0.9021059,0.2251822,0.42999,131.36544,7.0351,424 425 426,435 436 437
6,polySurface89Shape,275,98,front,front_right,0.908178,0.0422228,6.43188,123.60089,7.18507,412 413 418 423,433 421 424 434
6,polySurface89Shape,276,98,front,front_right,0.9052222,0.1826321,2.6616,130.49018,7.8762,407 408 416 419,426 417 420 427
6,polySurface89Shape,277,98,front,front_center,0.9039509,0.2128559,1.09819,131.2208,7.32915,424 406 420,435 425 428
6,polySurface89Shape,278,98,front,front_right,0.9080913,0.0216255,6.30235,122.42344,6.64321,414 427 428 417,422 438 439 423
6,polySurface89Shape,279,98,front,front_center,0.9016767,0.2158549,0.87701,131.23337,7.35302,426 429 406 424,437 440 425 435
6,polySurface89Shape,280,98,front,front_right,0.9006523,0.2024503,1.5332,130.94391,7.7334,407 406 429 430,426 425 440 441
6,polySurface89Shape,281,98,front,front_right,0.8996284,0.186198,2.32611,130.4891,8.09111,408 407 430 431,417 426 441 442
6,polySurface89Shape,282,98,front,front_right,0.8981302,0.1660366,3.24524,129.80148,8.45578,431 432 409 408,442 443 418 417
6,polySurface89Shape,283,98,front,front_right,0.8961956,0.1379886,4.22439,128.55258,8.77229,410 409 432 433,429 418 443 444
6,polySurface89Shape,284,98,front,front_right,0.8946621,0.1046211,4.98213,126.71645,8.8424,411 410 433 434,430 429 444 445
6,polySurface89Shape,285,98,front,front_right,0.894268,0.070861,5.53666,124.81376,8.43581,434 435 412 411,445 446 433 430
6,polySurface89Shape,286,98,front,front_right,0.8944314,0.0482754,5.81893,123.60475,7.87713,435 436 413 412,446 447 421 433
6,polySurface89Shape,287,98,front,front_right,0.8944107,0.0359712,5.87359,122.9892,7.5389,414 413 436 437,422 421 447 448
6,polySurface89Shape,288,98,front,front_right,0.8949617,0.0246585,5.8405,122.42313,7.29045,427 414 437 438,438 422 448 449
6,polySurface89Shape,289,106,front,front_center,0.6320293,0.1856559,0.50138,131.38865,6.98492,450 439 449,450 451 452
6,polySurface89Shape,290,106,front,front_right,0.6280914,0.0967417,5.82826,126.82807,7.71525,442 441 451 452,453 454 455 456
6,polySurface89Shape,291,106,front,front_right,0.628095,0.1206843,4.89804,128.60152,7.79669,444 442 452 453,457 453 456 458
6,polySurface89Shape,292,106,front,front_right,0.6296947,0.1553568,2.73442,130.46239,7.56186,446 443 454 455,459 460 461 462
6,polySurface89Shape,293,106,front,front_right,0.628645,0.14083,3.73431,129.78697,7.70744,443 444 453 454,460 457 458 461
6,polySurface89Shape,294,106,front,front_right,0.6301304,0.0459683,6.63762,123.00015,6.35261,445 448 456 457,463 464 465 466
6,polySurface89Shape,295,106,front,front_right,0.6289266,0.0555642,6.62962,123.68906,6.64701,440 445 457 458,467 463 466 468
6,polySurface89Shape,296,106,front,front_right,0.6282218,0.0726758,6.40108,124.95997,7.23754,451 441 440 458,455 454 467 468
6,polySurface89Shape,297,106,front,front_right,0.630884,0.1676225,1.85712,130.95111,7.39719,447 446 455 459,469 459 462 470
6,polySurface89Shape,298,106,front,front_center,0.6316896,0.1781768,1.06437,131.26475,7.20226,439 447 459 449,451 469 470 452
6,polySurface89Shape,299,106,front,front_right,0.6313804,0.0394926,6.53615,122.53636,6.30023,456 448 460,465 464 471
