"image_id","relative_path","absolute_path","all_duplicate_paths","sha256","size_bytes","width","height","extension","category","duplicate_file_count","canvas_refs","visual_inspection"
"IMAGE-001","黎黎隆项目/assets/refs/X并Z克NZ/ref_32.png","C:\Users\19308\Documents\Obsidian\ten-yuan-vault\黎黎隆项目\assets\refs\X并Z克NZ\ref_32.png","黎黎隆项目/assets/refs/X并Z克NZ/ref_32.png","023cf51aab7d41dc1bafab7540c53b7568d9db4467ca13b4126e9579ce1b3d70","37491","960","560",".png","world_mechanism_reference","1","黎黎隆_角色总览_素材汇总_v0.1.canvas#844a66251c614ca5 | 黎黎隆_X并Z克NZ_参考墙_R1-R5_本地化_v4.0.canvas#link_8bbdc7d4ce","THUMBNAIL_PENDING"
"IMAGE-002","方/07_素材图/临时截图/Pasted image 20260913194221.png","C:\Users\19308\Documents\Obsidian\ten-yuan-vault\方\07_素材图\临时截图\Pasted image 20260913194221.png","方/07_素材图/临时截图/Pasted image 20260913194221.png","026e47f525fd261bec6d38302d68e6ebf062a00386edd83574f944086d6edbbc","2954278","941","1672",".png","project_original","1","黎黎隆_角色总览_素材汇总_v0.1.canvas#aee79059d0c54121 | 黎黎隆_原始灵感板_v0.1.canvas#df65e97f960a9771","THUMBNAIL_PENDING"
"IMAGE-003","黎黎隆项目/角色风格_R1-R3/01_REFERENCE/R06_HiFi_RUSH/thumb_04.jpg","C:\Users\19308\Documents\Obsidian\ten-yuan-vault\黎黎隆项目\角色风格_R1-R3\01_REFERENCE\R06_HiFi_RUSH\thumb_04.jpg","黎黎隆项目/角色风格_R1-R3/01_REFERENCE/R06_HiFi_RUSH/thumb_04.jpg","0325d7ad04a6d178d5d1d18cbb41989368233df9dccd2e27f8a5addb96302386","409169","1131","1600",".jpg","role_reference","1","","THUMBNAIL_PENDING"
"IMAGE-004","黎黎隆项目/角色风格_R1-R3/01_REFERENCE/R10_LoL_Clarity/thumb_06.jpg","C:\Users\19308\Documents\Obsidian\ten-yuan-vault\黎黎隆项目\角色风格_R1-R3\01_REFERENCE\R10_LoL_Clarity\thumb_06.jpg","黎黎隆项目/角色风格_R1-R3/01_REFERENCE/R10_LoL_Clarity/thumb_06.jpg","03946d2bf89f3646243f6d3bd3fcd0411f02f2110099ba254d11f485ded61c5e","72624","496","560",".jpg","role_reference","1","黎黎隆_角色总览_素材汇总_v0.1.canvas#15e7f88ed5fc4de3 | 黎黎隆_角色风格_R1-R3_本地化_v1.0.canvas#e79f496280ae1b9a","THUMBNAIL_PENDING"
"IMAGE-005","黎黎隆项目/角色风格_R1-R3/01_REFERENCE/R05_HADES/thumb_04.jpg","C:\Users\19308\Documents\Obsidian\ten-yuan-vault\黎黎隆项目\角色风格_R1-R3\01_REFERENCE\R05_HADES\thumb_04.jpg","黎黎隆项目/角色风格_R1-R3/01_REFERENCE/R05_HADES/thumb_04.jpg","04f04c488045035b85095e0b717b5a849ff2d92af239b717fd64bc5bbe72d610","374640","1600","900",".jpg","role_reference","1","","THUMBNAIL_PENDING"
"IMAGE-006","黎黎隆项目/黎黎隆_场景视觉化_v1/assets/palette_crop.png","C:\Users\19308\Documents\Obsidian\ten-yuan-vault\黎黎隆项目\黎黎隆_场景视觉化_v1\assets\palette_crop.png","黎黎隆项目/黎黎隆_场景视觉化_v1/assets/palette_crop.png | 黎黎隆项目/黎黎隆_v1/黎黎隆_场景视觉化_v1.1_URL预览版/assets/palette_crop.png","0511d69b11f8e1a5dbed7636b661f8de3f53337e8ebd981f1f7d400795e90bb4","18271","215","165",".png","scene_reference","2","黎黎隆_角色限定色_v0.1.canvas#palette | 黎黎隆_场景风格视觉化_R1-R6_本地全量_v1.3.canvas#ref_palette_P00 | D03_I02旧枢纽冒险者工会_绘制准备.canvas#f1a2b3c4d5e6010e","THUMBNAIL_PENDING"
"IMAGE-007","黎黎隆_v1.1_ZEROLOGIN/assets/references/imagewell/refR4_right_R07/selected.jpg","C:\Users\19308\Documents\Obsidian\ten-yuan-vault\黎黎隆_v1.1_ZEROLOGIN\assets\references\imagewell\refR4_right_R07\selected.jpg","黎黎隆_v1.1_ZEROLOGIN/assets/references/imagewell/refR4_right_R07/selected.jpg","06441579c641f803227eddb2d9ea283dedf256ef2111cce1e4f5c3b3c6fb25b5","131690","899","1023",".jpg","project_original","1","黎黎隆_场景风格视觉化_R1-R6_本地全量_v1.3.canvas#refR4_right_R07","THUMBNAIL_PENDING"
"IMAGE-008","黎黎隆项目/assets/refs/X并Z克NZ/ref_44.jpg","C:\Users\19308\Documents\Obsidian\ten-yuan-vault\黎黎隆项目\assets\refs\X并Z克NZ\ref_44.jpg","黎黎隆项目/assets/refs/X并Z克NZ/ref_44.jpg","06a610944583f29303bdf9b14bbc00910ff1ae3f699eefd7b64b64dceadbb4f5","527189","1920","1867",".jpg","world_mechanism_reference","1","黎黎隆_角色总览_素材汇总_v0.1.canvas#ef40935cb6fd460b | 黎黎隆_X并Z克NZ_参考墙_R1-R5_本地化_v4.0.canvas#link_086e80afe6","THUMBNAIL_PENDING"
"IMAGE-009","方/07_素材图/临时截图/5fcc8c7c868246efd41c01ddc2ec00be.png","C:\Users\19308\Documents\Obsidian\ten-yuan-vault\方\07_素材图\临时截图\5fcc8c7c868246efd41c01ddc2ec00be.png","方/07_素材图/临时截图/5fcc8c7c868246efd41c01ddc2ec00be.png","086b55ddf2204a2288d69e1737270d250afc7cfa5cd5247a6574ebd9002e688e","879015","633","850",".png","project_original","1","黎黎隆_场景参考_I04_骨骼空港_image-well测试_v1.0.canvas#ea77b94085aab976","THUMBNAIL_PENDING"
"IMAGE-010","方/07_素材图/临时截图/Pasted image 20260918171351.png","C:\Users\19308\Documents\Obsidian\ten-yuan-vault\方\07_素材图\临时截图\Pasted image 20260918171351.png","方/07_素材图/临时截图/Pasted image 20260918171351.png","0873c3dfb248a5aeb94c28079f7217d3b30389ef9a0e8b526a09e20f80444e58","795679","564","837",".png","project_original","1","黎黎隆_场景参考_I04_骨骼空港_image-well测试_v1.0.canvas#87e3d67427ccd528","THUMBNAIL_PENDING"
"IMAGE-011","方/07_素材图/临时截图/Pasted image 20260918172349.png","C:\Users\19308\Documents\Obsidian\ten-yuan-vault\方\07_素材图\临时截图\Pasted image 20260918172349.png","方/07_素材图/临时截图/Pasted image 20260918172349.png","08a0d54c5465d1feab4f8241dc7514c61320cf7bc796278ff698af8445ccc593","1829702","736","1118",".png","project_original","1","黎黎隆_场景参考_I04_骨骼空港_image-well测试_v1.0.canvas#dfac004b16d68304","THUMBNAIL_PENDING"
"IMAGE-012","方/07_素材图/临时截图/雨中的故事剧本1 1.jpg","C:\Users\19308\Documents\Obsidian\ten-yuan-vault\方\07_素材图\临时截图\雨中的故事剧本1 1.jpg","方/07_素材图/临时截图/雨中的故事剧本1 1.jpg | 方/07_素材图/临时截图/雨中的故事剧本1.jpg","0bad7f4bb82b24ae82028204769ee1224b80fbb79721b7b407410ff8aef2fa71","6610162","12523","4879",".jpg","project_original","2","黎黎隆_角色总览_素材汇总_v0.1.canvas#5edf4d19f1fe4fc6 | 黎黎隆_原始灵感板_v0.1.canvas#417e2d27f24bbe3c | 黎黎隆_角色总览_素材汇总_v0.1.canvas#3f3b12cfd19b46d1 | 黎黎隆_原始灵感板_v0.1.canvas#3ca8d12bbcfeb6d3","THUMBNAIL_PENDING"
"IMAGE-013","黎黎隆项目/assets/refs/X并Z克NZ/ref_05.webp","C:\Users\19308\Documents\Obsidian\ten-yuan-vault\黎黎隆项目\assets\refs\X并Z克NZ\ref_05.webp","黎黎隆项目/assets/refs/X并Z克NZ/ref_05.webp","0bc3dba6627459e4b97bde894b8b424c28b001836c956f27dc3c77bba0fd7187","292404","UNKNOWN","UNKNOWN",".webp","world_mechanism_reference","1","黎黎隆_角色总览_素材汇总_v0.1.canvas#78ee12974bd94f39 | 黎黎隆_X并Z克NZ_参考墙_R1-R5_本地化_v4.0.canvas#link_2061687b47","THUMBNAIL_PENDING"
"IMAGE-014","黎黎隆项目/角色风格_R1-R3/01_REFERENCE/R08_Moebius/orig_06.jpg","C:\Users\19308\Documents\Obsidian\ten-yuan-vault\黎黎隆项目\角色风格_R1-R3\01_REFERENCE\R08_Moebius\orig_06.jpg","黎黎隆项目/角色风格_R1-R3/01_REFERENCE/R08_Moebius/orig_06.jpg","0c2b738e2d0e6ce203a1318e1884b9fbfb195bcdab013d3773167c9a86fe9acb","234262","1200","902",".jpg","role_reference","1","","THUMBNAIL_PENDING"
"IMAGE-015","黎黎隆项目/角色风格_R1-R3/01_REFERENCE/R03_PROMARE/thumb_04.jpg","C:\Users\19308\Documents\Obsidian\ten-yuan-vault\黎黎隆项目\角色风格_R1-R3\01_REFERENCE\R03_PROMARE\thumb_04.jpg","黎黎隆项目/角色风格_R1-R3/01_REFERENCE/R03_PROMARE/thumb_04.jpg","0c7922bd691d02df911da4203566a64a16384a5e5668dc035ed2aadcd5e972fa","190853","1100","1402",".jpg","role_reference","1","","THUMBNAIL_PENDING"
"IMAGE-016","黎黎隆项目/角色风格_R1-R3/01_REFERENCE/R08_Moebius/orig_03.jpg","C:\Users\19308\Documents\Obsidian\ten-yuan-vault\黎黎隆项目\角色风格_R1-R3\01_REFERENCE\R08_Moebius\orig_03.jpg","黎黎隆项目/角色风格_R1-R3/01_REFERENCE/R08_Moebius/orig_03.jpg","0cadd5fd8b89f209702a627115b49fa12476d1fa27b93137e784154da518fc6d","264856","1200","898",".jpg","role_reference","1","","THUMBNAIL_PENDING"
"IMAGE-017","黎黎隆项目/角色风格_R1-R3/01_REFERENCE/R08_Moebius/orig_01.jpg","C:\Users\19308\Documents\Obsidian\ten-yuan-vault\黎黎隆项目\角色风格_R1-R3\01_REFERENCE\R08_Moebius\orig_01.jpg","黎黎隆项目/角色风格_R1-R3/01_REFERENCE/R08_Moebius/orig_01.jpg","0cf69183aed38946dde5350b2378843a67e5afbc4b67d6d09a49f5a12d9a16ff","113932","1200","848",".jpg","role_reference","1","","THUMBNAIL_PENDING"
"IMAGE-018","黎黎隆项目/角色风格_R1-R3/01_REFERENCE/R01_WAKFU/thumb_06.jpg","C:\Users\19308\Documents\Obsidian\ten-yuan-vault\黎黎隆项目\角色风格_R1-R3\01_REFERENCE\R01_WAKFU\thumb_06.jpg","黎黎隆项目/角色风格_R1-R3/01_REFERENCE/R01_WAKFU/thumb_06.jpg","0d22f58e8bb621a32b0248d06b268c0b7ef3a15604f8557bf8a791a7fcf89d8c","102005","1250","833",".jpg","role_reference","1","黎黎隆_角色总览_素材汇总_v0.1.canvas#84250d29d9734f4f | 黎黎隆_角色风格_R1-R3_本地化_v1.0.canvas#307d66aeccfc51cd","THUMBNAIL_PENDING"
"IMAGE-019","黎黎隆项目/assets/refs/X并Z克NZ/ref_34.jpg","C:\Users\19308\Documents\Obsidian\ten-yuan-vault\黎黎隆项目\assets\refs\X并Z克NZ\ref_34.jpg","黎黎隆项目/assets/refs/X并Z克NZ/ref_34.jpg","0d88fccc663c56dbef93abc6d7d13e0093dd64d80b9f63c788b615c031d5276e","483727","1920","960",".jpg","world_mechanism_reference","1","黎黎隆_角色总览_素材汇总_v0.1.canvas#34770a7b3f764d58 | 黎黎隆_X并Z克NZ_参考墙_R1-R5_本地化_v4.0.canvas#link_a9a2c4923d","THUMBNAIL_PENDING"
"IMAGE-020","黎黎隆项目/角色风格_R1-R3/01_REFERENCE/R05_HADES/orig_08.png","C:\Users\19308\Documents\Obsidian\ten-yuan-vault\黎黎隆项目\角色风格_R1-R3\01_REFERENCE\R05_HADES\orig_08.png","黎黎隆项目/角色风格_R1-R3/01_REFERENCE/R05_HADES/orig_08.png","0e26133060e2c0988f82e241083f5fdaf27dc7eddbb0df897ed80c8e3404d044","1943428","1920","1080",".png","role_reference","1","","THUMBNAIL_PENDING"
"IMAGE-021","黎黎隆项目/角色风格_R1-R3/01_REFERENCE/R08_Moebius/thumb_04.jpg","C:\Users\19308\Documents\Obsidian\ten-yuan-vault\黎黎隆项目\角色风格_R1-R3\01_REFERENCE\R08_Moebius\thumb_04.jpg","黎黎隆项目/角色风格_R1-R3/01_REFERENCE/R08_Moebius/thumb_04.jpg","0e566072de732195f15d19f82a12f6f03c2d1942bad2d4598c542913f4845b8a","169809","1200","558",".jpg","role_reference","1","黎黎隆_角色总览_素材汇总_v0.1.canvas#8aea193bf5324083 | 黎黎隆_角色风格_R1-R3_本地化_v1.0.canvas#0b219c140e0b6e24","THUMBNAIL_PENDING"
"IMAGE-022","黎黎隆项目/角色风格_R1-R3/01_REFERENCE/R02_GuiltyGear/orig_04.png","C:\Users\19308\Documents\Obsidian\ten-yuan-vault\黎黎隆项目\角色风格_R1-R3\01_REFERENCE\R02_GuiltyGear\orig_04.png","黎黎隆项目/角色风格_R1-R3/01_REFERENCE/R02_GuiltyGear/orig_04.png","0ef1694a0aabe21988874ba408e1b3af39384adad29fa83b0dbf10d0a814eec5","857744","1600","1600",".png","role_reference","1","","THUMBNAIL_PENDING"
"IMAGE-023","黎黎隆项目/角色风格_R1-R3/01_REFERENCE/R08_Moebius/thumb_02.jpg","C:\Users\19308\Documents\Obsidian\ten-yuan-vault\黎黎隆项目\角色风格_R1-R3\01_REFERENCE\R08_Moebius\thumb_02.jpg","黎黎隆项目/角色风格_R1-R3/01_REFERENCE/R08_Moebius/thumb_02.jpg","0ef65ebb148e019f36e2bd6582346417732fbf647bb6a7d7b20b4ff552ac6ad6","79408","1200","584",".jpg","role_reference","1","","THUMBNAIL_PENDING"
"IMAGE-024","黎黎隆项目/角色风格_R1-R3/01_REFERENCE/R08_Moebius/orig_05.jpg","C:\Users\19308\Documents\Obsidian\ten-yuan-vault\黎黎隆项目\角色风格_R1-R3\01_REFERENCE\R08_Moebius\orig_05.jpg","黎黎隆项目/角色风格_R1-R3/01_REFERENCE/R08_Moebius/orig_05.jpg","0fa0a3788ab9d503a6902c5e361fcfc6fc23510560857610cbb6561833f36221","219301","632","876",".jpg","role_reference","1","","THUMBNAIL_PENDING"
"IMAGE-025","黎黎隆项目/角色风格_R1-R3/01_REFERENCE/R02_GuiltyGear/orig_08.png","C:\Users\19308\Documents\Obsidian\ten-yuan-vault\黎黎隆项目\角色风格_R1-R3\01_REFERENCE\R02_GuiltyGear\orig_08.png","黎黎隆项目/角色风格_R1-R3/01_REFERENCE/R02_GuiltyGear/orig_08.png","1033fb5a445a2d774091d10c26e3a7360036fb9aad94e3f3aefc4db853356806","1106994","1600","1600",".png","role_reference","1","","THUMBNAIL_PENDING"
"IMAGE-026","方/07_素材图/临时截图/Pasted image 20260917014826.png","C:\Users\19308\Documents\Obsidian\ten-yuan-vault\方\07_素材图\临时截图\Pasted image 20260917014826.png","方/07_素材图/临时截图/Pasted image 20260917014826.png","10cf79ccdd30acd23ddaaa278212665c83a17296108b599bd43f3cb1978d5c61","395982","1644","901",".png","project_original","1","黎黎隆_角色总览_素材汇总_v0.1.canvas#d81a653862ae4684 | 黎黎隆_原始灵感板_v0.1.canvas#48ac4a88719929d8","THUMBNAIL_PENDING"
"IMAGE-027","黎黎隆项目/角色风格_R1-R3/02_CANDIDATES/角色探索_2026-09-17/奇美拉_翼臂_候选01.png","C:\Users\19308\Documents\Obsidian\ten-yuan-vault\黎黎隆项目\角色风格_R1-R3\02_CANDIDATES\角色探索_2026-09-17\奇美拉_翼臂_候选01.png","黎黎隆项目/角色风格_R1-R3/02_CANDIDATES/角色探索_2026-09-17/奇美拉_翼臂_候选01.png","11366538b78100829547c3d88298286fb7b5200eee9ef081b18d85bd8f9fc538","1898616","1536","1024",".png","role_reference","1","黎黎隆_角色总览_素材汇总_v0.1.canvas#4482cd16374146bc","THUMBNAIL_PENDING"
"IMAGE-028","黎黎隆项目/角色风格_R1-R3/01_REFERENCE/R03_PROMARE/thumb_05.jpg","C:\Users\19308\Documents\Obsidian\ten-yuan-vault\黎黎隆项目\角色风格_R1-R3\01_REFERENCE\R03_PROMARE\thumb_05.jpg","黎黎隆项目/角色风格_R1-R3/01_REFERENCE/R03_PROMARE/thumb_05.jpg","12b6fdd1f50c6ed42f4d4e7b3f5f0b839fd572abed9d41071f17df7f52b8297f","133068","1096","1400",".jpg","role_reference","1","黎黎隆_角色总览_素材汇总_v0.1.canvas#725e89f2d2d34259 | 黎黎隆_角色风格_R1-R3_本地化_v1.0.canvas#d557a1885eaea3a3","THUMBNAIL_PENDING"
"IMAGE-029","黎黎隆项目/角色风格_R1-R3/01_REFERENCE/R09_MonsterHunter/thumb_05.jpg","C:\Users\19308\Documents\Obsidian\ten-yuan-vault\黎黎隆项目\角色风格_R1-R3\01_REFERENCE\R09_MonsterHunter\thumb_05.jpg","黎黎隆项目/角色风格_R1-R3/01_REFERENCE/R09_MonsterHunter/thumb_05.jpg","12be123b36d1500e3e8a476c3c23e651ec0b1f6ebca4219774dd6b284cad431a","42024","661","370",".jpg","role_reference","1","黎黎隆_角色总览_素材汇总_v0.1.canvas#106055b024b14100 | 黎黎隆_角色风格_R1-R3_本地化_v1.0.canvas#9d4cb89ec4408d14","THUMBNAIL_PENDING"
"IMAGE-030","黎黎隆_v1.1_ZEROLOGIN/assets/references/ref_right_R03.jpg","C:\Users\19308\Documents\Obsidian\ten-yuan-vault\黎黎隆_v1.1_ZEROLOGIN\assets\references\ref_right_R03.jpg","黎黎隆_v1.1_ZEROLOGIN/assets/references/ref_right_R03.jpg","154f856ec7ea290380dc0c872b931054256aaf6435f68b435de4976667ed12d9","289840","1920","1080",".jpg","project_original","1","黎黎隆_场景风格视觉化_R1-R6_本地全量_v1.3.canvas#ref_right_R03","THUMBNAIL_PENDING"
"IMAGE-031","黎黎隆项目/角色风格_R1-R3/01_REFERENCE/R09_MonsterHunter/thumb_06.jpg","C:\Users\19308\Documents\Obsidian\ten-yuan-vault\黎黎隆项目\角色风格_R1-R3\01_REFERENCE\R09_MonsterHunter\thumb_06.jpg","黎黎隆项目/角色风格_R1-R3/01_REFERENCE/R09_MonsterHunter/thumb_06.jpg","15e7a375b0f923791c4c55ed4c59755252736cde1aa7f2e800ec5555ab92eb72","41207","661","370",".jpg","role_reference","1","","THUMBNAIL_PENDING"
"IMAGE-032","黎黎隆项目/角色风格_R1-R3/01_REFERENCE/R03_PROMARE/orig_03.png","C:\Users\19308\Documents\Obsidian\ten-yuan-vault\黎黎隆项目\角色风格_R1-R3\01_REFERENCE\R03_PROMARE\orig_03.png","黎黎隆项目/角色风格_R1-R3/01_REFERENCE/R03_PROMARE/orig_03.png","16c8238a7c9180c4aa13c970d2992b629d32c3edcf61bad61fe850010adc531c","168077","1040","1400",".png","role_reference","1","","THUMBNAIL_PENDING"
"IMAGE-033","黎黎隆项目/assets/refs/X并Z克NZ/ref_38.jpg","C:\Users\19308\Documents\Obsidian\ten-yuan-vault\黎黎隆项目\assets\refs\X并Z克NZ\ref_38.jpg","黎黎隆项目/assets/refs/X并Z克NZ/ref_38.jpg","172beacf7ece6ecb26c84608f29de33faddcb1b09b1db20c7f68e5b584794eec","819356","1920","1200",".jpg","world_mechanism_reference","1","黎黎隆_角色总览_素材汇总_v0.1.canvas#ae8d5c6b511e497f | 黎黎隆_X并Z克NZ_参考墙_R1-R5_本地化_v4.0.canvas#link_1672be4afb","THUMBNAIL_PENDING"
"IMAGE-034","黎黎隆项目/角色风格_R1-R3/01_REFERENCE/R02_GuiltyGear/orig_12.png","C:\Users\19308\Documents\Obsidian\ten-yuan-vault\黎黎隆项目\角色风格_R1-R3\01_REFERENCE\R02_GuiltyGear\orig_12.png","黎黎隆项目/角色风格_R1-R3/01_REFERENCE/R02_GuiltyGear/orig_12.png","18c89697e05e813c2a6e5b8f0fbc311b1facf5e2dd8195a4943dcbbbf6266d71","1481070","1600","1600",".png","role_reference","1","","THUMBNAIL_PENDING"
"IMAGE-035","黎黎隆项目/assets/refs/X并Z克NZ/ref_03.jpg","C:\Users\19308\Documents\Obsidian\ten-yuan-vault\黎黎隆项目\assets\refs\X并Z克NZ\ref_03.jpg","黎黎隆项目/assets/refs/X并Z克NZ/ref_03.jpg","19da1e61ce92a908e2f4d2ea9aa63d139813389654f33c9edb3da2c90ef14b0b","327114","1690","1000",".jpg","world_mechanism_reference","1","黎黎隆_角色总览_素材汇总_v0.1.canvas#836e0f61fe1a489d | 黎黎隆_X并Z克NZ_参考墙_R1-R5_本地化_v4.0.canvas#link_292f4cd6a5","THUMBNAIL_PENDING"
"IMAGE-036","黎黎隆项目/assets/refs/X并Z克NZ/ref_37.jpg","C:\Users\19308\Documents\Obsidian\ten-yuan-vault\黎黎隆项目\assets\refs\X并Z克NZ\ref_37.jpg","黎黎隆项目/assets/refs/X并Z克NZ/ref_37.jpg","1a28f60da53fa974f6edb6819b848c13e121c518c1e069d7f7150974e2fd262e","1131263","1920","2715",".jpg","world_mechanism_reference","1","黎黎隆_角色总览_素材汇总_v0.1.canvas#fde5f5ca5b5e4edc | 黎黎隆_X并Z克NZ_参考墙_R1-R5_本地化_v4.0.canvas#link_0053bc497c","THUMBNAIL_PENDING"
"IMAGE-037","黎黎隆项目/assets/refs/X并Z克NZ/ref_43.jpg","C:\Users\19308\Documents\Obsidian\ten-yuan-vault\黎黎隆项目\assets\refs\X并Z克NZ\ref_43.jpg","黎黎隆项目/assets/refs/X并Z克NZ/ref_43.jpg","1ac325a6bea6d8a638e24943d458c22e2f58e0d4447d101face517a2797d9f7c","396643","1920","2715",".jpg","world_mechanism_reference","1","黎黎隆_角色总览_素材汇总_v0.1.canvas#416dcfcd3f3f4369 | 黎黎隆_X并Z克NZ_参考墙_R1-R5_本地化_v4.0.canvas#link_6fbda0f8da","THUMBNAIL_PENDING"
"IMAGE-038","黎黎隆项目/assets/refs/X并Z克NZ/ref_42.jpg","C:\Users\19308\Documents\Obsidian\ten-yuan-vault\黎黎隆项目\assets\refs\X并Z克NZ\ref_42.jpg","黎黎隆项目/assets/refs/X并Z克NZ/ref_42.jpg","1cb266022aa97b0ccb3fb130b71d99615d09f8e12eab47718a293f0edaa1e06d","63223","532","800",".jpg","world_mechanism_reference","1","黎黎隆_角色总览_素材汇总_v0.1.canvas#35380f2fb1d844f2 | 黎黎隆_X并Z克NZ_参考墙_R1-R5_本地化_v4.0.canvas#link_08af0c70e8","THUMBNAIL_PENDING"
"IMAGE-039","黎黎隆项目/角色风格_R1-R3/01_REFERENCE/R03_PROMARE/thumb_02.jpg","C:\Users\19308\Documents\Obsidian\ten-yuan-vault\黎黎隆项目\角色风格_R1-R3\01_REFERENCE\R03_PROMARE\thumb_02.jpg","黎黎隆项目/角色风格_R1-R3/01_REFERENCE/R03_PROMARE/thumb_02.jpg","1d47243f22aed8e47885f5612a9b0c459c2136a2f7448f768db650cbef7ebff4","166304","1096","1400",".jpg","role_reference","1","","THUMBNAIL_PENDING"
"IMAGE-040","黎黎隆项目/角色风格_R1-R3/01_REFERENCE/R02_GuiltyGear/thumb_05.jpg","C:\Users\19308\Documents\Obsidian\ten-yuan-vault\黎黎隆项目\角色风格_R1-R3\01_REFERENCE\R02_GuiltyGear\thumb_05.jpg","黎黎隆项目/角色风格_R1-R3/01_REFERENCE/R02_GuiltyGear/thumb_05.jpg","1e19477f548692d76ef2f20166d2a59dae1bee2d921bbd64c8e7afb948718b19","227563","1600","1600",".jpg","role_reference","1","","THUMBNAIL_PENDING"
"IMAGE-041","黎黎隆_v1.1_ZEROLOGIN/assets/references/ref_style_A03.jpg","C:\Users\19308\Documents\Obsidian\ten-yuan-vault\黎黎隆_v1.1_ZEROLOGIN\assets\references\ref_style_A03.jpg","黎黎隆_v1.1_ZEROLOGIN/assets/references/ref_style_A03.jpg","1fc500b096a65b0dde1a7318205e6ac65b5608c350fb06a54d75fc06a4727fd2","149116","UNKNOWN","UNKNOWN",".jpg","project_original","1","黎黎隆_场景风格视觉化_R1-R6_本地全量_v1.3.canvas#ref_style_A03","THUMBNAIL_PENDING"
"IMAGE-042","黎黎隆项目/assets/refs/X并Z克NZ/ref_39.jpg","C:\Users\19308\Documents\Obsidian\ten-yuan-vault\黎黎隆项目\assets\refs\X并Z克NZ\ref_39.jpg","黎黎隆项目/assets/refs/X并Z克NZ/ref_39.jpg","2111c7a8ecde69890b2bbc921f24c72627467e21c31e46bdbc50ec106696a4c6","328742","1920","1256",".jpg","world_mechanism_reference","1","黎黎隆_角色总览_素材汇总_v0.1.canvas#dbf02d0721184701 | 黎黎隆_X并Z克NZ_参考墙_R1-R5_本地化_v4.0.canvas#link_72d0aeac92","THUMBNAIL_PENDING"
"IMAGE-043","黎黎隆项目/00_总览/674-67_预览/旧片_黎黎雕牌广告_抽帧_0-27.5s.jpg","C:\Users\19308\Documents\Obsidian\ten-yuan-vault\黎黎隆项目\00_总览\674-67_预览\旧片_黎黎雕牌广告_抽帧_0-27.5s.jpg","黎黎隆项目/00_总览/674-67_预览/旧片_黎黎雕牌广告_抽帧_0-27.5s.jpg","219af3bfba0036d8b922a8798b8c8e8615bdaced149570357fa4c17f6490feb1","75760","1950","744",".jpg","scene_reference","1","","THUMBNAIL_PENDING"
"IMAGE-044","黎黎隆项目/角色风格_R1-R3/01_REFERENCE/R02_GuiltyGear/thumb_02.jpg","C:\Users\19308\Documents\Obsidian\ten-yuan-vault\黎黎隆项目\角色风格_R1-R3\01_REFERENCE\R02_GuiltyGear\thumb_02.jpg","黎黎隆项目/角色风格_R1-R3/01_REFERENCE/R02_GuiltyGear/thumb_02.jpg","22da723e98db57e9f2ace2eb993d87632aa4b6b08873f76e52648bf0b5f4cb07","430768","1600","1600",".jpg","role_reference","1","","THUMBNAIL_PENDING"
"IMAGE-045","方/07_素材图/临时截图/Pasted image 20260917020343.png","C:\Users\19308\Documents\Obsidian\ten-yuan-vault\方\07_素材图\临时截图\Pasted image 20260917020343.png","方/07_素材图/临时截图/Pasted image 20260917020343.png","233deef5424fc023e111fe5b7bb335df7663a0adf73c825f261ac62f07583e23","2390618","1055","1491",".png","project_original","1","黎黎隆_角色总览_素材汇总_v0.1.canvas#aa9d68a583d84798 | 黎黎隆_原始灵感板_v0.1.canvas#4b178c7d341d6029","THUMBNAIL_PENDING"
"IMAGE-046","黎黎隆项目/角色风格_R1-R3/01_REFERENCE/R07_Gorillaz_Hewlett/thumb_04.jpg","C:\Users\19308\Documents\Obsidian\ten-yuan-vault\黎黎隆项目\角色风格_R1-R3\01_REFERENCE\R07_Gorillaz_Hewlett\thumb_04.jpg","黎黎隆项目/角色风格_R1-R3/01_REFERENCE/R07_Gorillaz_Hewlett/thumb_04.jpg","23e39bdb34e05e8b90cc1ec6c9a919147a73219c2ecff2d615b492b8ad9a4d43","300688","1000","1000",".jpg","role_reference","1","黎黎隆_角色总览_素材汇总_v0.1.canvas#8b59e19d501e45e3 | 黎黎隆_角色风格_R1-R3_本地化_v1.0.canvas#0dbd5d8f02c36b4e","THUMBNAIL_PENDING"
"IMAGE-047","黎黎隆_v1.1_ZEROLOGIN/assets/references/imagewell/refR5_seed_I10/selected.jpg","C:\Users\19308\Documents\Obsidian\ten-yuan-vault\黎黎隆_v1.1_ZEROLOGIN\assets\references\imagewell\refR5_seed_I10\selected.jpg","黎黎隆_v1.1_ZEROLOGIN/assets/references/imagewell/refR5_seed_I10/selected.jpg","247bb2b5991e66a3870f5517d7aedda7bcf28a95ca8c8b56dacb60ca50346c7e","206525","1024","683",".jpg","project_original","1","黎黎隆_场景风格视觉化_R1-R6_本地全量_v1.3.canvas#refR5_seed_I10","THUMBNAIL_PENDING"
"IMAGE-048","黎黎隆项目/角色风格_R1-R3/01_REFERENCE/R09_MonsterHunter/orig_07.jpg","C:\Users\19308\Documents\Obsidian\ten-yuan-vault\黎黎隆项目\角色风格_R1-R3\01_REFERENCE\R09_MonsterHunter\orig_07.jpg","黎黎隆项目/角色风格_R1-R3/01_REFERENCE/R09_MonsterHunter/orig_07.jpg","252dd4f9c1f133a537adb9516efa8dbb05a91374aedf31d5a2447455a08f9d86","520034","1317","809",".jpg","role_reference","1","","THUMBNAIL_PENDING"
"IMAGE-049","方/07_素材图/临时截图/Pasted image 20260917015018.png","C:\Users\19308\Documents\Obsidian\ten-yuan-vault\方\07_素材图\临时截图\Pasted image 20260917015018.png","方/07_素材图/临时截图/Pasted image 20260917015018.png","25b0335d2875eb15b5e9bcf39ef5acf2bc0b6e1bb2cc3494c5197cdff7bc26e1","1429348","1495","877",".png","project_original","1","黎黎隆_角色总览_素材汇总_v0.1.canvas#f0843852107e4e85 | 黎黎隆_项目总览与验收_R1_v1.0.canvas#a1b2c3d4e5f60505 | 黎黎隆_原始灵感板_v0.1.canvas#623a223f6428c50f","THUMBNAIL_PENDING"
"IMAGE-050","黎黎隆项目/角色风格_R1-R3/01_REFERENCE/R03_PROMARE/orig_04.png","C:\Users\19308\Documents\Obsidian\ten-yuan-vault\黎黎隆项目\角色风格_R1-R3\01_REFERENCE\R03_PROMARE\orig_04.png","黎黎隆项目/角色风格_R1-R3/01_REFERENCE/R03_PROMARE/orig_04.png","270b4ed2ceacf308905cd5ff0bdc3d1ccf7aeee33120cbc23c34cb1ce21b3d14","185335","1100","1402",".png","role_reference","1","","THUMBNAIL_PENDING"
"IMAGE-051","黎黎隆项目/角色风格_R1-R3/01_REFERENCE/R02_GuiltyGear/thumb_07.jpg","C:\Users\19308\Documents\Obsidian\ten-yuan-vault\黎黎隆项目\角色风格_R1-R3\01_REFERENCE\R02_GuiltyGear\thumb_07.jpg","黎黎隆项目/角色风格_R1-R3/01_REFERENCE/R02_GuiltyGear/thumb_07.jpg","296bf665ce86bd054a766ff086c2814a7a1f95b1fa0ffa48e46e4948779d80cb","243257","1600","1600",".jpg","role_reference","1","黎黎隆_角色总览_素材汇总_v0.1.canvas#50c683abf6af4843 | 黎黎隆_角色风格_R1-R3_本地化_v1.0.canvas#199814a53ca522d6","THUMBNAIL_PENDING"
"IMAGE-052","黎黎隆项目/角色风格_R1-R3/01_REFERENCE/R04_Fortiche_ARCANE/orig_06.webp","C:\Users\19308\Documents\Obsidian\ten-yuan-vault\黎黎隆项目\角色风格_R1-R3\01_REFERENCE\R04_Fortiche_ARCANE\orig_06.webp","黎黎隆项目/角色风格_R1-R3/01_REFERENCE/R04_Fortiche_ARCANE/orig_06.webp","2b91261fd9c45dd3dbab2dece645b80e77a2e6e6b33daf9c8bfb913f12e2a26f","31004","UNKNOWN","UNKNOWN",".webp","role_reference","1","","THUMBNAIL_PENDING"
"IMAGE-053","方/07_素材图/临时截图/Pasted image 20260913194556.png","C:\Users\19308\Documents\Obsidian\ten-yuan-vault\方\07_素材图\临时截图\Pasted image 20260913194556.png","方/07_素材图/临时截图/Pasted image 20260913194556.png","2b9c886b61a86bad02f8e75e1a875cda9d17a8156df070e4702d5ad5aac7a501","2308941","1254","1254",".png","project_original","1","黎黎隆_角色总览_素材汇总_v0.1.canvas#d01778686dba425b | 黎黎隆_原始灵感板_v0.1.canvas#2f0ba6aa9d837953","THUMBNAIL_PENDING"
"IMAGE-054","黎黎隆项目/角色风格_R1-R3/01_REFERENCE/R01_WAKFU/orig_03.png","C:\Users\19308\Documents\Obsidian\ten-yuan-vault\黎黎隆项目\角色风格_R1-R3\01_REFERENCE\R01_WAKFU\orig_03.png","黎黎隆项目/角色风格_R1-R3/01_REFERENCE/R01_WAKFU/orig_03.png","2bd433dcebf9d9dad486e5964613c735f5de8daa748ea55b90443113f58f9954","63590","UNKNOWN","UNKNOWN",".png","role_reference","1","","THUMBNAIL_PENDING"
"IMAGE-055","黎黎隆项目/角色风格_R1-R3/01_REFERENCE/R04_Fortiche_ARCANE/orig_07.webp","C:\Users\19308\Documents\Obsidian\ten-yuan-vault\黎黎隆项目\角色风格_R1-R3\01_REFERENCE\R04_Fortiche_ARCANE\orig_07.webp","黎黎隆项目/角色风格_R1-R3/01_REFERENCE/R04_Fortiche_ARCANE/orig_07.webp","2cfe720b8354178bf22e5a1cb97bd995c7980ada52a917eb997800dcd68bde6a","34328","UNKNOWN","UNKNOWN",".webp","role_reference","1","","THUMBNAIL_PENDING"
"IMAGE-056","黎黎隆项目/角色风格_R1-R3/01_REFERENCE/R05_HADES/thumb_02.jpg","C:\Users\19308\Documents\Obsidian\ten-yuan-vault\黎黎隆项目\角色风格_R1-R3\01_REFERENCE\R05_HADES\thumb_02.jpg","黎黎隆项目/角色风格_R1-R3/01_REFERENCE/R05_HADES/thumb_02.jpg","2d6cbd4353c1b0670c5f8e6f2332cc943839de1a6a4abf9815691f5251bc7275","312048","1600","900",".jpg","role_reference","1","","THUMBNAIL_PENDING"
"IMAGE-057","方/07_素材图/临时截图/Pasted image 20260917020321.png","C:\Users\19308\Documents\Obsidian\ten-yuan-vault\方\07_素材图\临时截图\Pasted image 20260917020321.png","方/07_素材图/临时截图/Pasted image 20260917020321.png","2eaa004f073f3cbf59be4ee6d8e191e27420cee2120e697111c7152f35b1cd78","2328296","1055","1491",".png","project_original","1","黎黎隆_角色总览_素材汇总_v0.1.canvas#e4d76b3fadc94c8a | 黎黎隆_原始灵感板_v0.1.canvas#963f167dbf99aaab","THUMBNAIL_PENDING"
"IMAGE-058","黎黎隆_v1.1_ZEROLOGIN/assets/references/imagewell/refR5_seed_I12_expand/E05_taiwan_night_market_lane.jpg","C:\Users\19308\Documents\Obsidian\ten-yuan-vault\黎黎隆_v1.1_ZEROLOGIN\assets\references\imagewell\refR5_seed_I12_expand\E05_taiwan_night_market_lane.jpg","黎黎隆_v1.1_ZEROLOGIN/assets/references/imagewell/refR5_seed_I12_expand/E05_taiwan_night_market_lane.jpg","2ec617ec3608006346e05076e58d7ca72cd29413c4f5250c443840911e8284a7","554105","960","1705",".jpg","project_original","1","黎黎隆_场景风格视觉化_R1-R6_本地全量_v1.3.canvas#783565fcc7641713","THUMBNAIL_PENDING"
"IMAGE-059","黎黎隆项目/角色风格_R1-R3/01_REFERENCE/R06_HiFi_RUSH/thumb_09.jpg","C:\Users\19308\Documents\Obsidian\ten-yuan-vault\黎黎隆项目\角色风格_R1-R3\01_REFERENCE\R06_HiFi_RUSH\thumb_09.jpg","黎黎隆项目/角色风格_R1-R3/01_REFERENCE/R06_HiFi_RUSH/thumb_09.jpg","2f2e8fec21b79ba61ab3bd5ad20277edf5cc4aa72d4b5a9f642da32823f31ca0","76171","400","400",".jpg","role_reference","1","","THUMBNAIL_PENDING"
"IMAGE-060","黎黎隆项目/assets/refs/X并Z克NZ/ref_08.jpg","C:\Users\19308\Documents\Obsidian\ten-yuan-vault\黎黎隆项目\assets\refs\X并Z克NZ\ref_08.jpg","黎黎隆项目/assets/refs/X并Z克NZ/ref_08.jpg","30af2a7262f3124ed549371caaa1085a534e6ccff4c614203fa5739281347289","105873","500","600",".jpg","world_mechanism_reference","1","黎黎隆_角色总览_素材汇总_v0.1.canvas#4119d815c93b4e02 | 黎黎隆_X并Z克NZ_参考墙_R1-R5_本地化_v4.0.canvas#link_232677675b","THUMBNAIL_PENDING"
"IMAGE-061","黎黎隆项目/assets/refs/X并Z克NZ/ref_18.png","C:\Users\19308\Documents\Obsidian\ten-yuan-vault\黎黎隆项目\assets\refs\X并Z克NZ\ref_18.png","黎黎隆项目/assets/refs/X并Z克NZ/ref_18.png","3108903e87eda4e1454dba6c6c37fe6cdae074b93f9c53b60d86ddf53880e8d9","1648007","2002","2002",".png","world_mechanism_reference","1","黎黎隆_角色总览_素材汇总_v0.1.canvas#7d7965c73f7d4b14 | 黎黎隆_X并Z克NZ_参考墙_R1-R5_本地化_v4.0.canvas#link_e3ad15f5fe","THUMBNAIL_PENDING"
"IMAGE-062","黎黎隆项目/assets/refs/X并Z克NZ/ref_41.jpg","C:\Users\19308\Documents\Obsidian\ten-yuan-vault\黎黎隆项目\assets\refs\X并Z克NZ\ref_41.jpg","黎黎隆项目/assets/refs/X并Z克NZ/ref_41.jpg","312b22ae3eb3349bc999c7f671c459c9673dbcfbe7ceaccec4ddd41f8489835b","180123","800","904",".jpg","world_mechanism_reference","1","黎黎隆_角色总览_素材汇总_v0.1.canvas#40ff67874fac4097 | 黎黎隆_X并Z克NZ_参考墙_R1-R5_本地化_v4.0.canvas#link_e19f4dfdf8","THUMBNAIL_PENDING"
"IMAGE-063","黎黎隆项目/角色风格_R1-R3/01_REFERENCE/R05_HADES/thumb_01.jpg","C:\Users\19308\Documents\Obsidian\ten-yuan-vault\黎黎隆项目\角色风格_R1-R3\01_REFERENCE\R05_HADES\thumb_01.jpg","黎黎隆项目/角色风格_R1-R3/01_REFERENCE/R05_HADES/thumb_01.jpg","317d6c880e6d921c44946b48b267b6fd51d6d121676e10bfb1dfe5e0f4ce9562","477323","1600","900",".jpg","role_reference","1","黎黎隆_角色总览_素材汇总_v0.1.canvas#cf377080b3b2470e | 黎黎隆_角色风格_R1-R3_本地化_v1.0.canvas#7a01fdeb3f3850ae","THUMBNAIL_PENDING"
"IMAGE-064","黎黎隆项目/角色风格_R1-R3/01_REFERENCE/R02_GuiltyGear/thumb_11.jpg","C:\Users\19308\Documents\Obsidian\ten-yuan-vault\黎黎隆项目\角色风格_R1-R3\01_REFERENCE\R02_GuiltyGear\thumb_11.jpg","黎黎隆项目/角色风格_R1-R3/01_REFERENCE/R02_GuiltyGear/thumb_11.jpg","318889a8447b7986406584d51309b898c9a60934dbbc544ced4bfdac78551d7e","281287","1600","1600",".jpg","role_reference","1","","THUMBNAIL_PENDING"
"IMAGE-065","黎黎隆项目/角色风格_R1-R3/01_REFERENCE/R01_WAKFU/thumb_08.jpg","C:\Users\19308\Documents\Obsidian\ten-yuan-vault\黎黎隆项目\角色风格_R1-R3\01_REFERENCE\R01_WAKFU\thumb_08.jpg","黎黎隆项目/角色风格_R1-R3/01_REFERENCE/R01_WAKFU/thumb_08.jpg","31f984b9e6953aa66982bb7c5beab5ca07b9584ea5f45a55c509af63e111860a","124986","1256","693",".jpg","role_reference","1","","THUMBNAIL_PENDING"
"IMAGE-066","黎黎隆项目/角色风格_R1-R3/01_REFERENCE/R01_WAKFU/thumb_01.jpg","C:\Users\19308\Documents\Obsidian\ten-yuan-vault\黎黎隆项目\角色风格_R1-R3\01_REFERENCE\R01_WAKFU\thumb_01.jpg","黎黎隆项目/角色风格_R1-R3/01_REFERENCE/R01_WAKFU/thumb_01.jpg","32153f49f194f4b11a6d758c8227f88c00eca10370c20095cf6543a238b2191e","98499","1600","456",".jpg","role_reference","1","黎黎隆_角色总览_素材汇总_v0.1.canvas#3161974ca5f640b4 | 黎黎隆_角色风格_R1-R3_本地化_v1.0.canvas#10b61fe19215c9aa","THUMBNAIL_PENDING"
"IMAGE-067","黎黎隆项目/角色风格_R1-R3/01_REFERENCE/R10_LoL_Clarity/orig_05.jpg","C:\Users\19308\Documents\Obsidian\ten-yuan-vault\黎黎隆项目\角色风格_R1-R3\01_REFERENCE\R10_LoL_Clarity\orig_05.jpg","黎黎隆项目/角色风格_R1-R3/01_REFERENCE/R10_LoL_Clarity/orig_05.jpg","33105da66b81a0e613137a60a8b0414172b91b42213b60dcbf98bf19e1a7567c","49358","496","560",".jpg","role_reference","1","","THUMBNAIL_PENDING"
"IMAGE-068","黎黎隆项目/场景视觉参考/image-well-test/I04_骨骼空港/q2/openverse_Bison_antiquus_at_the_Page_Museum_at_the_21e7354b.jpg","C:\Users\19308\Documents\Obsidian\ten-yuan-vault\黎黎隆项目\场景视觉参考\image-well-test\I04_骨骼空港\q2\openverse_Bison_antiquus_at_the_Page_Museum_at_the_21e7354b.jpg","黎黎隆项目/场景视觉参考/image-well-test/I04_骨骼空港/q2/openverse_Bison_antiquus_at_the_Page_Museum_at_the_21e7354b.jpg","33fa34b519472d5a701a2fa187f62a3ac6e49c6ebc53ce349011d59bdebb860d","139464","685","1023",".jpg","scene_reference","1","","THUMBNAIL_PENDING"
"IMAGE-069","黎黎隆项目/assets/refs/X并Z克NZ/ref_30.webp","C:\Users\19308\Documents\Obsidian\ten-yuan-vault\黎黎隆项目\assets\refs\X并Z克NZ\ref_30.webp","黎黎隆项目/assets/refs/X并Z克NZ/ref_30.webp","35dbc02867e656c4e19de7d2bd37030fb19651385f617b6b4dedf335d95d659a","93916","UNKNOWN","UNKNOWN",".webp","world_mechanism_reference","1","黎黎隆_角色总览_素材汇总_v0.1.canvas#9522a0a51872433e | 黎黎隆_X并Z克NZ_参考墙_R1-R5_本地化_v4.0.canvas#link_cc6f1ae911","THUMBNAIL_PENDING"
"IMAGE-070","方/07_素材图/临时截图/Pasted image 20260918172615.png","C:\Users\19308\Documents\Obsidian\ten-yuan-vault\方\07_素材图\临时截图\Pasted image 20260918172615.png","方/07_素材图/临时截图/Pasted image 20260918172615.png","374f7fb0591513f5a959be57dac77c73628ebc2144ad3803089bd1256843f668","934789","680","1034",".png","project_original","1","黎黎隆_场景参考_I04_骨骼空港_image-well测试_v1.0.canvas#167910629a61757c","THUMBNAIL_PENDING"
"IMAGE-071","黎黎隆项目/角色风格_R1-R3/01_REFERENCE/R03_PROMARE/orig_07.png","C:\Users\19308\Documents\Obsidian\ten-yuan-vault\黎黎隆项目\角色风格_R1-R3\01_REFERENCE\R03_PROMARE\orig_07.png","黎黎隆项目/角色风格_R1-R3/01_REFERENCE/R03_PROMARE/orig_07.png","38b11cccc48b63bf4cd6e4b41315d4554940069230f460a74f9c9d255ee6b67b","146605","1032","1400",".png","role_reference","1","","THUMBNAIL_PENDING"
"IMAGE-072","黎黎隆项目/场景视觉参考/image-well-test/I04_骨骼空港/q1/openverse_Albany_Whale_World_Whale_skeleton_exhibi_0621e157.jpg","C:\Users\19308\Documents\Obsidian\ten-yuan-vault\黎黎隆项目\场景视觉参考\image-well-test\I04_骨骼空港\q1\openverse_Albany_Whale_World_Whale_skeleton_exhibi_0621e157.jpg","黎黎隆项目/场景视觉参考/image-well-test/I04_骨骼空港/q1/openverse_Albany_Whale_World_Whale_skeleton_exhibi_0621e157.jpg","38caa6eee430ec906c3498b9d168efe8ec866f21cd759499a745b9229a3c2005","295450","1024","768",".jpg","scene_reference","1","黎黎隆_场景参考_I04_骨骼空港_image-well测试_v1.0.canvas#img_1","THUMBNAIL_PENDING"
"IMAGE-073","黎黎隆_v1.1_ZEROLOGIN/assets/references/ref_right_R02.png","C:\Users\19308\Documents\Obsidian\ten-yuan-vault\黎黎隆_v1.1_ZEROLOGIN\assets\references\ref_right_R02.png","黎黎隆_v1.1_ZEROLOGIN/assets/references/ref_right_R02.png","390e5c9edea6bf91a7be93bb39ff8464b73b2cd43d1ee834e7ee2ee91d89b034","225615","UNKNOWN","UNKNOWN",".png","project_original","1","黎黎隆_场景风格视觉化_R1-R6_本地全量_v1.3.canvas#ref_right_R02","THUMBNAIL_PENDING"
"IMAGE-074","黎黎隆项目/角色风格_R1-R3/01_REFERENCE/R05_HADES/thumb_07.jpg","C:\Users\19308\Documents\Obsidian\ten-yuan-vault\黎黎隆项目\角色风格_R1-R3\01_REFERENCE\R05_HADES\thumb_07.jpg","黎黎隆项目/角色风格_R1-R3/01_REFERENCE/R05_HADES/thumb_07.jpg","39ab56db4665b982f30469b3acd9a285a7f7f352a417be3242ffb593a1faf01d","287452","1349","1105",".jpg","role_reference","1","","THUMBNAIL_PENDING"
"IMAGE-075","方/07_素材图/临时截图/Pasted image 20260918000756.png","C:\Users\19308\Documents\Obsidian\ten-yuan-vault\方\07_素材图\临时截图\Pasted image 20260918000756.png","方/07_素材图/临时截图/Pasted image 20260918000756.png","39fc7447afbd3b1181470ad6c63f896e0b04e7332e2a115adbe9f344efb2ce3e","2896045","1214","1295",".png","project_original","1","黎黎隆_角色总览_素材汇总_v0.1.canvas#4165c19c96e644f6 | 黎黎隆_原始灵感板_v0.1.canvas#adc1de91248392d0","THUMBNAIL_PENDING"
"IMAGE-076","黎黎隆项目/角色风格_R1-R3/01_REFERENCE/R05_HADES/orig_04.png","C:\Users\19308\Documents\Obsidian\ten-yuan-vault\黎黎隆项目\角色风格_R1-R3\01_REFERENCE\R05_HADES\orig_04.png","黎黎隆项目/角色风格_R1-R3/01_REFERENCE/R05_HADES/orig_04.png","3a0620d8556f68f12b08866fba7fa5fd3469e4e0ecb75ac47b0ce4ff70d3cbea","2511855","1920","1080",".png","role_reference","1","","THUMBNAIL_PENDING"
"IMAGE-077","黎黎隆项目/角色风格_R1-R3/02_CANDIDATES/角色探索_2026-09-17/大叔_单侧巨臂_候选01.png","C:\Users\19308\Documents\Obsidian\ten-yuan-vault\黎黎隆项目\角色风格_R1-R3\02_CANDIDATES\角色探索_2026-09-17\大叔_单侧巨臂_候选01.png","黎黎隆项目/角色风格_R1-R3/02_CANDIDATES/角色探索_2026-09-17/大叔_单侧巨臂_候选01.png","3a2bea4a97e79abeecc6f4068fff2dc6545ec6737bd9bb2211fd0b21eb606651","2089653","1536","1024",".png","role_reference","1","黎黎隆_角色总览_素材汇总_v0.1.canvas#a202ffb317ec4718","THUMBNAIL_PENDING"
"IMAGE-078","黎黎隆项目/角色风格_R1-R3/01_REFERENCE/R01_WAKFU/thumb_09.jpg","C:\Users\19308\Documents\Obsidian\ten-yuan-vault\黎黎隆项目\角色风格_R1-R3\01_REFERENCE\R01_WAKFU\thumb_09.jpg","黎黎隆项目/角色风格_R1-R3/01_REFERENCE/R01_WAKFU/thumb_09.jpg","3a79c75c9fba4428c6eac19e4560a1d8852f3f563e2675668b6cfccb9e2d8a05","168547","1600","985",".jpg","role_reference","1","","THUMBNAIL_PENDING"
"IMAGE-079","黎黎隆项目/角色风格_R1-R3/02_USER_ORIGINAL/大叔角色配色2.jpg","C:\Users\19308\Documents\Obsidian\ten-yuan-vault\黎黎隆项目\角色风格_R1-R3\02_USER_ORIGINAL\大叔角色配色2.jpg","黎黎隆项目/角色风格_R1-R3/02_USER_ORIGINAL/大叔角色配色2.jpg | 方/07_素材图/临时截图/大叔角色配色2.jpg","3cbc5a86444427d240643483c25c3c586747c0f857f27be0447ffa855cf83945","2819697","6119","3492",".jpg","role_reference","2","黎黎隆_角色总览_素材汇总_v0.1.canvas#add298318dae437f | 黎黎隆_角色总览_素材汇总_v0.1.canvas#75f44b7b5a8e4303 | 黎黎隆_角色风格_R1-R3_本地化_v1.0.canvas#orig_uncle | 黎黎隆_角色风格_R1-R3_原始_v1.0.canvas#orig_uncle | 黎黎隆_角色总览_素材汇总_v0.1.canvas#1d0c47a3bfd84532 | 黎黎隆_原始灵感板_v0.1.canvas#70d84e93f031f2ae","THUMBNAIL_PENDING"
"IMAGE-080","黎黎隆项目/角色风格_R1-R3/01_REFERENCE/R10_LoL_Clarity/orig_06.jpg","C:\Users\19308\Documents\Obsidian\ten-yuan-vault\黎黎隆项目\角色风格_R1-R3\01_REFERENCE\R10_LoL_Clarity\orig_06.jpg","黎黎隆项目/角色风格_R1-R3/01_REFERENCE/R10_LoL_Clarity/orig_06.jpg","3ce69e3de48b046d7272eafc995335c5f67f2d5f330e5de8745fcc4e77a16043","60528","496","560",".jpg","role_reference","1","","THUMBNAIL_PENDING"
"IMAGE-081","黎黎隆_v1.1_ZEROLOGIN/assets/references/imagewell/refR5_seed_I04/selected.jpg","C:\Users\19308\Documents\Obsidian\ten-yuan-vault\黎黎隆_v1.1_ZEROLOGIN\assets\references\imagewell\refR5_seed_I04\selected.jpg","黎黎隆_v1.1_ZEROLOGIN/assets/references/imagewell/refR5_seed_I04/selected.jpg","3d612e9352b716c5692744d8f01f38b4bc89ab0c36a0a3f03302ee58a5514ead","178144","1024","667",".jpg","scene_reference","1","黎黎隆_场景风格视觉化_R1-R6_本地全量_v1.3.canvas#refR5_seed_I04","THUMBNAIL_PENDING"
"IMAGE-082","黎黎隆项目/assets/refs/X并Z克NZ/ref_17.png","C:\Users\19308\Documents\Obsidian\ten-yuan-vault\黎黎隆项目\assets\refs\X并Z克NZ\ref_17.png","黎黎隆项目/assets/refs/X并Z克NZ/ref_17.png","3f92f6efd88da8a5f3b93dd2c761d67f3780dc1dffebe851ddb7186ee1583823","2322862","1776","2500",".png","world_mechanism_reference","1","黎黎隆_角色总览_素材汇总_v0.1.canvas#00cf22fb9f4c4808 | 黎黎隆_X并Z克NZ_参考墙_R1-R5_本地化_v4.0.canvas#link_add18995b8","THUMBNAIL_PENDING"
"IMAGE-083","方/07_素材图/临时截图/Pasted image 20260917015032.png","C:\Users\19308\Documents\Obsidian\ten-yuan-vault\方\07_素材图\临时截图\Pasted image 20260917015032.png","方/07_素材图/临时截图/Pasted image 20260917015032.png","402ab5cd65af757b93e63e635212e9d44bd41a32c39cbfc947f4f3c38c5b0eb4","1196356","1189","964",".png","project_original","1","黎黎隆_角色总览_素材汇总_v0.1.canvas#a04259c7621d4188 | 黎黎隆_原始灵感板_v0.1.canvas#32fe06bc860ab5ad","THUMBNAIL_PENDING"
"IMAGE-084","黎黎隆项目/角色风格_R1-R3/01_REFERENCE/R09_MonsterHunter/thumb_02.jpg","C:\Users\19308\Documents\Obsidian\ten-yuan-vault\黎黎隆项目\角色风格_R1-R3\01_REFERENCE\R09_MonsterHunter\thumb_02.jpg","黎黎隆项目/角色风格_R1-R3/01_REFERENCE/R09_MonsterHunter/thumb_02.jpg","40cb6dd84e6957500eb3ee547cb2c11a8c467e3cab7d81f22bd147de8602e703","550003","1600","909",".jpg","role_reference","1","","THUMBNAIL_PENDING"
"IMAGE-085","方/07_素材图/临时截图/Pasted image 20260918011239.png","C:\Users\19308\Documents\Obsidian\ten-yuan-vault\方\07_素材图\临时截图\Pasted image 20260918011239.png","方/07_素材图/临时截图/Pasted image 20260918011239.png","421dfad94a66ff54ce527224774bcef0ad72226664fae389c07efb756b47f6b7","1024685","762","760",".png","project_original","1","黎黎隆_角色总览_素材汇总_v0.1.canvas#567929363ad44eb9 | 黎黎隆_原始灵感板_v0.1.canvas#78ec59b919d428ff","THUMBNAIL_PENDING"
"IMAGE-086","方/07_素材图/临时截图/Pasted image 20260918172001.png","C:\Users\19308\Documents\Obsidian\ten-yuan-vault\方\07_素材图\临时截图\Pasted image 20260918172001.png","方/07_素材图/临时截图/Pasted image 20260918172001.png","426b1e5e05a5efc3542cffdb7e089ac7bf3979e3e893be85b44887ded6091d67","2225760","1080","1340",".png","project_original","1","黎黎隆_场景参考_I04_骨骼空港_image-well测试_v1.0.canvas#941d6567089991db","THUMBNAIL_PENDING"
"IMAGE-087","黎黎隆项目/角色风格_R1-R3/01_REFERENCE/R06_HiFi_RUSH/thumb_08.jpg","C:\Users\19308\Documents\Obsidian\ten-yuan-vault\黎黎隆项目\角色风格_R1-R3\01_REFERENCE\R06_HiFi_RUSH\thumb_08.jpg","黎黎隆项目/角色风格_R1-R3/01_REFERENCE/R06_HiFi_RUSH/thumb_08.jpg","4278abfd27b4121761a5998d13606be6232c813a91618c30be7549de3f9b4eca","71079","400","400",".jpg","role_reference","1","","THUMBNAIL_PENDING"
"IMAGE-088","方/07_素材图/临时截图/Pasted image 20260918172638.png","C:\Users\19308\Documents\Obsidian\ten-yuan-vault\方\07_素材图\临时截图\Pasted image 20260918172638.png","方/07_素材图/临时截图/Pasted image 20260918172638.png","42a32db0f9c73a4e03512ca88c7d5209a2ce162290b68f92e04dc97e69f5c9e9","2667249","1200","1697",".png","project_original","1","黎黎隆_场景参考_I04_骨骼空港_image-well测试_v1.0.canvas#705be960fae46a8b","THUMBNAIL_PENDING"
"IMAGE-089","黎黎隆项目/assets/refs/X并Z克NZ/ref_26.jpg","C:\Users\19308\Documents\Obsidian\ten-yuan-vault\黎黎隆项目\assets\refs\X并Z克NZ\ref_26.jpg","黎黎隆项目/assets/refs/X并Z克NZ/ref_26.jpg","438131bf829819cad32fa4bfa707aea3bd830622c0a794304b0e6fd922e114d8","712663","1600","1362",".jpg","world_mechanism_reference","1","黎黎隆_角色总览_素材汇总_v0.1.canvas#dd746f1cccbf4292 | 黎黎隆_X并Z克NZ_参考墙_R1-R5_本地化_v4.0.canvas#link_2a0c6f864f","THUMBNAIL_PENDING"
"IMAGE-090","黎黎隆项目/角色风格_R1-R3/01_REFERENCE/R04_Fortiche_ARCANE/orig_08.webp","C:\Users\19308\Documents\Obsidian\ten-yuan-vault\黎黎隆项目\角色风格_R1-R3\01_REFERENCE\R04_Fortiche_ARCANE\orig_08.webp","黎黎隆项目/角色风格_R1-R3/01_REFERENCE/R04_Fortiche_ARCANE/orig_08.webp","44f961fcef694ced3d0fd804156cd941994767c2f07f6935273e5d0261738420","37982","UNKNOWN","UNKNOWN",".webp","role_reference","1","","THUMBNAIL_PENDING"
"IMAGE-091","黎黎隆项目/assets/refs/X并Z克NZ/ref_24.webp","C:\Users\19308\Documents\Obsidian\ten-yuan-vault\黎黎隆项目\assets\refs\X并Z克NZ\ref_24.webp","黎黎隆项目/assets/refs/X并Z克NZ/ref_24.webp","45b445d70f9804005e62ccb80bd46acfb5d4d0440755b1d1eb52d6cf33951422","223230","UNKNOWN","UNKNOWN",".webp","world_mechanism_reference","1","黎黎隆_角色总览_素材汇总_v0.1.canvas#1b79b77189524604 | 黎黎隆_X并Z克NZ_参考墙_R1-R5_本地化_v4.0.canvas#link_f1d3438a41","THUMBNAIL_PENDING"
"IMAGE-092","黎黎隆项目/角色风格_R1-R3/02_CANDIDATES/角色探索_2026-09-17/黎黎_机械尾_候选01.png","C:\Users\19308\Documents\Obsidian\ten-yuan-vault\黎黎隆项目\角色风格_R1-R3\02_CANDIDATES\角色探索_2026-09-17\黎黎_机械尾_候选01.png","黎黎隆项目/角色风格_R1-R3/02_CANDIDATES/角色探索_2026-09-17/黎黎_机械尾_候选01.png","466695613baaf0c43fa55a906a894d1d43383f43b43fab760f84a4de18be2778","2609262","1690","931",".png","role_reference","1","黎黎隆_角色总览_素材汇总_v0.1.canvas#5f6f32f93c8e4c3a","THUMBNAIL_PENDING"
"IMAGE-093","黎黎隆_v1.1_ZEROLOGIN/assets/references/ref_axis_D01.jpg","C:\Users\19308\Documents\Obsidian\ten-yuan-vault\黎黎隆_v1.1_ZEROLOGIN\assets\references\ref_axis_D01.jpg","黎黎隆_v1.1_ZEROLOGIN/assets/references/ref_axis_D01.jpg | 黎黎隆_v1.1_ZEROLOGIN/assets/references/ref_style_A08.jpg","467ed783586c270bf85de4799c2298696c25c5da61a10f2ae7e2b88c3ae62f8d","390421","1920","1080",".jpg","project_original","2","黎黎隆_场景风格视觉化_R1-R6_本地全量_v1.3.canvas#ref_axis_D01 | 黎黎隆_场景风格视觉化_R1-R6_本地全量_v1.3.canvas#ref_style_A08","THUMBNAIL_PENDING"
"IMAGE-094","黎黎隆项目/角色风格_R1-R3/01_REFERENCE/R08_Moebius/orig_02.jpg","C:\Users\19308\Documents\Obsidian\ten-yuan-vault\黎黎隆项目\角色风格_R1-R3\01_REFERENCE\R08_Moebius\orig_02.jpg","黎黎隆项目/角色风格_R1-R3/01_REFERENCE/R08_Moebius/orig_02.jpg","46ed12ae9cf883ccfca0aea129e9e8502acfb55416dcd3bf11ec62f90542f9d4","51232","1200","584",".jpg","role_reference","1","","THUMBNAIL_PENDING"
"IMAGE-095","黎黎隆项目/角色风格_R1-R3/01_REFERENCE/R02_GuiltyGear/thumb_03.jpg","C:\Users\19308\Documents\Obsidian\ten-yuan-vault\黎黎隆项目\角色风格_R1-R3\01_REFERENCE\R02_GuiltyGear\thumb_03.jpg","黎黎隆项目/角色风格_R1-R3/01_REFERENCE/R02_GuiltyGear/thumb_03.jpg","48129694cf1f191bcf0ced7ade2aad0aca7df7152893f2cf70c26d5166d69192","477001","1600","1600",".jpg","role_reference","1","","THUMBNAIL_PENDING"
"IMAGE-096","黎黎隆_v1.1_ZEROLOGIN/assets/references/imagewell/refR5_seed_I12_expand/E04_trabecular_bone_ports.png","C:\Users\19308\Documents\Obsidian\ten-yuan-vault\黎黎隆_v1.1_ZEROLOGIN\assets\references\imagewell\refR5_seed_I12_expand\E04_trabecular_bone_ports.png","黎黎隆_v1.1_ZEROLOGIN/assets/references/imagewell/refR5_seed_I12_expand/E04_trabecular_bone_ports.png","489f9b93734bde9cfe0e9afcc8189ca47f0b964bb5e50e3d2688318751b405c0","139476","960","557",".png","project_original","1","黎黎隆_场景风格视觉化_R1-R6_本地全量_v1.3.canvas#bef4c6567cc747b5","THUMBNAIL_PENDING"
"IMAGE-097","黎黎隆项目/角色风格_R1-R3/01_REFERENCE/R06_HiFi_RUSH/orig_09.jpg","C:\Users\19308\Documents\Obsidian\ten-yuan-vault\黎黎隆项目\角色风格_R1-R3\01_REFERENCE\R06_HiFi_RUSH\orig_09.jpg","黎黎隆项目/角色风格_R1-R3/01_REFERENCE/R06_HiFi_RUSH/orig_09.jpg","48a86807ce3ac0abee171d5f239086c404f767a78c5dd8bfb8974280b0d14970","99501","400","400",".jpg","role_reference","1","","THUMBNAIL_PENDING"
"IMAGE-098","黎黎隆_v1.1_ZEROLOGIN/assets/references/ref_axis_D05.jpg","C:\Users\19308\Documents\Obsidian\ten-yuan-vault\黎黎隆_v1.1_ZEROLOGIN\assets\references\ref_axis_D05.jpg","黎黎隆_v1.1_ZEROLOGIN/assets/references/ref_axis_D05.jpg | 黎黎隆_v1.1_ZEROLOGIN/assets/references/ref_axis_D04.jpg","4a0dc69fa2cab3c3a5780bfe9dd2c8e806ebda9a8adec9855725dd357951a20c","233334","UNKNOWN","UNKNOWN",".jpg","project_original","2","黎黎隆_场景风格视觉化_R1-R6_本地全量_v1.3.canvas#ref_axis_D05 | 黎黎隆_场景风格视觉化_R1-R6_本地全量_v1.3.canvas#ref_axis_D04","THUMBNAIL_PENDING"
"IMAGE-099","黎黎隆项目/角色风格_R1-R3/01_REFERENCE/R04_Fortiche_ARCANE/orig_02.jpg","C:\Users\19308\Documents\Obsidian\ten-yuan-vault\黎黎隆项目\角色风格_R1-R3\01_REFERENCE\R04_Fortiche_ARCANE\orig_02.jpg","黎黎隆项目/角色风格_R1-R3/01_REFERENCE/R04_Fortiche_ARCANE/orig_02.jpg","4ad4d5dec15896597c2634350a768f8b60ff6b9484363bc7e83b3934391ae896","131013","1920","1080",".jpg","role_reference","1","","THUMBNAIL_PENDING"
"IMAGE-100","黎黎隆项目/assets/refs/X并Z克NZ/ref_11.jpg","C:\Users\19308\Documents\Obsidian\ten-yuan-vault\黎黎隆项目\assets\refs\X并Z克NZ\ref_11.jpg","黎黎隆项目/assets/refs/X并Z克NZ/ref_11.jpg","4b3b57f85bece0d930811089098e2ec46865edd5bc6f3937014df83f4de76328","192542","1066","600",".jpg","world_mechanism_reference","1","黎黎隆_角色总览_素材汇总_v0.1.canvas#9b350928aea34724 | 黎黎隆_X并Z克NZ_参考墙_R1-R5_本地化_v4.0.canvas#link_091b599f7a","THUMBNAIL_PENDING"
"IMAGE-101","黎黎隆项目/角色风格_R1-R3/01_REFERENCE/R06_HiFi_RUSH/thumb_06.jpg","C:\Users\19308\Documents\Obsidian\ten-yuan-vault\黎黎隆项目\角色风格_R1-R3\01_REFERENCE\R06_HiFi_RUSH\thumb_06.jpg","黎黎隆项目/角色风格_R1-R3/01_REFERENCE/R06_HiFi_RUSH/thumb_06.jpg","4bd2f60d54b5783f1458820d27e24897278e383099b7ff724be48ce31dc7e877","53831","400","400",".jpg","role_reference","1","黎黎隆_角色总览_素材汇总_v0.1.canvas#9d0557097c0c4bfd | 黎黎隆_角色风格_R1-R3_本地化_v1.0.canvas#792aad148f3d0a98","THUMBNAIL_PENDING"
"IMAGE-102","黎黎隆项目/角色风格_R1-R3/01_REFERENCE/R10_LoL_Clarity/thumb_02.jpg","C:\Users\19308\Documents\Obsidian\ten-yuan-vault\黎黎隆项目\角色风格_R1-R3\01_REFERENCE\R10_LoL_Clarity\thumb_02.jpg","黎黎隆项目/角色风格_R1-R3/01_REFERENCE/R10_LoL_Clarity/thumb_02.jpg","4c291749d37319797b69d745f93bbb8204e83caf630bd0e4e1d5014ad352c38d","51678","496","560",".jpg","role_reference","1","","THUMBNAIL_PENDING"
"IMAGE-103","黎黎隆项目/角色风格_R1-R3/01_REFERENCE/R04_Fortiche_ARCANE/orig_01.jpg","C:\Users\19308\Documents\Obsidian\ten-yuan-vault\黎黎隆项目\角色风格_R1-R3\01_REFERENCE\R04_Fortiche_ARCANE\orig_01.jpg","黎黎隆项目/角色风格_R1-R3/01_REFERENCE/R04_Fortiche_ARCANE/orig_01.jpg","4c8d6763544bb60a61cdfc073a127234cf21f5a3e4d777e527fae829bc5037ff","175289","1920","1080",".jpg","role_reference","1","","THUMBNAIL_PENDING"
"IMAGE-104","黎黎隆项目/角色风格_R1-R3/01_REFERENCE/R04_Fortiche_ARCANE/thumb_04.jpg","C:\Users\19308\Documents\Obsidian\ten-yuan-vault\黎黎隆项目\角色风格_R1-R3\01_REFERENCE\R04_Fortiche_ARCANE\thumb_04.jpg","黎黎隆项目/角色风格_R1-R3/01_REFERENCE/R04_Fortiche_ARCANE/thumb_04.jpg","4e92326b1363acb374805e2db7aa70e8cbd3184f97d23f6f545acf3eddeb6c7f","166483","1600","900",".jpg","role_reference","1","","THUMBNAIL_PENDING"
"IMAGE-105","黎黎隆项目/角色风格_R1-R3/01_REFERENCE/R01_WAKFU/thumb_02.jpg","C:\Users\19308\Documents\Obsidian\ten-yuan-vault\黎黎隆项目\角色风格_R1-R3\01_REFERENCE\R01_WAKFU\thumb_02.jpg","黎黎隆项目/角色风格_R1-R3/01_REFERENCE/R01_WAKFU/thumb_02.jpg","4ec1d9b6f052ea92d958dfa056ab8e077c6f74da7357c152db010278c3c9a71f","111315","1244","799",".jpg","role_reference","1","","THUMBNAIL_PENDING"
"IMAGE-106","黎黎隆项目/assets/refs/X并Z克NZ/ref_29.jpg","C:\Users\19308\Documents\Obsidian\ten-yuan-vault\黎黎隆项目\assets\refs\X并Z克NZ\ref_29.jpg","黎黎隆项目/assets/refs/X并Z克NZ/ref_29.jpg","4fa9d1f157cce7403eaad63c06b0c5c4adf2ec25a373d1917614abf161955368","451568","1920","1080",".jpg","world_mechanism_reference","1","黎黎隆_角色总览_素材汇总_v0.1.canvas#a35bce9c288942fe | 黎黎隆_X并Z克NZ_参考墙_R1-R5_本地化_v4.0.canvas#link_83c0f3c9ee","THUMBNAIL_PENDING"
"IMAGE-107","黎黎隆项目/角色风格_R1-R3/01_REFERENCE/R01_WAKFU/thumb_05.jpg","C:\Users\19308\Documents\Obsidian\ten-yuan-vault\黎黎隆项目\角色风格_R1-R3\01_REFERENCE\R01_WAKFU\thumb_05.jpg","黎黎隆项目/角色风格_R1-R3/01_REFERENCE/R01_WAKFU/thumb_05.jpg","4ff67b49d2423e78eed6ba36e5b5d37d2d526ddfcb98477cb35f007f62558c0d","71265","1600","544",".jpg","role_reference","1","","THUMBNAIL_PENDING"
"IMAGE-108","黎黎隆项目/角色风格_R1-R3/01_REFERENCE/R03_PROMARE/orig_02.png","C:\Users\19308\Documents\Obsidian\ten-yuan-vault\黎黎隆项目\角色风格_R1-R3\01_REFERENCE\R03_PROMARE\orig_02.png","黎黎隆项目/角色风格_R1-R3/01_REFERENCE/R03_PROMARE/orig_02.png","4ff91f4fca6d1381275208b62f7f7f3057c855592d0cb54768a46991cf46212d","212859","1096","1400",".png","role_reference","1","","THUMBNAIL_PENDING"
"IMAGE-109","黎黎隆项目/assets/refs/X并Z克NZ/ref_16.webp","C:\Users\19308\Documents\Obsidian\ten-yuan-vault\黎黎隆项目\assets\refs\X并Z克NZ\ref_16.webp","黎黎隆项目/assets/refs/X并Z克NZ/ref_16.webp","5053be0faef06615bec1033709506f90d0ba99ab7dd57a9ca1780d8af37a27fa","192824","UNKNOWN","UNKNOWN",".webp","world_mechanism_reference","1","黎黎隆_角色总览_素材汇总_v0.1.canvas#50022fe5038b425d | 黎黎隆_X并Z克NZ_参考墙_R1-R5_本地化_v4.0.canvas#link_09dcaacccd","THUMBNAIL_PENDING"
"IMAGE-110","黎黎隆项目/角色风格_R1-R3/01_REFERENCE/R04_Fortiche_ARCANE/thumb_08.jpg","C:\Users\19308\Documents\Obsidian\ten-yuan-vault\黎黎隆项目\角色风格_R1-R3\01_REFERENCE\R04_Fortiche_ARCANE\thumb_08.jpg","黎黎隆项目/角色风格_R1-R3/01_REFERENCE/R04_Fortiche_ARCANE/thumb_08.jpg","51bdcc792a82ae862175d9bef803cd03ed5f44db6be81786c7241152bd7a8fa7","126514","1600","900",".jpg","role_reference","1","黎黎隆_角色总览_素材汇总_v0.1.canvas#1ca24971c13846ac | 黎黎隆_角色风格_R1-R3_本地化_v1.0.canvas#027f8c8a27ca7589","THUMBNAIL_PENDING"
"IMAGE-111","方/07_素材图/临时截图/Pasted image 20260917020155.png","C:\Users\19308\Documents\Obsidian\ten-yuan-vault\方\07_素材图\临时截图\Pasted image 20260917020155.png","方/07_素材图/临时截图/Pasted image 20260917020155.png","5354117aee020cec090e7e486bb132abe51a8671d7d68d4415f3f1cd5985b8b2","200140","600","308",".png","project_original","1","黎黎隆_角色总览_素材汇总_v0.1.canvas#abd238b6f7d2420f | 黎黎隆_原始灵感板_v0.1.canvas#18fffeee2dd6b7ff","THUMBNAIL_PENDING"
"IMAGE-112","方/07_素材图/临时截图/Pasted image 20260915163521.png","C:\Users\19308\Documents\Obsidian\ten-yuan-vault\方\07_素材图\临时截图\Pasted image 20260915163521.png","方/07_素材图/临时截图/Pasted image 20260915163521.png | 方/07_素材图/临时截图/Pasted image 20260916153009.png","535a53f600361cb80637882ee5900f29c8c8da950935dc985ed156bd1cb5e53b","1807343","2094","1446",".png","project_original","2","黎黎隆_角色总览_素材汇总_v0.1.canvas#3e5773d244404959 | 黎黎隆_原始灵感板_v0.1.canvas#8883e06c2f1d1515 | 黎黎隆_角色总览_素材汇总_v0.1.canvas#4bdd72277d2a4dc8 | 黎黎隆_项目总览与验收_R1_v1.0.canvas#a1b2c3d4e5f60404 | 黎黎隆_原始灵感板_v0.1.canvas#3d6707e602e1bab2","THUMBNAIL_PENDING"
"IMAGE-113","黎黎隆项目/assets/refs/X并Z克NZ/ref_12.jpg","C:\Users\19308\Documents\Obsidian\ten-yuan-vault\黎黎隆项目\assets\refs\X并Z克NZ\ref_12.jpg","黎黎隆项目/assets/refs/X并Z克NZ/ref_12.jpg","53f5b0e5a202389dc6b78ba9be3b3bbc7a86d270b6b9faaf54e051aa31978484","82850","790","416",".jpg","world_mechanism_reference","1","黎黎隆_角色总览_素材汇总_v0.1.canvas#15c080fdd4e345f5 | 黎黎隆_X并Z克NZ_参考墙_R1-R5_本地化_v4.0.canvas#link_25f8b63912","THUMBNAIL_PENDING"
"IMAGE-114","黎黎隆项目/角色风格_R1-R3/01_REFERENCE/R05_HADES/thumb_05.jpg","C:\Users\19308\Documents\Obsidian\ten-yuan-vault\黎黎隆项目\角色风格_R1-R3\01_REFERENCE\R05_HADES\thumb_05.jpg","黎黎隆项目/角色风格_R1-R3/01_REFERENCE/R05_HADES/thumb_05.jpg","53ffa7207c7280db863f725a774de0835f1ca3c81b8ba83b09a4bbf5b49ce651","287470","1600","900",".jpg","role_reference","1","黎黎隆_角色总览_素材汇总_v0.1.canvas#68fc63326be9426e | 黎黎隆_角色风格_R1-R3_本地化_v1.0.canvas#3b42cc1954dc9411","THUMBNAIL_PENDING"
"IMAGE-115","黎黎隆项目/角色风格_R1-R3/01_REFERENCE/R03_PROMARE/orig_01.png","C:\Users\19308\Documents\Obsidian\ten-yuan-vault\黎黎隆项目\角色风格_R1-R3\01_REFERENCE\R03_PROMARE\orig_01.png","黎黎隆项目/角色风格_R1-R3/01_REFERENCE/R03_PROMARE/orig_01.png","54267d819a88162ebede7dfb8bdc5ef68103009be71f2fcfe2edca1e2a3b6a63","136378","1096","1400",".png","role_reference","1","","THUMBNAIL_PENDING"
"IMAGE-116","黎黎隆项目/角色风格_R1-R3/01_REFERENCE/R09_MonsterHunter/orig_06.jpg","C:\Users\19308\Documents\Obsidian\ten-yuan-vault\黎黎隆项目\角色风格_R1-R3\01_REFERENCE\R09_MonsterHunter\orig_06.jpg","黎黎隆项目/角色风格_R1-R3/01_REFERENCE/R09_MonsterHunter/orig_06.jpg","54480d34d4ea8cd0e259d0e26b56053d728dcea5eabb58d9d84c6583b7bf6e90","123641","661","370",".jpg","role_reference","1","","THUMBNAIL_PENDING"
"IMAGE-117","方/07_素材图/临时截图/Pasted image 20260918154919.png","C:\Users\19308\Documents\Obsidian\ten-yuan-vault\方\07_素材图\临时截图\Pasted image 20260918154919.png","方/07_素材图/临时截图/Pasted image 20260918154919.png","54e158f4fda9cbfc5c221cdeb96b237e0588ab8c78f9008626895395f5883f4c","3267143","1254","1254",".png","project_original","1","黎黎隆_原始灵感板_v0.1.canvas#13bb96e35eca9636","THUMBNAIL_PENDING"
"IMAGE-118","方/07_素材图/临时截图/Pasted image 20260918143536.png","C:\Users\19308\Documents\Obsidian\ten-yuan-vault\方\07_素材图\临时截图\Pasted image 20260918143536.png","方/07_素材图/临时截图/Pasted image 20260918143536.png","553827ed4a2b478a58b6339dff38f7d9d9713c0e6749cb6ce38358f0b98dca1b","503555","1286","1208",".png","project_original","1","黎黎隆_原始灵感板_v0.1.canvas#c266acc7d5b83131","THUMBNAIL_PENDING"
"IMAGE-119","黎黎隆项目/角色风格_R1-R3/01_REFERENCE/R09_MonsterHunter/thumb_07.jpg","C:\Users\19308\Documents\Obsidian\ten-yuan-vault\黎黎隆项目\角色风格_R1-R3\01_REFERENCE\R09_MonsterHunter\thumb_07.jpg","黎黎隆项目/角色风格_R1-R3/01_REFERENCE/R09_MonsterHunter/thumb_07.jpg","56654b57484e5c671dbcc0f4244e857521e06bae2fbabd48b2416097e6441389","161328","1317","809",".jpg","role_reference","1","","THUMBNAIL_PENDING"
"IMAGE-120","黎黎隆_v1.1_ZEROLOGIN/assets/references/imagewell/refR5_seed_I02/selected.jpg","C:\Users\19308\Documents\Obsidian\ten-yuan-vault\黎黎隆_v1.1_ZEROLOGIN\assets\references\imagewell\refR5_seed_I02\selected.jpg","黎黎隆_v1.1_ZEROLOGIN/assets/references/imagewell/refR5_seed_I02/selected.jpg","587af4d11535e0b2e1746197326ee372bfea7ee672100923fc7279b64cbf680f","340792","1024","764",".jpg","project_original","1","黎黎隆_场景风格视觉化_R1-R6_本地全量_v1.3.canvas#refR5_seed_I02 | D03_I02旧枢纽冒险者工会_绘制准备.canvas#f1a2b3c4d5e6010d","THUMBNAIL_PENDING"
"IMAGE-121","方/07_素材图/临时截图/Pasted image 20260913194950.png","C:\Users\19308\Documents\Obsidian\ten-yuan-vault\方\07_素材图\临时截图\Pasted image 20260913194950.png","方/07_素材图/临时截图/Pasted image 20260913194950.png","588756d83799799a9c7cf134f789bc06134f0435e137fbe78b8876ff5538567a","2408469","1254","1254",".png","project_original","1","黎黎隆_角色总览_素材汇总_v0.1.canvas#43c8b63d80f1465d | 黎黎隆_原始灵感板_v0.1.canvas#84197cefe4ce8da8","THUMBNAIL_PENDING"
"IMAGE-122","黎黎隆项目/角色风格_R1-R3/01_REFERENCE/R02_GuiltyGear/orig_07.png","C:\Users\19308\Documents\Obsidian\ten-yuan-vault\黎黎隆项目\角色风格_R1-R3\01_REFERENCE\R02_GuiltyGear\orig_07.png","黎黎隆项目/角色风格_R1-R3/01_REFERENCE/R02_GuiltyGear/orig_07.png","59c64330b2e7251486260ffaf813a092f85b54f87b55cac17b075578c5f5de6e","796941","1600","1600",".png","role_reference","1","","THUMBNAIL_PENDING"
"IMAGE-123","黎黎隆项目/assets/refs/X并Z克NZ/ref_47.png","C:\Users\19308\Documents\Obsidian\ten-yuan-vault\黎黎隆项目\assets\refs\X并Z克NZ\ref_47.png","黎黎隆项目/assets/refs/X并Z克NZ/ref_47.png","5a7a83c51a41f0fa0dc6c9a4ed2eb15c4e1a5bc5bc51b74d970fdd3135d49d46","708862","1200","1199",".png","world_mechanism_reference","1","黎黎隆_角色总览_素材汇总_v0.1.canvas#2b41ed2a2b944c4d | 黎黎隆_X并Z克NZ_参考墙_R1-R5_本地化_v4.0.canvas#link_ddd9a0fd68","THUMBNAIL_PENDING"
"IMAGE-124","方/07_素材图/临时截图/Pasted image 20260918173724.png","C:\Users\19308\Documents\Obsidian\ten-yuan-vault\方\07_素材图\临时截图\Pasted image 20260918173724.png","方/07_素材图/临时截图/Pasted image 20260918173724.png","5c4dafcc2f95c55207040b1d5a4794dffd050095feb79abbe8bc5bd786913cf7","1523824","799","1200",".png","project_original","1","黎黎隆_场景参考_I04_骨骼空港_image-well测试_v1.0.canvas#88dc36e7dc14c73d","THUMBNAIL_PENDING"
"IMAGE-125","黎黎隆项目/场景视觉参考/image-well-test/I04_骨骼空港/q1/wikimedia_Whale_skeleton_5jpg_2e2f11e4.jpg","C:\Users\19308\Documents\Obsidian\ten-yuan-vault\黎黎隆项目\场景视觉参考\image-well-test\I04_骨骼空港\q1\wikimedia_Whale_skeleton_5jpg_2e2f11e4.jpg","黎黎隆项目/场景视觉参考/image-well-test/I04_骨骼空港/q1/wikimedia_Whale_skeleton_5jpg_2e2f11e4.jpg","5ccb2269ea3f62fed3924ae47348015d729f77df578fc97ed3b18f6b1f054d19","3854593","4160","3120",".jpg","scene_reference","1","黎黎隆_场景参考_I04_骨骼空港_image-well测试_v1.0.canvas#img_6","THUMBNAIL_PENDING"
"IMAGE-126","黎黎隆项目/角色风格_R1-R3/01_REFERENCE/R01_WAKFU/orig_06.png","C:\Users\19308\Documents\Obsidian\ten-yuan-vault\黎黎隆项目\角色风格_R1-R3\01_REFERENCE\R01_WAKFU\orig_06.png","黎黎隆项目/角色风格_R1-R3/01_REFERENCE/R01_WAKFU/orig_06.png","5cd8bf309faff663149b2696c59c369b0d11f95e8cd049d901f34229f210a8fd","82914","UNKNOWN","UNKNOWN",".png","role_reference","1","","THUMBNAIL_PENDING"
"IMAGE-127","黎黎隆项目/角色风格_R1-R3/01_REFERENCE/R02_GuiltyGear/thumb_04.jpg","C:\Users\19308\Documents\Obsidian\ten-yuan-vault\黎黎隆项目\角色风格_R1-R3\01_REFERENCE\R02_GuiltyGear\thumb_04.jpg","黎黎隆项目/角色风格_R1-R3/01_REFERENCE/R02_GuiltyGear/thumb_04.jpg","5d395cb1c53e854b9d18b111ab6d7c8ed249e91f7544e1ede021f8dd58246b85","266217","1600","1600",".jpg","role_reference","1","","THUMBNAIL_PENDING"
"IMAGE-128","黎黎隆项目/角色风格_R1-R3/01_REFERENCE/R06_HiFi_RUSH/orig_01.jpg","C:\Users\19308\Documents\Obsidian\ten-yuan-vault\黎黎隆项目\角色风格_R1-R3\01_REFERENCE\R06_HiFi_RUSH\orig_01.jpg","黎黎隆项目/角色风格_R1-R3/01_REFERENCE/R06_HiFi_RUSH/orig_01.jpg","5d51b8f68b4266f8380dacd55f7e6770bc922597bc7c58a828f0da267708fc09","1694956","1920","2716",".jpg","role_reference","1","","THUMBNAIL_PENDING"
"IMAGE-129","黎黎隆_v1.1_ZEROLOGIN/assets/references/refR5_seed_I01.jpg","C:\Users\19308\Documents\Obsidian\ten-yuan-vault\黎黎隆_v1.1_ZEROLOGIN\assets\references\refR5_seed_I01.jpg","黎黎隆_v1.1_ZEROLOGIN/assets/references/refR5_seed_I01.jpg | 黎黎隆_v1.1_ZEROLOGIN/assets/references/ref_style_A02.jpg | 黎黎隆_v1.1_ZEROLOGIN/assets/references/ref_axis_D02.jpg","5f3c2deca0867cc7a8acfa30eed4af638ad17b72bbc8f9d6f3fcddf03670989c","107393","1200","675",".jpg","project_original","3","黎黎隆_场景风格视觉化_R1-R6_本地全量_v1.3.canvas#refR5_seed_I01 | 黎黎隆_场景风格视觉化_R1-R6_本地全量_v1.3.canvas#ref_style_A02 | 黎黎隆_场景风格视觉化_R1-R6_本地全量_v1.3.canvas#ref_axis_D02","THUMBNAIL_PENDING"
"IMAGE-130","黎黎隆项目/角色风格_R1-R3/01_REFERENCE/R02_GuiltyGear/orig_06.png","C:\Users\19308\Documents\Obsidian\ten-yuan-vault\黎黎隆项目\角色风格_R1-R3\01_REFERENCE\R02_GuiltyGear\orig_06.png","黎黎隆项目/角色风格_R1-R3/01_REFERENCE/R02_GuiltyGear/orig_06.png","5f3caa8f96a0df35382c14df91261cf2fcf6e59be0c19beb4d8c71b1ddd8981e","801622","1600","1600",".png","role_reference","1","","THUMBNAIL_PENDING"
"IMAGE-131","方/07_素材图/临时截图/Pasted image 20260918172906.png","C:\Users\19308\Documents\Obsidian\ten-yuan-vault\方\07_素材图\临时截图\Pasted image 20260918172906.png","方/07_素材图/临时截图/Pasted image 20260918172906.png","6130ec1aeb19d18353f5c5fa7c1af6cc828446322ea72c8907a5d41fc6022440","1240081","736","920",".png","project_original","1","黎黎隆_场景参考_I04_骨骼空港_image-well测试_v1.0.canvas#83bd4162692a1aa6","THUMBNAIL_PENDING"
"IMAGE-132","黎黎隆项目/角色风格_R1-R3/01_REFERENCE/R08_Moebius/thumb_06.jpg","C:\Users\19308\Documents\Obsidian\ten-yuan-vault\黎黎隆项目\角色风格_R1-R3\01_REFERENCE\R08_Moebius\thumb_06.jpg","黎黎隆项目/角色风格_R1-R3/01_REFERENCE/R08_Moebius/thumb_06.jpg","613c16cf443518006ec5536780b05921ac9d5d7b0cd7ed5123dc04dd62c8765f","338985","1200","902",".jpg","role_reference","1","黎黎隆_角色总览_素材汇总_v0.1.canvas#fee3e983671d426f | 黎黎隆_角色风格_R1-R3_本地化_v1.0.canvas#17dac68efe1955cb","THUMBNAIL_PENDING"
"IMAGE-133","黎黎隆项目/角色风格_R1-R3/01_REFERENCE/R09_MonsterHunter/thumb_01.jpg","C:\Users\19308\Documents\Obsidian\ten-yuan-vault\黎黎隆项目\角色风格_R1-R3\01_REFERENCE\R09_MonsterHunter\thumb_01.jpg","黎黎隆项目/角色风格_R1-R3/01_REFERENCE/R09_MonsterHunter/thumb_01.jpg","61440d1628bd812b98d85290bc4a20cd70111d8a16f78b390b045511ee4d2f32","94288","1440","450",".jpg","role_reference","1","黎黎隆_角色总览_素材汇总_v0.1.canvas#f8437f7eb37247b2 | 黎黎隆_角色风格_R1-R3_本地化_v1.0.canvas#9d4a47dd0036a462","THUMBNAIL_PENDING"
"IMAGE-134","黎黎隆项目/场景视觉参考/image-well-test/I04_骨骼空港/q1/wikimedia_Skeleton_of_Sperm_Whale_Physeter_macroce_e61d03ad.jpg","C:\Users\19308\Documents\Obsidian\ten-yuan-vault\黎黎隆项目\场景视觉参考\image-well-test\I04_骨骼空港\q1\wikimedia_Skeleton_of_Sperm_Whale_Physeter_macroce_e61d03ad.jpg","黎黎隆项目/场景视觉参考/image-well-test/I04_骨骼空港/q1/wikimedia_Skeleton_of_Sperm_Whale_Physeter_macroce_e61d03ad.jpg","63439bc600b677994b6efac78b72a1271f6d89c683ec6a1a51d37d2fd63241d0","4236342","4000","2667",".jpg","scene_reference","1","黎黎隆_场景参考_I04_骨骼空港_image-well测试_v1.0.canvas#img_5","THUMBNAIL_PENDING"
"IMAGE-135","黎黎隆项目/角色风格_R1-R3/01_REFERENCE/R05_HADES/thumb_06.jpg","C:\Users\19308\Documents\Obsidian\ten-yuan-vault\黎黎隆项目\角色风格_R1-R3\01_REFERENCE\R05_HADES\thumb_06.jpg","黎黎隆项目/角色风格_R1-R3/01_REFERENCE/R05_HADES/thumb_06.jpg","6379f20e7a8711e988230d3e6a035990e12055e9ab6fd2878caea5f95f3da5df","209418","1110","1000",".jpg","role_reference","1","","THUMBNAIL_PENDING"
"IMAGE-136","黎黎隆项目/角色风格_R1-R3/01_REFERENCE/R02_GuiltyGear/thumb_01.jpg","C:\Users\19308\Documents\Obsidian\ten-yuan-vault\黎黎隆项目\角色风格_R1-R3\01_REFERENCE\R02_GuiltyGear\thumb_01.jpg","黎黎隆项目/角色风格_R1-R3/01_REFERENCE/R02_GuiltyGear/thumb_01.jpg","640b853771c4e5cabe0a473382569ff2aec9b990ab51879a68fb2f3c8be0a2fb","357683","1600","1600",".jpg","role_reference","1","黎黎隆_角色总览_素材汇总_v0.1.canvas#6335a7a2ee6040c3 | 黎黎隆_角色风格_R1-R3_本地化_v1.0.canvas#5489eef92f183ec5","THUMBNAIL_PENDING"
"IMAGE-137","黎黎隆_v1.1_ZEROLOGIN/assets/references/imagewell/refR5_seed_I07/selected.jpg","C:\Users\19308\Documents\Obsidian\ten-yuan-vault\黎黎隆_v1.1_ZEROLOGIN\assets\references\imagewell\refR5_seed_I07\selected.jpg","黎黎隆_v1.1_ZEROLOGIN/assets/references/imagewell/refR5_seed_I07/selected.jpg","643d33432b0ad5bb92075886ba5a5550fe94618b0c4996df0b19fb477771c00f","318468","1024","864",".jpg","project_original","1","黎黎隆_场景风格视觉化_R1-R6_本地全量_v1.3.canvas#refR5_seed_I07","THUMBNAIL_PENDING"
"IMAGE-138","黎黎隆项目/角色风格_R1-R3/01_REFERENCE/R08_Moebius/thumb_03.jpg","C:\Users\19308\Documents\Obsidian\ten-yuan-vault\黎黎隆项目\角色风格_R1-R3\01_REFERENCE\R08_Moebius\thumb_03.jpg","黎黎隆项目/角色风格_R1-R3/01_REFERENCE/R08_Moebius/thumb_03.jpg","649f3b9054615d7cd1c266dc980b496fd9095e5fe0e22dac53cae6de4720ab4d","363956","1200","898",".jpg","role_reference","1","","THUMBNAIL_PENDING"
"IMAGE-139","黎黎隆项目/assets/refs/X并Z克NZ/ref_35.webp","C:\Users\19308\Documents\Obsidian\ten-yuan-vault\黎黎隆项目\assets\refs\X并Z克NZ\ref_35.webp","黎黎隆项目/assets/refs/X并Z克NZ/ref_35.webp","657d1ca82651210d529cf0fb66ab7cdb599201fa31a3c1208579c8089bddb3eb","300144","UNKNOWN","UNKNOWN",".webp","world_mechanism_reference","1","黎黎隆_角色总览_素材汇总_v0.1.canvas#449ab3eff08b4697 | 黎黎隆_X并Z克NZ_参考墙_R1-R5_本地化_v4.0.canvas#link_41169904d3","THUMBNAIL_PENDING"
"IMAGE-140","黎黎隆项目/角色风格_R1-R3/01_REFERENCE/R09_MonsterHunter/thumb_04.jpg","C:\Users\19308\Documents\Obsidian\ten-yuan-vault\黎黎隆项目\角色风格_R1-R3\01_REFERENCE\R09_MonsterHunter\thumb_04.jpg","黎黎隆项目/角色风格_R1-R3/01_REFERENCE/R09_MonsterHunter/thumb_04.jpg","65893ad9057f55abd04c28d1a5d1da7f113b44887c25e31f53b8e38e251dbb57","241051","1440","900",".jpg","role_reference","1","","THUMBNAIL_PENDING"
"IMAGE-141","黎黎隆项目/角色风格_R1-R3/01_REFERENCE/R06_HiFi_RUSH/thumb_05.jpg","C:\Users\19308\Documents\Obsidian\ten-yuan-vault\黎黎隆项目\角色风格_R1-R3\01_REFERENCE\R06_HiFi_RUSH\thumb_05.jpg","黎黎隆项目/角色风格_R1-R3/01_REFERENCE/R06_HiFi_RUSH/thumb_05.jpg","69fd42f359518c676df18b1e22ad7d2c8b253aab11b6b742134f6a016d907944","257485","1600","900",".jpg","role_reference","1","","THUMBNAIL_PENDING"
"IMAGE-142","黎黎隆项目/角色风格_R1-R3/01_REFERENCE/R03_PROMARE/thumb_06.jpg","C:\Users\19308\Documents\Obsidian\ten-yuan-vault\黎黎隆项目\角色风格_R1-R3\01_REFERENCE\R03_PROMARE\thumb_06.jpg","黎黎隆项目/角色风格_R1-R3/01_REFERENCE/R03_PROMARE/thumb_06.jpg","6a0763fb20818d7056c3d46f15c395ea838588e97d2423e49c0485d00e4a030c","178059","1600","1138",".jpg","role_reference","1","","THUMBNAIL_PENDING"
"IMAGE-143","黎黎隆项目/03_持续发散/2026-09-17/D02_角色_塔汀_回返膜_v1.png","C:\Users\19308\Documents\Obsidian\ten-yuan-vault\黎黎隆项目\03_持续发散\2026-09-17\D02_角色_塔汀_回返膜_v1.png","黎黎隆项目/03_持续发散/2026-09-17/D02_角色_塔汀_回返膜_v1.png","6ab9d68f4ef7c98b632c2e3e5c91771def2e076018d8bd1e329b1a61c8deca37","3059661","1536","1024",".png","character_candidate","1","黎黎隆_角色总览_素材汇总_v0.1.canvas#6aa08f99ef294af8 | 黎黎隆_项目总览与验收_R1_v1.0.canvas#a1b2c3d4e5f60701 | 黎黎隆_原始灵感板_v0.1.canvas#be169be4dbd0fc85","THUMBNAIL_PENDING"
"IMAGE-144","方/07_素材图/临时截图/Pasted image 20260918171841.png","C:\Users\19308\Documents\Obsidian\ten-yuan-vault\方\07_素材图\临时截图\Pasted image 20260918171841.png","方/07_素材图/临时截图/Pasted image 20260918171841.png","6b26737802d0410b7337daa97fca1dceaa9e8ff3ef6a09444f53f0af1a8d2ade","2167312","1199","847",".png","project_original","1","黎黎隆_场景参考_I04_骨骼空港_image-well测试_v1.0.canvas#fadd7ef8b283c8f0","THUMBNAIL_PENDING"
"IMAGE-145","方/07_素材图/临时截图/Pasted image 20260918154851.png","C:\Users\19308\Documents\Obsidian\ten-yuan-vault\方\07_素材图\临时截图\Pasted image 20260918154851.png","方/07_素材图/临时截图/Pasted image 20260918154851.png","6b64f098bd4846ae0161b1893e6a9fcf8ad1eb39ebe1fce8d73a1aa9798c5017","690488","1164","431",".png","project_original","1","黎黎隆_原始灵感板_v0.1.canvas#bee8f11fe88cfbb4","THUMBNAIL_PENDING"
"IMAGE-146","黎黎隆项目/角色风格_R1-R3/01_REFERENCE/R06_HiFi_RUSH/orig_04.jpg","C:\Users\19308\Documents\Obsidian\ten-yuan-vault\黎黎隆项目\角色风格_R1-R3\01_REFERENCE\R06_HiFi_RUSH\orig_04.jpg","黎黎隆项目/角色风格_R1-R3/01_REFERENCE/R06_HiFi_RUSH/orig_04.jpg","6b8b836efa261165150ee845f34510a32ebfb90bf359ea1d3601ef5d0347fe9d","1038068","1920","2716",".jpg","role_reference","1","","THUMBNAIL_PENDING"
"IMAGE-147","黎黎隆_v1.1_ZEROLOGIN/assets/references/ref_style_A06.jpg","C:\Users\19308\Documents\Obsidian\ten-yuan-vault\黎黎隆_v1.1_ZEROLOGIN\assets\references\ref_style_A06.jpg","黎黎隆_v1.1_ZEROLOGIN/assets/references/ref_style_A06.jpg","6e37411a9edb33a33740a0abc6dadab4e9e3097f6e95478c972e138d1d80dc07","51044","512","512",".jpg","project_original","1","黎黎隆_场景风格视觉化_R1-R6_本地全量_v1.3.canvas#ref_style_A06","THUMBNAIL_PENDING"
"IMAGE-148","黎黎隆项目/角色风格_R1-R3/01_REFERENCE/R04_Fortiche_ARCANE/thumb_06.jpg","C:\Users\19308\Documents\Obsidian\ten-yuan-vault\黎黎隆项目\角色风格_R1-R3\01_REFERENCE\R04_Fortiche_ARCANE\thumb_06.jpg","黎黎隆项目/角色风格_R1-R3/01_REFERENCE/R04_Fortiche_ARCANE/thumb_06.jpg","7033856024db248efa1c69a9671dcbcc3f99bf8eee062b3abdee59077ce40979","110846","1600","900",".jpg","role_reference","1","","THUMBNAIL_PENDING"
"IMAGE-149","黎黎隆项目/角色风格_R1-R3/01_REFERENCE/R10_LoL_Clarity/orig_03.jpg","C:\Users\19308\Documents\Obsidian\ten-yuan-vault\黎黎隆项目\角色风格_R1-R3\01_REFERENCE\R10_LoL_Clarity\orig_03.jpg","黎黎隆项目/角色风格_R1-R3/01_REFERENCE/R10_LoL_Clarity/orig_03.jpg","70418398dfd3fbadc096613c56c95d09465ba11eac30ff5372998e50b899000c","45991","496","560",".jpg","role_reference","1","","THUMBNAIL_PENDING"
"IMAGE-150","黎黎隆项目/角色风格_R1-R3/01_REFERENCE/R04_Fortiche_ARCANE/thumb_01.jpg","C:\Users\19308\Documents\Obsidian\ten-yuan-vault\黎黎隆项目\角色风格_R1-R3\01_REFERENCE\R04_Fortiche_ARCANE\thumb_01.jpg","黎黎隆项目/角色风格_R1-R3/01_REFERENCE/R04_Fortiche_ARCANE/thumb_01.jpg","708a99271501e856904c6573911573835ab97a5c247512b39ca9d54d3de3fa67","310136","1600","900",".jpg","role_reference","1","黎黎隆_角色总览_素材汇总_v0.1.canvas#0141db0a82684bd6 | 黎黎隆_角色风格_R1-R3_本地化_v1.0.canvas#898b577952945bd9","THUMBNAIL_PENDING"
"IMAGE-151","方/07_素材图/临时截图/Pasted image 20260915163508.png","C:\Users\19308\Documents\Obsidian\ten-yuan-vault\方\07_素材图\临时截图\Pasted image 20260915163508.png","方/07_素材图/临时截图/Pasted image 20260915163508.png","7149efb22c5859156ee546e69ed4349f07c24ac78a84ce1c6ba07a60b5da599c","372532","805","1050",".png","project_original","1","黎黎隆_角色总览_素材汇总_v0.1.canvas#a334409555dc442b | 黎黎隆_原始灵感板_v0.1.canvas#80d3194e98a85f9c","THUMBNAIL_PENDING"
"IMAGE-152","黎黎隆项目/角色风格_R1-R3/01_REFERENCE/R06_HiFi_RUSH/orig_02.jpg","C:\Users\19308\Documents\Obsidian\ten-yuan-vault\黎黎隆项目\角色风格_R1-R3\01_REFERENCE\R06_HiFi_RUSH\orig_02.jpg","黎黎隆项目/角色风格_R1-R3/01_REFERENCE/R06_HiFi_RUSH/orig_02.jpg","7151e893a10b158c88ccc4f1763510896ee3060be327547b8ed43ef4df617919","969833","1920","1080",".jpg","role_reference","1","","THUMBNAIL_PENDING"
"IMAGE-153","方/07_素材图/临时截图/Pasted image 20260913193930.png","C:\Users\19308\Documents\Obsidian\ten-yuan-vault\方\07_素材图\临时截图\Pasted image 20260913193930.png","方/07_素材图/临时截图/Pasted image 20260913193930.png","7210cccd25e9b1416b49959655890985835bcd4123b61a805cc443bb98509246","2900721","941","1672",".png","project_original","1","黎黎隆_角色总览_素材汇总_v0.1.canvas#74e8c8e344ee487b | 黎黎隆_原始灵感板_v0.1.canvas#08550c689712a4a7","THUMBNAIL_PENDING"
"IMAGE-154","方/07_素材图/临时截图/分镜头对话.jpg","C:\Users\19308\Documents\Obsidian\ten-yuan-vault\方\07_素材图\临时截图\分镜头对话.jpg","方/07_素材图/临时截图/分镜头对话.jpg","734159b1d42c2cdadf1f98bc094df34e4e5f6ef36de0a819bb14a86fcb30ff3a","7290016","5992","8000",".jpg","project_original","1","黎黎隆_角色总览_素材汇总_v0.1.canvas#862c137ca06f420e | 黎黎隆_原始灵感板_v0.1.canvas#6dbbd2110e065341","THUMBNAIL_PENDING"
"IMAGE-155","黎黎隆_v1.1_ZEROLOGIN/assets/references/imagewell/refR5_seed_I12_expand/E03_whale_bone_hut_frame.jpg","C:\Users\19308\Documents\Obsidian\ten-yuan-vault\黎黎隆_v1.1_ZEROLOGIN\assets\references\imagewell\refR5_seed_I12_expand\E03_whale_bone_hut_frame.jpg","黎黎隆_v1.1_ZEROLOGIN/assets/references/imagewell/refR5_seed_I12_expand/E03_whale_bone_hut_frame.jpg","7438fe763407aaae3221c5aeb6d59c3dfd967d94cc877b0c4f3d9f69711a966e","189673","960","720",".jpg","project_original","1","黎黎隆_场景风格视觉化_R1-R6_本地全量_v1.3.canvas#dc2c2c5f0758228d","THUMBNAIL_PENDING"
"IMAGE-156","黎黎隆项目/assets/refs/X并Z克NZ/ref_33.jpg","C:\Users\19308\Documents\Obsidian\ten-yuan-vault\黎黎隆项目\assets\refs\X并Z克NZ\ref_33.jpg","黎黎隆项目/assets/refs/X并Z克NZ/ref_33.jpg","755ef6312d58b6df785a83ee9507a9cecc24f33cf893452400e6795949bbee03","289573","1920","960",".jpg","world_mechanism_reference","1","黎黎隆_角色总览_素材汇总_v0.1.canvas#e3e43861938e48c6 | 黎黎隆_X并Z克NZ_参考墙_R1-R5_本地化_v4.0.canvas#link_db3f79406a","THUMBNAIL_PENDING"
"IMAGE-157","方/07_素材图/临时截图/Pasted image 20260918154905.png","C:\Users\19308\Documents\Obsidian\ten-yuan-vault\方\07_素材图\临时截图\Pasted image 20260918154905.png","方/07_素材图/临时截图/Pasted image 20260918154905.png","76b4d05da792fad703ef92a359386850c4714eb93f19026d0bb044d26cbc52bc","1854800","1315","896",".png","project_original","1","黎黎隆_原始灵感板_v0.1.canvas#8b586d49f3782468","THUMBNAIL_PENDING"
"IMAGE-158","方/07_素材图/临时截图/Pasted image 20260918171613.png","C:\Users\19308\Documents\Obsidian\ten-yuan-vault\方\07_素材图\临时截图\Pasted image 20260918171613.png","方/07_素材图/临时截图/Pasted image 20260918171613.png","76fbdb98823ad00bd4ca030a83a303d090d858997ffc840158665ccfc639f8df","1393803","786","1185",".png","project_original","1","黎黎隆_场景参考_I04_骨骼空港_image-well测试_v1.0.canvas#9b0d441dba1be8e5","THUMBNAIL_PENDING"
"IMAGE-159","黎黎隆_v1.1_ZEROLOGIN/assets/references/ref_style_A07.png","C:\Users\19308\Documents\Obsidian\ten-yuan-vault\黎黎隆_v1.1_ZEROLOGIN\assets\references\ref_style_A07.png","黎黎隆_v1.1_ZEROLOGIN/assets/references/ref_style_A07.png","77bbe0d534405853effd5cde777a6def497fb7105733b487f0b021ce489b9542","1952319","1456","816",".png","project_original","1","黎黎隆_场景风格视觉化_R1-R6_本地全量_v1.3.canvas#ref_style_A07","THUMBNAIL_PENDING"
"IMAGE-160","黎黎隆项目/角色风格_R1-R3/01_REFERENCE/R10_LoL_Clarity/orig_02.jpg","C:\Users\19308\Documents\Obsidian\ten-yuan-vault\黎黎隆项目\角色风格_R1-R3\01_REFERENCE\R10_LoL_Clarity\orig_02.jpg","黎黎隆项目/角色风格_R1-R3/01_REFERENCE/R10_LoL_Clarity/orig_02.jpg","77f0b52cf02b745ac7b2f33d4830fdbe1be8c0c060b9b5c2293a697935502fe6","43071","496","560",".jpg","role_reference","1","","THUMBNAIL_PENDING"
"IMAGE-161","黎黎隆项目/角色风格_R1-R3/01_REFERENCE/R06_HiFi_RUSH/orig_05.jpg","C:\Users\19308\Documents\Obsidian\ten-yuan-vault\黎黎隆项目\角色风格_R1-R3\01_REFERENCE\R06_HiFi_RUSH\orig_05.jpg","黎黎隆项目/角色风格_R1-R3/01_REFERENCE/R06_HiFi_RUSH/orig_05.jpg","782bbaef8111a8add3f80e2e0608a705ce6f25b2798171906bbcf3ab4becd21e","405240","1920","1080",".jpg","role_reference","1","","THUMBNAIL_PENDING"
"IMAGE-162","黎黎隆项目/角色风格_R1-R3/01_REFERENCE/R06_HiFi_RUSH/orig_06.jpg","C:\Users\19308\Documents\Obsidian\ten-yuan-vault\黎黎隆项目\角色风格_R1-R3\01_REFERENCE\R06_HiFi_RUSH\orig_06.jpg","黎黎隆项目/角色风格_R1-R3/01_REFERENCE/R06_HiFi_RUSH/orig_06.jpg","78a3434144134a5d9a7d07cd99be3cdb40241dd4ea75296478a86f752259ce90","67977","400","400",".jpg","role_reference","1","","THUMBNAIL_PENDING"
"IMAGE-163","方/07_素材图/临时截图/Pasted image 20260913193310.png","C:\Users\19308\Documents\Obsidian\ten-yuan-vault\方\07_素材图\临时截图\Pasted image 20260913193310.png","方/07_素材图/临时截图/Pasted image 20260913193310.png","78e2e4793e0d7dc6713d73f8135027f0b0e51d559221ebe73199c3244daf75e8","2492023","1122","1402",".png","project_original","1","黎黎隆_角色总览_素材汇总_v0.1.canvas#1f4472208fad419d | 黎黎隆_项目总览与验收_R1_v1.0.canvas#a1b2c3d4e5f60204 | 黎黎隆_原始灵感板_v0.1.canvas#21590084d2d06424","THUMBNAIL_PENDING"
"IMAGE-164","黎黎隆项目/角色风格_R1-R3/01_REFERENCE/R06_HiFi_RUSH/orig_10.jpg","C:\Users\19308\Documents\Obsidian\ten-yuan-vault\黎黎隆项目\角色风格_R1-R3\01_REFERENCE\R06_HiFi_RUSH\orig_10.jpg","黎黎隆项目/角色风格_R1-R3/01_REFERENCE/R06_HiFi_RUSH/orig_10.jpg","795a3114b3cbe0d8fbc9713ccc3894fc83cceb63b5ce036c1c82f73af7dcd88e","98692","400","400",".jpg","role_reference","1","","THUMBNAIL_PENDING"
"IMAGE-165","黎黎隆项目/角色风格_R1-R3/01_REFERENCE/R03_PROMARE/orig_06.png","C:\Users\19308\Documents\Obsidian\ten-yuan-vault\黎黎隆项目\角色风格_R1-R3\01_REFERENCE\R03_PROMARE\orig_06.png","黎黎隆项目/角色风格_R1-R3/01_REFERENCE/R03_PROMARE/orig_06.png","79916cc611196ca1fcd25abe4cf9f3252ac7096d5acb8e026ff747394e53c7c5","252140","1968","1400",".png","role_reference","1","","THUMBNAIL_PENDING"
"IMAGE-166","黎黎隆项目/角色风格_R1-R3/01_REFERENCE/R02_GuiltyGear/orig_01.png","C:\Users\19308\Documents\Obsidian\ten-yuan-vault\黎黎隆项目\角色风格_R1-R3\01_REFERENCE\R02_GuiltyGear\orig_01.png","黎黎隆项目/角色风格_R1-R3/01_REFERENCE/R02_GuiltyGear/orig_01.png","7994c3024e9a4e5f0a72a8881813d00bea8c51d67436317aabb92d6f5532cc66","1522329","1600","1600",".png","role_reference","1","","THUMBNAIL_PENDING"
"IMAGE-167","黎黎隆项目/assets/refs/X并Z克NZ/ref_04.jpg","C:\Users\19308\Documents\Obsidian\ten-yuan-vault\黎黎隆项目\assets\refs\X并Z克NZ\ref_04.jpg","黎黎隆项目/assets/refs/X并Z克NZ/ref_04.jpg","7d95dab83191f6c00e3b8944d5acc9d937a3faf424c27408ac148cfd494650e5","356015","1920","655",".jpg","world_mechanism_reference","1","黎黎隆_角色总览_素材汇总_v0.1.canvas#97c4f6228a0446a3 | 黎黎隆_X并Z克NZ_参考墙_R1-R5_本地化_v4.0.canvas#link_e4ce8ec19b","THUMBNAIL_PENDING"
"IMAGE-168","方/07_素材图/临时截图/Pasted image 20260913193940.png","C:\Users\19308\Documents\Obsidian\ten-yuan-vault\方\07_素材图\临时截图\Pasted image 20260913193940.png","方/07_素材图/临时截图/Pasted image 20260913193940.png","7ef2b2e4a5996f280ad723f95ee843bc77397bee158f69b84dfc7b07110c6371","2893317","940","1672",".png","project_original","1","黎黎隆_角色总览_素材汇总_v0.1.canvas#53e61d7a74ab48b7 | 黎黎隆_原始灵感板_v0.1.canvas#b2cb807b99a2fa19","THUMBNAIL_PENDING"
"IMAGE-169","黎黎隆项目/角色风格_R1-R3/01_REFERENCE/R07_Gorillaz_Hewlett/orig_04.jpg","C:\Users\19308\Documents\Obsidian\ten-yuan-vault\黎黎隆项目\角色风格_R1-R3\01_REFERENCE\R07_Gorillaz_Hewlett\orig_04.jpg","黎黎隆项目/角色风格_R1-R3/01_REFERENCE/R07_Gorillaz_Hewlett/orig_04.jpg","7fe54dd25be696729122891e768a71ab6ce799eb12561a88c90261e5e9bd948f","333421","1000","1000",".jpg","role_reference","1","","THUMBNAIL_PENDING"
"IMAGE-170","黎黎隆项目/assets/refs/X并Z克NZ/ref_21.jpg","C:\Users\19308\Documents\Obsidian\ten-yuan-vault\黎黎隆项目\assets\refs\X并Z克NZ\ref_21.jpg","黎黎隆项目/assets/refs/X并Z克NZ/ref_21.jpg","7ff41d234b07fd7f6cca1c7b7c051c23fb4cc66dec0f0e8bc32898b0de9f6948","53588","800","480",".jpg","world_mechanism_reference","1","黎黎隆_角色总览_素材汇总_v0.1.canvas#07d9a787fbf347d0 | 黎黎隆_X并Z克NZ_参考墙_R1-R5_本地化_v4.0.canvas#link_fb4f3254f3","THUMBNAIL_PENDING"
"IMAGE-171","黎黎隆项目/角色风格_R1-R3/01_REFERENCE/R04_Fortiche_ARCANE/thumb_03.jpg","C:\Users\19308\Documents\Obsidian\ten-yuan-vault\黎黎隆项目\角色风格_R1-R3\01_REFERENCE\R04_Fortiche_ARCANE\thumb_03.jpg","黎黎隆项目/角色风格_R1-R3/01_REFERENCE/R04_Fortiche_ARCANE/thumb_03.jpg","800ca55de0909b68ca721e9351f8c065e3e1d0bbf083b6db2299063e86368551","115254","1600","900",".jpg","role_reference","1","","THUMBNAIL_PENDING"
"IMAGE-172","方/07_素材图/临时截图/Pasted image 20260918155024.png","C:\Users\19308\Documents\Obsidian\ten-yuan-vault\方\07_素材图\临时截图\Pasted image 20260918155024.png","方/07_素材图/临时截图/Pasted image 20260918155024.png","80ba65869965ffec1913f45f2ab1f5c9ef8c0fcdf6d7f90c90d72f6a4d0ea4eb","2212686","1448","1086",".png","project_original","1","黎黎隆_原始灵感板_v0.1.canvas#d7c22201c58f7568","THUMBNAIL_PENDING"
"IMAGE-173","黎黎隆项目/assets/refs/X并Z克NZ/ref_06.jpg","C:\Users\19308\Documents\Obsidian\ten-yuan-vault\黎黎隆项目\assets\refs\X并Z克NZ\ref_06.jpg","黎黎隆项目/assets/refs/X并Z克NZ/ref_06.jpg","80d2e1155abc665fc62de4ae436d4a709746e022c1951d5e3abd993bb9f3f5fa","288616","1920","1095",".jpg","world_mechanism_reference","1","黎黎隆_角色总览_素材汇总_v0.1.canvas#d8c8acdcea4c4310 | 黎黎隆_X并Z克NZ_参考墙_R1-R5_本地化_v4.0.canvas#link_0f0e977443","THUMBNAIL_PENDING"
"IMAGE-174","方/07_素材图/临时截图/Pasted image 20260917020733.png","C:\Users\19308\Documents\Obsidian\ten-yuan-vault\方\07_素材图\临时截图\Pasted image 20260917020733.png","方/07_素材图/临时截图/Pasted image 20260917020733.png","813d77f47006cc765c84ce6075ac41ad706a200b91ea8138e1d463529a5e62de","2759534","1024","1536",".png","project_original","1","黎黎隆_角色总览_素材汇总_v0.1.canvas#bb6988f0afe34a9a | 黎黎隆_原始灵感板_v0.1.canvas#87b7c9c80c784ca8","THUMBNAIL_PENDING"
"IMAGE-175","黎黎隆项目/角色风格_R1-R3/01_REFERENCE/R01_WAKFU/orig_07.png","C:\Users\19308\Documents\Obsidian\ten-yuan-vault\黎黎隆项目\角色风格_R1-R3\01_REFERENCE\R01_WAKFU\orig_07.png","黎黎隆项目/角色风格_R1-R3/01_REFERENCE/R01_WAKFU/orig_07.png","82698131899ee193897bd022aa98876ba239848a6215240ec29bc3be2298813c","249770","UNKNOWN","UNKNOWN",".png","role_reference","1","","THUMBNAIL_PENDING"
"IMAGE-176","方/07_素材图/临时截图/Pasted image 20260917020202.png","C:\Users\19308\Documents\Obsidian\ten-yuan-vault\方\07_素材图\临时截图\Pasted image 20260917020202.png","方/07_素材图/临时截图/Pasted image 20260917020202.png","82f48fbab5d57fe0efd918fb563e18d5b00351f68a540d917fc4bc8eaabcd0f2","2535340","1753","993",".png","project_original","1","黎黎隆_角色总览_素材汇总_v0.1.canvas#ffebe3bdfb7e467a | 黎黎隆_原始灵感板_v0.1.canvas#e26b4212bb7f8d0a","THUMBNAIL_PENDING"
"IMAGE-177","黎黎隆项目/assets/refs/X并Z克NZ/ref_02.jpg","C:\Users\19308\Documents\Obsidian\ten-yuan-vault\黎黎隆项目\assets\refs\X并Z克NZ\ref_02.jpg","黎黎隆项目/assets/refs/X并Z克NZ/ref_02.jpg","83c991d3833bf50ce603f11804fed0d2d0cef1f30fc66e830ed9fadd14c6a08f","456812","1920","1023",".jpg","world_mechanism_reference","1","黎黎隆_角色总览_素材汇总_v0.1.canvas#bc9d196d4113471e | 黎黎隆_X并Z克NZ_参考墙_R1-R5_本地化_v4.0.canvas#link_de579fbe65","THUMBNAIL_PENDING"
"IMAGE-178","方/07_素材图/临时截图/雨中的故事剧本2.jpg","C:\Users\19308\Documents\Obsidian\ten-yuan-vault\方\07_素材图\临时截图\雨中的故事剧本2.jpg","方/07_素材图/临时截图/雨中的故事剧本2.jpg","85834b41e6c354fa93473511edadaed6aa7c64cfec63fa53789076c4516b92f6","15842732","19427","8000",".jpg","project_original","1","黎黎隆_角色总览_素材汇总_v0.1.canvas#12a764f5624949f4 | 黎黎隆_原始灵感板_v0.1.canvas#398149a64ab25a51","THUMBNAIL_PENDING"
"IMAGE-179","方/07_素材图/临时截图/Pasted image 20260918001425.png","C:\Users\19308\Documents\Obsidian\ten-yuan-vault\方\07_素材图\临时截图\Pasted image 20260918001425.png","方/07_素材图/临时截图/Pasted image 20260918001425.png","8712a4cfecd72690538b6314ace7a0bcfe2df7089d4859640b08cb28c6e56c57","835715","1086","1232",".png","project_original","1","黎黎隆_角色总览_素材汇总_v0.1.canvas#896354561b224759 | 黎黎隆_原始灵感板_v0.1.canvas#353063d242596471","THUMBNAIL_PENDING"
"IMAGE-180","黎黎隆项目/场景视觉参考/image-well-test/I04_骨骼空港/q2/openverse_Bradysaurus_a_pareisaur_in_the_Evolving_18527c44.jpg","C:\Users\19308\Documents\Obsidian\ten-yuan-vault\黎黎隆项目\场景视觉参考\image-well-test\I04_骨骼空港\q2\openverse_Bradysaurus_a_pareisaur_in_the_Evolving_18527c44.jpg","黎黎隆项目/场景视觉参考/image-well-test/I04_骨骼空港/q2/openverse_Bradysaurus_a_pareisaur_in_the_Evolving_18527c44.jpg","885adb82329a1cec258f53f0e681a5e88f517de7c1d56c69b94436f0872bdc6f","116961","1023","685",".jpg","scene_reference","1","","THUMBNAIL_PENDING"
"IMAGE-181","黎黎隆项目/角色风格_R1-R3/01_REFERENCE/R10_LoL_Clarity/clarity_100px_comparison.jpg","C:\Users\19308\Documents\Obsidian\ten-yuan-vault\黎黎隆项目\角色风格_R1-R3\01_REFERENCE\R10_LoL_Clarity\clarity_100px_comparison.jpg","黎黎隆项目/角色风格_R1-R3/01_REFERENCE/R10_LoL_Clarity/clarity_100px_comparison.jpg","89c6b7fe399d62cbe299184671124b1d16d92efeab0783e418a49686e6e075ca","40636","420","300",".jpg","role_reference","1","黎黎隆_角色总览_素材汇总_v0.1.canvas#18ae1e3e9fba41f1 | 黎黎隆_角色风格_R1-R3_本地化_v1.0.canvas#4e0935028b699f32","THUMBNAIL_PENDING"
"IMAGE-182","黎黎隆项目/角色风格_R1-R3/01_REFERENCE/R10_LoL_Clarity/thumb_01.jpg","C:\Users\19308\Documents\Obsidian\ten-yuan-vault\黎黎隆项目\角色风格_R1-R3\01_REFERENCE\R10_LoL_Clarity\thumb_01.jpg","黎黎隆项目/角色风格_R1-R3/01_REFERENCE/R10_LoL_Clarity/thumb_01.jpg","8e73e9a4494a167be637a0c18d67042533879337c02d928bf4cfb1b8b95b1904","54266","496","560",".jpg","role_reference","1","黎黎隆_角色总览_素材汇总_v0.1.canvas#af9e07f8fe3543f4 | 黎黎隆_角色风格_R1-R3_本地化_v1.0.canvas#059835ef8445e3a2","THUMBNAIL_PENDING"
"IMAGE-183","方/07_素材图/临时截图/Pasted image 20260918171405.png","C:\Users\19308\Documents\Obsidian\ten-yuan-vault\方\07_素材图\临时截图\Pasted image 20260918171405.png","方/07_素材图/临时截图/Pasted image 20260918171405.png","8f0ec40b59fc174de2578ad994f8091d2542b4672d9298f2b07a435cdd527f66","1767556","822","1200",".png","project_original","1","黎黎隆_场景参考_I04_骨骼空港_image-well测试_v1.0.canvas#50097ff01c891cd8","THUMBNAIL_PENDING"
"IMAGE-184","黎黎隆_v1.1_ZEROLOGIN/assets/references/imagewell/refR5_seed_I12_expand/E02_diplodocus_spine_axis.jpg","C:\Users\19308\Documents\Obsidian\ten-yuan-vault\黎黎隆_v1.1_ZEROLOGIN\assets\references\imagewell\refR5_seed_I12_expand\E02_diplodocus_spine_axis.jpg","黎黎隆_v1.1_ZEROLOGIN/assets/references/imagewell/refR5_seed_I12_expand/E02_diplodocus_spine_axis.jpg","8ff36da94f48f836bf65373bbf93906a3f6cd21b44f5af289ac8293c305847fd","412268","960","1440",".jpg","project_original","1","黎黎隆_场景风格视觉化_R1-R6_本地全量_v1.3.canvas#933b23513e9ffed3","THUMBNAIL_PENDING"
"IMAGE-185","黎黎隆项目/角色风格_R1-R3/01_REFERENCE/R06_HiFi_RUSH/thumb_10.jpg","C:\Users\19308\Documents\Obsidian\ten-yuan-vault\黎黎隆项目\角色风格_R1-R3\01_REFERENCE\R06_HiFi_RUSH\thumb_10.jpg","黎黎隆项目/角色风格_R1-R3/01_REFERENCE/R06_HiFi_RUSH/thumb_10.jpg","905cef4e7de5ab0a24d28258c6731fa6aed4950cfdf7b689c8bb7e6f1c8706f5","74324","400","400",".jpg","role_reference","1","黎黎隆_角色总览_素材汇总_v0.1.canvas#96596a67de564088 | 黎黎隆_角色风格_R1-R3_本地化_v1.0.canvas#2aa2b1baba0c7f8f","THUMBNAIL_PENDING"
"IMAGE-186","黎黎隆项目/assets/refs/X并Z克NZ/ref_01.jpg","C:\Users\19308\Documents\Obsidian\ten-yuan-vault\黎黎隆项目\assets\refs\X并Z克NZ\ref_01.jpg","黎黎隆项目/assets/refs/X并Z克NZ/ref_01.jpg","90f544e0cf39a888789840c8d141517eeec6f201c640db62d657f1f6f86f069c","248363","888","1280",".jpg","world_mechanism_reference","1","黎黎隆_角色总览_素材汇总_v0.1.canvas#f75ed5e1cc544b23 | 黎黎隆_X并Z克NZ_参考墙_R1-R5_本地化_v4.0.canvas#link_e79395ce38","THUMBNAIL_PENDING"
"IMAGE-187","方/07_素材图/临时截图/Pasted image 20260918001157.png","C:\Users\19308\Documents\Obsidian\ten-yuan-vault\方\07_素材图\临时截图\Pasted image 20260918001157.png","方/07_素材图/临时截图/Pasted image 20260918001157.png","921dd423a92e3b1ef02e270a008c882888f32952618f286c7ad9bd2830af13a0","2639499","1672","941",".png","project_original","1","黎黎隆_角色总览_素材汇总_v0.1.canvas#366276645c01415d | 黎黎隆_原始灵感板_v0.1.canvas#fcbc68bdc72cfed9","THUMBNAIL_PENDING"
"IMAGE-188","方/07_素材图/临时截图/Pasted image 20260918171238.png","C:\Users\19308\Documents\Obsidian\ten-yuan-vault\方\07_素材图\临时截图\Pasted image 20260918171238.png","方/07_素材图/临时截图/Pasted image 20260918171238.png","922174e57dbb22bf85280b4f7dc81a34240be418ba2b36b5ad419c24b63cf9dd","866837","750","1156",".png","project_original","1","黎黎隆_原始灵感板_v0.1.canvas#1f3f60981823aa8e","THUMBNAIL_PENDING"
"IMAGE-189","黎黎隆项目/03_持续发散/2026-09-17/D01_场景_公共尾部维护站_v1.png","C:\Users\19308\Documents\Obsidian\ten-yuan-vault\黎黎隆项目\03_持续发散\2026-09-17\D01_场景_公共尾部维护站_v1.png","黎黎隆项目/03_持续发散/2026-09-17/D01_场景_公共尾部维护站_v1.png","951b6f6b1c8550a1bbdf9225a118b072f820452a52478968be2696b361cfd8a1","3157202","1536","1024",".png","scene_reference","1","黎黎隆_角色总览_素材汇总_v0.1.canvas#2fb58c2a6f164c92 | 黎黎隆_项目总览与验收_R1_v1.0.canvas#a1b2c3d4e5f60503","THUMBNAIL_PENDING"
"IMAGE-190","黎黎隆项目/assets/refs/X并Z克NZ/ref_25.jpg","C:\Users\19308\Documents\Obsidian\ten-yuan-vault\黎黎隆项目\assets\refs\X并Z克NZ\ref_25.jpg","黎黎隆项目/assets/refs/X并Z克NZ/ref_25.jpg","978fa0b7915307fc07795825793f383951e19daf97afa0c6cb81c112c0d74778","479177","1920","1199",".jpg","world_mechanism_reference","1","黎黎隆_角色总览_素材汇总_v0.1.canvas#43768ffaf9da490f | 黎黎隆_X并Z克NZ_参考墙_R1-R5_本地化_v4.0.canvas#link_4087c10aa3","THUMBNAIL_PENDING"
"IMAGE-191","黎黎隆_v1.1_ZEROLOGIN/assets/references/ref_axis_D06.jpg","C:\Users\19308\Documents\Obsidian\ten-yuan-vault\黎黎隆_v1.1_ZEROLOGIN\assets\references\ref_axis_D06.jpg","黎黎隆_v1.1_ZEROLOGIN/assets/references/ref_axis_D06.jpg","97985fd2d0016f09e8d0b1156915428e1784ac1ae83ae22cd9bd93880727c989","132436","1000","500",".jpg","project_original","1","黎黎隆_场景风格视觉化_R1-R6_本地全量_v1.3.canvas#ref_axis_D06","THUMBNAIL_PENDING"
"IMAGE-192","黎黎隆项目/角色风格_R1-R3/01_REFERENCE/R09_MonsterHunter/orig_02.jpg","C:\Users\19308\Documents\Obsidian\ten-yuan-vault\黎黎隆项目\角色风格_R1-R3\01_REFERENCE\R09_MonsterHunter\orig_02.jpg","黎黎隆项目/角色风格_R1-R3/01_REFERENCE/R09_MonsterHunter/orig_02.jpg","98b3cdb86cb1e78d1217b26a8cbba8598095854a51310fc04f06018785d0a6a7","4101680","1902","1080",".jpg","role_reference","1","","THUMBNAIL_PENDING"
"IMAGE-193","黎黎隆_v1.1_ZEROLOGIN/assets/references/ref_style_A04.jpg","C:\Users\19308\Documents\Obsidian\ten-yuan-vault\黎黎隆_v1.1_ZEROLOGIN\assets\references\ref_style_A04.jpg","黎黎隆_v1.1_ZEROLOGIN/assets/references/ref_style_A04.jpg | 黎黎隆_v1.1_ZEROLOGIN/assets/references/ref_style_A09.jpg","995f298bbdb6899681b1d3de030e6390f56750b5c675cf3ca5f4ca4db55c528f","114545","593","720",".jpg","project_original","2","黎黎隆_场景风格视觉化_R1-R6_本地全量_v1.3.canvas#ref_style_A04 | 黎黎隆_场景风格视觉化_R1-R6_本地全量_v1.3.canvas#ref_style_A09","THUMBNAIL_PENDING"
"IMAGE-194","黎黎隆项目/角色风格_R1-R3/01_REFERENCE/R04_Fortiche_ARCANE/thumb_05.jpg","C:\Users\19308\Documents\Obsidian\ten-yuan-vault\黎黎隆项目\角色风格_R1-R3\01_REFERENCE\R04_Fortiche_ARCANE\thumb_05.jpg","黎黎隆项目/角色风格_R1-R3/01_REFERENCE/R04_Fortiche_ARCANE/thumb_05.jpg","9b118135860efb5d16550c8f77df3780694fee4aaf99570d632da99e4e355030","263500","1600","900",".jpg","role_reference","1","黎黎隆_角色总览_素材汇总_v0.1.canvas#3fe4c3d09f6c49a3 | 黎黎隆_角色风格_R1-R3_本地化_v1.0.canvas#e3581b2f916e48fa","THUMBNAIL_PENDING"
"IMAGE-195","黎黎隆项目/角色风格_R1-R3/03_GENERATED/黎黎隆_角色风格总规验证_v1_原创漂泊者.png","C:\Users\19308\Documents\Obsidian\ten-yuan-vault\黎黎隆项目\角色风格_R1-R3\03_GENERATED\黎黎隆_角色风格总规验证_v1_原创漂泊者.png","黎黎隆项目/角色风格_R1-R3/03_GENERATED/黎黎隆_角色风格总规验证_v1_原创漂泊者.png","9bfff495803062cf29ad772aaa97b1fd576f99b3906ab82e188d1347bdf920c5","2568936","1024","1536",".png","role_reference","1","黎黎隆_角色总览_素材汇总_v0.1.canvas#6ca9fe4517404e37 | 黎黎隆_项目总览与验收_R1_v1.0.canvas#a1b2c3d4e5f60306","THUMBNAIL_PENDING"
"IMAGE-196","方/07_素材图/临时截图/Pasted image 20260918171508.png","C:\Users\19308\Documents\Obsidian\ten-yuan-vault\方\07_素材图\临时截图\Pasted image 20260918171508.png","方/07_素材图/临时截图/Pasted image 20260918171508.png","9c1dfa7596eff6238a38f49844643ecb552119b0c67108d27182d05031a91bc0","902689","693","900",".png","project_original","1","黎黎隆_场景参考_I04_骨骼空港_image-well测试_v1.0.canvas#e4fda2e3d9efcc94","THUMBNAIL_PENDING"
"IMAGE-197","方/07_素材图/临时截图/Pasted image 20260917020425.png","C:\Users\19308\Documents\Obsidian\ten-yuan-vault\方\07_素材图\临时截图\Pasted image 20260917020425.png","方/07_素材图/临时截图/Pasted image 20260917020425.png","9c3317fae82e82c1a97966293b0215f53d7938580fde53296dfc55ceb0c089aa","2556062","1055","1491",".png","project_original","1","黎黎隆_角色总览_素材汇总_v0.1.canvas#985804ad16dc440e | 黎黎隆_原始灵感板_v0.1.canvas#c70093134e72b986","THUMBNAIL_PENDING"
"IMAGE-198","黎黎隆项目/assets/refs/X并Z克NZ/ref_27.jpg","C:\Users\19308\Documents\Obsidian\ten-yuan-vault\黎黎隆项目\assets\refs\X并Z克NZ\ref_27.jpg","黎黎隆项目/assets/refs/X并Z克NZ/ref_27.jpg","9d7cb716983e8aaf688f51ca977d7a7351ec2137c2e59916f13bee151d61dafa","1089448","1920","2400",".jpg","world_mechanism_reference","1","黎黎隆_角色总览_素材汇总_v0.1.canvas#fdec08ebcdf3498e | 黎黎隆_X并Z克NZ_参考墙_R1-R5_本地化_v4.0.canvas#link_b23b253b9c","THUMBNAIL_PENDING"
"IMAGE-199","黎黎隆项目/assets/refs/X并Z克NZ/ref_31.jpg","C:\Users\19308\Documents\Obsidian\ten-yuan-vault\黎黎隆项目\assets\refs\X并Z克NZ\ref_31.jpg","黎黎隆项目/assets/refs/X并Z克NZ/ref_31.jpg","9d9ffa647c466162a0a251ceb2c4599b5c687460e6dd4dad0ba3925c551aa04f","545666","1920","891",".jpg","world_mechanism_reference","1","黎黎隆_角色总览_素材汇总_v0.1.canvas#cc10969b87ee44eb | 黎黎隆_X并Z克NZ_参考墙_R1-R5_本地化_v4.0.canvas#link_76b8742397","THUMBNAIL_PENDING"
"IMAGE-200","黎黎隆项目/角色风格_R1-R3/01_REFERENCE/R01_WAKFU/orig_05.jpg","C:\Users\19308\Documents\Obsidian\ten-yuan-vault\黎黎隆项目\角色风格_R1-R3\01_REFERENCE\R01_WAKFU\orig_05.jpg","黎黎隆项目/角色风格_R1-R3/01_REFERENCE/R01_WAKFU/orig_05.jpg","9dff169b25bb081eafa9013d5dc75d546e4a4f3d5fbb61b1d989780ea76af20e","48320","UNKNOWN","UNKNOWN",".jpg","role_reference","1","","THUMBNAIL_PENDING"
"IMAGE-201","黎黎隆_v1.1_ZEROLOGIN/assets/references/imagewell/refR4_right_R09/selected.jpg","C:\Users\19308\Documents\Obsidian\ten-yuan-vault\黎黎隆_v1.1_ZEROLOGIN\assets\references\imagewell\refR4_right_R09\selected.jpg","黎黎隆_v1.1_ZEROLOGIN/assets/references/imagewell/refR4_right_R09/selected.jpg","9e40a2c8a2584ae6e9bd652c024e1a0dfcfdf63a20b4d430c7bb67ce0fc0d0bc","66768","925","316",".jpg","project_original","1","黎黎隆_场景风格视觉化_R1-R6_本地全量_v1.3.canvas#refR4_right_R09","THUMBNAIL_PENDING"
"IMAGE-202","方/07_素材图/临时截图/Pasted image 20260917020449.png","C:\Users\19308\Documents\Obsidian\ten-yuan-vault\方\07_素材图\临时截图\Pasted image 20260917020449.png","方/07_素材图/临时截图/Pasted image 20260917020449.png","9f480eb3ef839be9f4f052a44bf3ecccc552a29d70f26c5b3ae774efaa7b8589","2450342","1055","1491",".png","project_original","1","黎黎隆_角色总览_素材汇总_v0.1.canvas#28ec796926b24802 | 黎黎隆_原始灵感板_v0.1.canvas#eb95a9559b25abfb","THUMBNAIL_PENDING"
"IMAGE-203","黎黎隆项目/场景视觉参考/image-well-test/I04_骨骼空港/q1/wikimedia_Natural_History_Museum_London_Central_Ha_4bd4884f.jpg","C:\Users\19308\Documents\Obsidian\ten-yuan-vault\黎黎隆项目\场景视觉参考\image-well-test\I04_骨骼空港\q1\wikimedia_Natural_History_Museum_London_Central_Ha_4bd4884f.jpg","黎黎隆项目/场景视觉参考/image-well-test/I04_骨骼空港/q1/wikimedia_Natural_History_Museum_London_Central_Ha_4bd4884f.jpg","9fa0e15d31b60791d782121a3d9b222cfb071bee977137742c0fa0177c45e607","16828618","3765","5657",".jpg","scene_reference","1","黎黎隆_场景参考_I04_骨骼空港_image-well测试_v1.0.canvas#img_4","THUMBNAIL_PENDING"
"IMAGE-204","黎黎隆项目/角色风格_R1-R3/01_REFERENCE/R01_WAKFU/thumb_03.jpg","C:\Users\19308\Documents\Obsidian\ten-yuan-vault\黎黎隆项目\角色风格_R1-R3\01_REFERENCE\R01_WAKFU\thumb_03.jpg","黎黎隆项目/角色风格_R1-R3/01_REFERENCE/R01_WAKFU/thumb_03.jpg","a0d6c63b2566d500627d468164a237446fb5f054e0d214eed06467cc00bea586","68409","1520","384",".jpg","role_reference","1","","THUMBNAIL_PENDING"
"IMAGE-205","黎黎隆项目/角色风格_R1-R3/01_REFERENCE/R02_GuiltyGear/orig_09.png","C:\Users\19308\Documents\Obsidian\ten-yuan-vault\黎黎隆项目\角色风格_R1-R3\01_REFERENCE\R02_GuiltyGear\orig_09.png","黎黎隆项目/角色风格_R1-R3/01_REFERENCE/R02_GuiltyGear/orig_09.png","a1d70f2da5dae2ce68547116ad9826635c8bb18efb0abb59abdf591948033944","992728","1600","1600",".png","role_reference","1","","THUMBNAIL_PENDING"
"IMAGE-206","方/07_素材图/临时截图/Pasted image 20260917020347.png","C:\Users\19308\Documents\Obsidian\ten-yuan-vault\方\07_素材图\临时截图\Pasted image 20260917020347.png","方/07_素材图/临时截图/Pasted image 20260917020347.png","a2df7b2db8035374c0157f78be9cd296a286df89c21beee73d9e730e0180edc7","151824","263","298",".png","project_original","1","黎黎隆_角色总览_素材汇总_v0.1.canvas#1201066b6e984f28 | 黎黎隆_原始灵感板_v0.1.canvas#bec92821bb51db59","THUMBNAIL_PENDING"
"IMAGE-207","黎黎隆_v1.1_ZEROLOGIN/assets/references/imagewell/refR5_seed_I12_expand/E01_blue_whale_skeleton_hall.jpg","C:\Users\19308\Documents\Obsidian\ten-yuan-vault\黎黎隆_v1.1_ZEROLOGIN\assets\references\imagewell\refR5_seed_I12_expand\E01_blue_whale_skeleton_hall.jpg","黎黎隆_v1.1_ZEROLOGIN/assets/references/imagewell/refR5_seed_I12_expand/E01_blue_whale_skeleton_hall.jpg","a307e72a282aea7785a672e425d0744be586c6099328da1113af6fd0e6e2b50d","208829","960","720",".jpg","project_original","1","黎黎隆_场景风格视觉化_R1-R6_本地全量_v1.3.canvas#88c21738757cb49d","THUMBNAIL_PENDING"
"IMAGE-208","黎黎隆项目/角色风格_R1-R3/01_REFERENCE/R03_PROMARE/orig_08.png","C:\Users\19308\Documents\Obsidian\ten-yuan-vault\黎黎隆项目\角色风格_R1-R3\01_REFERENCE\R03_PROMARE\orig_08.png","黎黎隆项目/角色风格_R1-R3/01_REFERENCE/R03_PROMARE/orig_08.png","a34169f69b9f62b77c050f095187032df4f50473f72ffe6f6fc8e20f411bdafa","181964","1096","1400",".png","role_reference","1","","THUMBNAIL_PENDING"
"IMAGE-209","黎黎隆项目/角色风格_R1-R3/01_REFERENCE/R10_LoL_Clarity/thumb_03.jpg","C:\Users\19308\Documents\Obsidian\ten-yuan-vault\黎黎隆项目\角色风格_R1-R3\01_REFERENCE\R10_LoL_Clarity\thumb_03.jpg","黎黎隆项目/角色风格_R1-R3/01_REFERENCE/R10_LoL_Clarity/thumb_03.jpg","a40e92faeaa2b754f7d70053ce0557306d4c12807b10920bf4487905cd2f2f34","55373","496","560",".jpg","role_reference","1","","THUMBNAIL_PENDING"
"IMAGE-210","黎黎隆_v1.1_ZEROLOGIN/assets/references/imagewell/refR4_right_R08/selected.jpg","C:\Users\19308\Documents\Obsidian\ten-yuan-vault\黎黎隆_v1.1_ZEROLOGIN\assets\references\imagewell\refR4_right_R08\selected.jpg","黎黎隆_v1.1_ZEROLOGIN/assets/references/imagewell/refR4_right_R08/selected.jpg","a57cbe3a7f95240867aa063c84eeba3ca5690398cfafdb7f70940aa0fb9791d1","139300","796","1024",".jpg","project_original","1","黎黎隆_场景风格视觉化_R1-R6_本地全量_v1.3.canvas#refR4_right_R08","THUMBNAIL_PENDING"
"IMAGE-211","黎黎隆_v1.1_ZEROLOGIN/assets/references/imagewell/refR5_seed_I12_expand/E06_temple_street_food_stalls.jpg","C:\Users\19308\Documents\Obsidian\ten-yuan-vault\黎黎隆_v1.1_ZEROLOGIN\assets\references\imagewell\refR5_seed_I12_expand\E06_temple_street_food_stalls.jpg","黎黎隆_v1.1_ZEROLOGIN/assets/references/imagewell/refR5_seed_I12_expand/E06_temple_street_food_stalls.jpg","a61f220bd5fee880b11c1849113bfe49f06444da599444d8f266abf42da93493","257099","960","720",".jpg","project_original","1","黎黎隆_场景风格视觉化_R1-R6_本地全量_v1.3.canvas#28595bde91d174b7","THUMBNAIL_PENDING"
"IMAGE-212","方/07_素材图/临时截图/Pasted image 20260918172039.png","C:\Users\19308\Documents\Obsidian\ten-yuan-vault\方\07_素材图\临时截图\Pasted image 20260918172039.png","方/07_素材图/临时截图/Pasted image 20260918172039.png","a62247da6bddef12ac1dbb34520b3fe9ed9e9041017b08578bcfbbfdc808e400","927293","689","908",".png","project_original","1","黎黎隆_场景参考_I04_骨骼空港_image-well测试_v1.0.canvas#23cdd78b088cb192","THUMBNAIL_PENDING"
"IMAGE-213","黎黎隆项目/角色风格_R1-R3/01_REFERENCE/R07_Gorillaz_Hewlett/orig_05.jpg","C:\Users\19308\Documents\Obsidian\ten-yuan-vault\黎黎隆项目\角色风格_R1-R3\01_REFERENCE\R07_Gorillaz_Hewlett\orig_05.jpg","黎黎隆项目/角色风格_R1-R3/01_REFERENCE/R07_Gorillaz_Hewlett/orig_05.jpg","a6501bd1078cf2e4ae89f9d6b78696a6b619cdcc3216a3d2f2876bc5a5163ddb","116706","1000","1000",".jpg","role_reference","1","","THUMBNAIL_PENDING"
"IMAGE-214","方/07_素材图/临时截图/Pasted image 20260918173316.png","C:\Users\19308\Documents\Obsidian\ten-yuan-vault\方\07_素材图\临时截图\Pasted image 20260918173316.png","方/07_素材图/临时截图/Pasted image 20260918173316.png","a6ecd52f73872096ae31eba8ae130d2090ad4b11a8dab087499f1aec8bfe0759","2170558","1112","1566",".png","project_original","1","黎黎隆_场景参考_I04_骨骼空港_image-well测试_v1.0.canvas#78f3dc7673908d83","THUMBNAIL_PENDING"
"IMAGE-215","黎黎隆项目/assets/refs/X并Z克NZ/ref_09.jpg","C:\Users\19308\Documents\Obsidian\ten-yuan-vault\黎黎隆项目\assets\refs\X并Z克NZ\ref_09.jpg","黎黎隆项目/assets/refs/X并Z克NZ/ref_09.jpg","a74b55bac0d4c359858d870c5138d881d6a5bf21dd3373089e801e3073306471","163952","767","767",".jpg","world_mechanism_reference","1","黎黎隆_角色总览_素材汇总_v0.1.canvas#0f4cebb0cfda4445 | 黎黎隆_X并Z克NZ_参考墙_R1-R5_本地化_v4.0.canvas#link_4aa58b76ce","THUMBNAIL_PENDING"
"IMAGE-216","黎黎隆项目/角色风格_R1-R3/01_REFERENCE/R09_MonsterHunter/orig_08.jpg","C:\Users\19308\Documents\Obsidian\ten-yuan-vault\黎黎隆项目\角色风格_R1-R3\01_REFERENCE\R09_MonsterHunter\orig_08.jpg","黎黎隆项目/角色风格_R1-R3/01_REFERENCE/R09_MonsterHunter/orig_08.jpg","a85210a418d62a4a50fac2fd8929ae66f96fbdf2d4845a0132e9230afacc8a42","368804","1317","711",".jpg","role_reference","1","","THUMBNAIL_PENDING"
"IMAGE-217","黎黎隆项目/角色风格_R1-R3/01_REFERENCE/R05_HADES/orig_05.png","C:\Users\19308\Documents\Obsidian\ten-yuan-vault\黎黎隆项目\角色风格_R1-R3\01_REFERENCE\R05_HADES\orig_05.png","黎黎隆项目/角色风格_R1-R3/01_REFERENCE/R05_HADES/orig_05.png","a85e41cd292e7a70a2ad8098e46601dce8a164a59a9c5f557c8dca79806eec27","1594562","1920","1080",".png","role_reference","1","","THUMBNAIL_PENDING"
"IMAGE-218","方/07_素材图/临时截图/Pasted image 20260913195002.png","C:\Users\19308\Documents\Obsidian\ten-yuan-vault\方\07_素材图\临时截图\Pasted image 20260913195002.png","方/07_素材图/临时截图/Pasted image 20260913195002.png","a880c39f7470f1dc8ca8631d588c5bfdf328be6db2cde527a98f83efa526177f","2459365","1254","1254",".png","project_original","1","黎黎隆_角色总览_素材汇总_v0.1.canvas#2070ab7622354c11 | 黎黎隆_原始灵感板_v0.1.canvas#7fede0f37968e417","THUMBNAIL_PENDING"
"IMAGE-219","黎黎隆项目/角色风格_R1-R3/01_REFERENCE/R06_HiFi_RUSH/thumb_01.jpg","C:\Users\19308\Documents\Obsidian\ten-yuan-vault\黎黎隆项目\角色风格_R1-R3\01_REFERENCE\R06_HiFi_RUSH\thumb_01.jpg","黎黎隆项目/角色风格_R1-R3/01_REFERENCE/R06_HiFi_RUSH/thumb_01.jpg","a96b5be8b17fabd01b231a7021c3dbbb48eae465dcd53bc142799ba5b744fdb5","559923","1131","1600",".jpg","role_reference","1","黎黎隆_角色总览_素材汇总_v0.1.canvas#d30930f0ab214048 | 黎黎隆_角色风格_R1-R3_本地化_v1.0.canvas#19f8ba759eff048d","THUMBNAIL_PENDING"
"IMAGE-220","黎黎隆项目/03_持续发散/2026-09-17/D02_道具_外脑映脑窗冷却夹具_v1.png","C:\Users\19308\Documents\Obsidian\ten-yuan-vault\黎黎隆项目\03_持续发散\2026-09-17\D02_道具_外脑映脑窗冷却夹具_v1.png","黎黎隆项目/03_持续发散/2026-09-17/D02_道具_外脑映脑窗冷却夹具_v1.png","aa1e253b2370e211e95d9f53b888bb4f7522cec17e030c56391aca84166bf32e","3196653","1536","1024",".png","character_candidate","1","黎黎隆_角色总览_素材汇总_v0.1.canvas#eeb46ea9ecc34a07 | 黎黎隆_项目总览与验收_R1_v1.0.canvas#a1b2c3d4e5f60702","THUMBNAIL_PENDING"
"IMAGE-221","黎黎隆项目/角色风格_R1-R3/01_REFERENCE/R07_Gorillaz_Hewlett/thumb_02.jpg","C:\Users\19308\Documents\Obsidian\ten-yuan-vault\黎黎隆项目\角色风格_R1-R3\01_REFERENCE\R07_Gorillaz_Hewlett\thumb_02.jpg","黎黎隆项目/角色风格_R1-R3/01_REFERENCE/R07_Gorillaz_Hewlett/thumb_02.jpg","aaf239df641e13b330d31f7fa5222573751e0b7b80a940b141718b2b7c1b3245","330226","1600","798",".jpg","role_reference","1","","THUMBNAIL_PENDING"
"IMAGE-222","黎黎隆_v1.1_ZEROLOGIN/assets/references/imagewell/refR5_seed_I08/selected.jpg","C:\Users\19308\Documents\Obsidian\ten-yuan-vault\黎黎隆_v1.1_ZEROLOGIN\assets\references\imagewell\refR5_seed_I08\selected.jpg","黎黎隆_v1.1_ZEROLOGIN/assets/references/imagewell/refR5_seed_I08/selected.jpg","ababb9fe70e2c7b64d5d79ae88210e5214811899109e6667a9c09d84ee9c9da0","291736","1024","768",".jpg","project_original","1","黎黎隆_场景风格视觉化_R1-R6_本地全量_v1.3.canvas#refR5_seed_I08","THUMBNAIL_PENDING"
"IMAGE-223","黎黎隆项目/场景视觉参考/image-well-test/I04_骨骼空港/q2/openverse_Smilodon_at_the_Page_Museum_at_the_La_Br_aeb814bd.jpg","C:\Users\19308\Documents\Obsidian\ten-yuan-vault\黎黎隆项目\场景视觉参考\image-well-test\I04_骨骼空港\q2\openverse_Smilodon_at_the_Page_Museum_at_the_La_Br_aeb814bd.jpg","黎黎隆项目/场景视觉参考/image-well-test/I04_骨骼空港/q2/openverse_Smilodon_at_the_Page_Museum_at_the_La_Br_aeb814bd.jpg","ad9439f9533f88b957676a7d9c0a78a124910867a44e6e1f661361825d1728dd","145747","1023","685",".jpg","scene_reference","1","","THUMBNAIL_PENDING"
"IMAGE-224","黎黎隆项目/角色风格_R1-R3/01_REFERENCE/R06_HiFi_RUSH/orig_03.jpg","C:\Users\19308\Documents\Obsidian\ten-yuan-vault\黎黎隆项目\角色风格_R1-R3\01_REFERENCE\R06_HiFi_RUSH\orig_03.jpg","黎黎隆项目/角色风格_R1-R3/01_REFERENCE/R06_HiFi_RUSH/orig_03.jpg","ada23449f2675e8aa162bd08386739cda879b6e2902fcf752db32977ac5de04d","1012845","1920","1080",".jpg","role_reference","1","","THUMBNAIL_PENDING"
"IMAGE-225","黎黎隆项目/角色风格_R1-R3/01_REFERENCE/R01_WAKFU/orig_10.png","C:\Users\19308\Documents\Obsidian\ten-yuan-vault\黎黎隆项目\角色风格_R1-R3\01_REFERENCE\R01_WAKFU\orig_10.png","黎黎隆项目/角色风格_R1-R3/01_REFERENCE/R01_WAKFU/orig_10.png","ae0e27918042b2dbf463523869a686cfb351884f86e183d397e9913672cc8acb","93252","UNKNOWN","UNKNOWN",".png","role_reference","1","","THUMBNAIL_PENDING"
"IMAGE-226","黎黎隆项目/角色风格_R1-R3/01_REFERENCE/R01_WAKFU/thumb_04.jpg","C:\Users\19308\Documents\Obsidian\ten-yuan-vault\黎黎隆项目\角色风格_R1-R3\01_REFERENCE\R01_WAKFU\thumb_04.jpg","黎黎隆项目/角色风格_R1-R3/01_REFERENCE/R01_WAKFU/thumb_04.jpg","ae4b32f703379a2c29d8f577485679d2ec43f19543d32d7ec5569507402c3fd0","231695","1466","1245",".jpg","role_reference","1","","THUMBNAIL_PENDING"
"IMAGE-227","黎黎隆_v1.1_ZEROLOGIN/assets/references/imagewell/ref_style_A05/selected.jpg","C:\Users\19308\Documents\Obsidian\ten-yuan-vault\黎黎隆_v1.1_ZEROLOGIN\assets\references\imagewell\ref_style_A05\selected.jpg","黎黎隆_v1.1_ZEROLOGIN/assets/references/imagewell/ref_style_A05/selected.jpg","b1057c45db4f746221d9aede712d5de74bb51510cb84a2f07b38663f1ff979cd","15039","240","240",".jpg","project_original","1","黎黎隆_场景风格视觉化_R1-R6_本地全量_v1.3.canvas#ref_style_A05","THUMBNAIL_PENDING"
"IMAGE-228","黎黎隆项目/角色风格_R1-R3/01_REFERENCE/R10_LoL_Clarity/orig_01.jpg","C:\Users\19308\Documents\Obsidian\ten-yuan-vault\黎黎隆项目\角色风格_R1-R3\01_REFERENCE\R10_LoL_Clarity\orig_01.jpg","黎黎隆项目/角色风格_R1-R3/01_REFERENCE/R10_LoL_Clarity/orig_01.jpg","b15c381c0a83f17f40a90bdacd3bdc9b8354e87c92f9a830e766f1552ab3e511","45258","496","560",".jpg","role_reference","1","","THUMBNAIL_PENDING"
"IMAGE-229","黎黎隆项目/角色风格_R1-R3/01_REFERENCE/R09_MonsterHunter/thumb_03.jpg","C:\Users\19308\Documents\Obsidian\ten-yuan-vault\黎黎隆项目\角色风格_R1-R3\01_REFERENCE\R09_MonsterHunter\thumb_03.jpg","黎黎隆项目/角色风格_R1-R3/01_REFERENCE/R09_MonsterHunter/thumb_03.jpg","b1b98d1a89044241ee30f0f70b61abf44e1775cbd722e55be13243bdd731a4e1","158362","1440","600",".jpg","role_reference","1","","THUMBNAIL_PENDING"
"IMAGE-230","黎黎隆_v1.1_ZEROLOGIN/assets/references/refR5_seed_I06.webp","C:\Users\19308\Documents\Obsidian\ten-yuan-vault\黎黎隆_v1.1_ZEROLOGIN\assets\references\refR5_seed_I06.webp","黎黎隆_v1.1_ZEROLOGIN/assets/references/refR5_seed_I06.webp | 黎黎隆_v1.1_ZEROLOGIN/assets/references/refR5_seed_I03.webp","b1f8c4ff204dd7ced3450ffda67bf7285fa69a36d731b5c574bb13b4fec2b936","787880","UNKNOWN","UNKNOWN",".webp","project_original","2","黎黎隆_场景风格视觉化_R1-R6_本地全量_v1.3.canvas#refR5_seed_I06 | 黎黎隆_场景风格视觉化_R1-R6_本地全量_v1.3.canvas#refR5_seed_I03","THUMBNAIL_PENDING"
"IMAGE-231","黎黎隆项目/角色风格_R1-R3/01_REFERENCE/R06_HiFi_RUSH/thumb_03.jpg","C:\Users\19308\Documents\Obsidian\ten-yuan-vault\黎黎隆项目\角色风格_R1-R3\01_REFERENCE\R06_HiFi_RUSH\thumb_03.jpg","黎黎隆项目/角色风格_R1-R3/01_REFERENCE/R06_HiFi_RUSH/thumb_03.jpg","b21f15e02c62ea1e86e25548771bd62bfe2585d7ac44c490c7a001447784ee64","528882","1600","900",".jpg","role_reference","1","","THUMBNAIL_PENDING"
"IMAGE-232","黎黎隆项目/角色风格_R1-R3/02_CANDIDATES/角色探索_2026-09-18/裂缝听者_设定稿_候选01.png","C:\Users\19308\Documents\Obsidian\ten-yuan-vault\黎黎隆项目\角色风格_R1-R3\02_CANDIDATES\角色探索_2026-09-18\裂缝听者_设定稿_候选01.png","黎黎隆项目/角色风格_R1-R3/02_CANDIDATES/角色探索_2026-09-18/裂缝听者_设定稿_候选01.png","b2d69654cbc41529bfba7aec647feec8b86695b0f958f22cb0883a3e1354b53b","2956891","1536","1024",".png","role_reference","1","黎黎隆_角色总览_素材汇总_v0.1.canvas#222116c4d1e84347 | 黎黎隆_角色总览_素材汇总_v0.1.canvas#30dcacb74974444d","THUMBNAIL_PENDING"
"IMAGE-233","方/07_素材图/临时截图/Pasted image 20260917020027.png","C:\Users\19308\Documents\Obsidian\ten-yuan-vault\方\07_素材图\临时截图\Pasted image 20260917020027.png","方/07_素材图/临时截图/Pasted image 20260917020027.png","b613a7737664a42ec9beec908ccfc053b38c7cd6b1bff26e12292d317d518ec5","2133499","1448","1086",".png","project_original","1","黎黎隆_角色总览_素材汇总_v0.1.canvas#d277e817dbcf4342 | 黎黎隆_原始灵感板_v0.1.canvas#3bb48bad87db9f7a","THUMBNAIL_PENDING"
"IMAGE-234","黎黎隆项目/角色风格_R1-R3/01_REFERENCE/R02_GuiltyGear/orig_03.png","C:\Users\19308\Documents\Obsidian\ten-yuan-vault\黎黎隆项目\角色风格_R1-R3\01_REFERENCE\R02_GuiltyGear\orig_03.png","黎黎隆项目/角色风格_R1-R3/01_REFERENCE/R02_GuiltyGear/orig_03.png","b63a09f88398a5a8ff10b7014ee38f8686c976a6ea6bd8488063c9e4b98502b7","1780496","1600","1600",".png","role_reference","1","","THUMBNAIL_PENDING"
"IMAGE-235","黎黎隆项目/角色风格_R1-R3/01_REFERENCE/R01_WAKFU/thumb_10.jpg","C:\Users\19308\Documents\Obsidian\ten-yuan-vault\黎黎隆项目\角色风格_R1-R3\01_REFERENCE\R01_WAKFU\thumb_10.jpg","黎黎隆项目/角色风格_R1-R3/01_REFERENCE/R01_WAKFU/thumb_10.jpg","b68839f095b13e9a62cc9bbacf4b1e6f42734b501d4abaee5bc0106319578302","111977","1310","642",".jpg","role_reference","1","黎黎隆_角色总览_素材汇总_v0.1.canvas#1f2af12d5ae547d6 | 黎黎隆_角色风格_R1-R3_本地化_v1.0.canvas#e8dafbead5e96035","THUMBNAIL_PENDING"
"IMAGE-236","黎黎隆_v1.1_ZEROLOGIN/assets/references/ref_right_R04.jpg","C:\Users\19308\Documents\Obsidian\ten-yuan-vault\黎黎隆_v1.1_ZEROLOGIN\assets\references\ref_right_R04.jpg","黎黎隆_v1.1_ZEROLOGIN/assets/references/ref_right_R04.jpg","b7b646169041208536d2ea8c6376a78f835ce4ddca98dcedb847f9af35d02993","102188","600","480",".jpg","project_original","1","黎黎隆_场景风格视觉化_R1-R6_本地全量_v1.3.canvas#ref_right_R04","THUMBNAIL_PENDING"
"IMAGE-237","黎黎隆项目/角色风格_R1-R3/01_REFERENCE/R08_Moebius/thumb_01.jpg","C:\Users\19308\Documents\Obsidian\ten-yuan-vault\黎黎隆项目\角色风格_R1-R3\01_REFERENCE\R08_Moebius\thumb_01.jpg","黎黎隆项目/角色风格_R1-R3/01_REFERENCE/R08_Moebius/thumb_01.jpg","b8a11b760550306132c1857d5b39648c45efad042a52e810aa58e681a96864cf","153379","1200","848",".jpg","role_reference","1","黎黎隆_角色总览_素材汇总_v0.1.canvas#1d9b7e8e69314c6c | 黎黎隆_角色风格_R1-R3_本地化_v1.0.canvas#d4438d28872865fa","THUMBNAIL_PENDING"
"IMAGE-238","方/07_素材图/临时截图/Pasted image 20260918173812.png","C:\Users\19308\Documents\Obsidian\ten-yuan-vault\方\07_素材图\临时截图\Pasted image 20260918173812.png","方/07_素材图/临时截图/Pasted image 20260918173812.png","b999768c4ffd035fe7b0772b03269ee7ae958d22d8b1e59ac9d197a18d379d16","471237","595","595",".png","project_original","1","黎黎隆_场景参考_I04_骨骼空港_image-well测试_v1.0.canvas#222a5fecc9a94aee","THUMBNAIL_PENDING"
"IMAGE-239","方/07_素材图/临时截图/Pasted image 20260917020455.png","C:\Users\19308\Documents\Obsidian\ten-yuan-vault\方\07_素材图\临时截图\Pasted image 20260917020455.png","方/07_素材图/临时截图/Pasted image 20260917020455.png","b9fb9fb1b3241fc1996bb919fc02ba4e7096f5af4fd50018e1b34318ea75dccc","2470392","1055","1491",".png","project_original","1","黎黎隆_角色总览_素材汇总_v0.1.canvas#15a74c36e2e446d3 | 黎黎隆_原始灵感板_v0.1.canvas#715ea4563ea13667","THUMBNAIL_PENDING"
"IMAGE-240","黎黎隆项目/角色风格_R1-R3/01_REFERENCE/R06_HiFi_RUSH/orig_08.jpg","C:\Users\19308\Documents\Obsidian\ten-yuan-vault\黎黎隆项目\角色风格_R1-R3\01_REFERENCE\R06_HiFi_RUSH\orig_08.jpg","黎黎隆项目/角色风格_R1-R3/01_REFERENCE/R06_HiFi_RUSH/orig_08.jpg","ba253da962e67a494bae947d1f6a97f9b592ee8993e24bfde9041a4ca2ced05c","91625","400","400",".jpg","role_reference","1","","THUMBNAIL_PENDING"
"IMAGE-241","黎黎隆项目/角色风格_R1-R3/01_REFERENCE/R03_PROMARE/thumb_01.jpg","C:\Users\19308\Documents\Obsidian\ten-yuan-vault\黎黎隆项目\角色风格_R1-R3\01_REFERENCE\R03_PROMARE\thumb_01.jpg","黎黎隆项目/角色风格_R1-R3/01_REFERENCE/R03_PROMARE/thumb_01.jpg","bb1b77737c3b8691191d1b83f5f15838dc0ed831cae96a97719345383dcb93e2","157976","1096","1400",".jpg","role_reference","1","黎黎隆_角色总览_素材汇总_v0.1.canvas#f2be9ebe3e984e34 | 黎黎隆_角色风格_R1-R3_本地化_v1.0.canvas#3eeddb7b693579e5","THUMBNAIL_PENDING"
"IMAGE-242","黎黎隆项目/assets/refs/X并Z克NZ/ref_07.jpg","C:\Users\19308\Documents\Obsidian\ten-yuan-vault\黎黎隆项目\assets\refs\X并Z克NZ\ref_07.jpg","黎黎隆项目/assets/refs/X并Z克NZ/ref_07.jpg","bc33792ab9dac57ba7967fc825c44524a55dda81854e98da7105f73dd13d5e79","9501028","3800","2534",".jpg","world_mechanism_reference","1","黎黎隆_角色总览_素材汇总_v0.1.canvas#2d335f1e8e9a4fe4 | 黎黎隆_X并Z克NZ_参考墙_R1-R5_本地化_v4.0.canvas#link_9a1ae8c3de","THUMBNAIL_PENDING"
"IMAGE-243","黎黎隆项目/角色风格_R1-R3/01_REFERENCE/R05_HADES/thumb_03.jpg","C:\Users\19308\Documents\Obsidian\ten-yuan-vault\黎黎隆项目\角色风格_R1-R3\01_REFERENCE\R05_HADES\thumb_03.jpg","黎黎隆项目/角色风格_R1-R3/01_REFERENCE/R05_HADES/thumb_03.jpg","bc3737520ac712e54e1b51fbb32394696bd8dd1be6b8871df91ae8702478558c","448248","1600","900",".jpg","role_reference","1","","THUMBNAIL_PENDING"
"IMAGE-244","黎黎隆项目/assets/refs/X并Z克NZ/ref_14.jpg","C:\Users\19308\Documents\Obsidian\ten-yuan-vault\黎黎隆项目\assets\refs\X并Z克NZ\ref_14.jpg","黎黎隆项目/assets/refs/X并Z克NZ/ref_14.jpg","bc48eee2a27d729c3e9871ed7bbcd560f68b5d70b9c69523cf5d6d1483345c9d","573614","1920","1080",".jpg","world_mechanism_reference","1","黎黎隆_角色总览_素材汇总_v0.1.canvas#8822f61a6d224188 | 黎黎隆_X并Z克NZ_参考墙_R1-R5_本地化_v4.0.canvas#link_686ca5b41b","THUMBNAIL_PENDING"
"IMAGE-245","黎黎隆项目/角色风格_R1-R3/01_REFERENCE/R09_MonsterHunter/orig_03.jpg","C:\Users\19308\Documents\Obsidian\ten-yuan-vault\黎黎隆项目\角色风格_R1-R3\01_REFERENCE\R09_MonsterHunter\orig_03.jpg","黎黎隆项目/角色风格_R1-R3/01_REFERENCE/R09_MonsterHunter/orig_03.jpg","bddf44b6a74adff25ceb1057af2b13a7bdd72d99dbdf3ef9001b214d05d7d02e","323856","1440","600",".jpg","role_reference","1","","THUMBNAIL_PENDING"
"IMAGE-246","黎黎隆_v1.1_ZEROLOGIN/assets/references/ref_right_R05.jpg","C:\Users\19308\Documents\Obsidian\ten-yuan-vault\黎黎隆_v1.1_ZEROLOGIN\assets\references\ref_right_R05.jpg","黎黎隆_v1.1_ZEROLOGIN/assets/references/ref_right_R05.jpg | 黎黎隆_v1.1_ZEROLOGIN/assets/references/ref_axis_D07.jpg","be5bfe5e9c17d6bcc496ee228d398253be9e27bcd2dae5dd123a9d8ed2889640","267195","1000","412",".jpg","project_original","2","黎黎隆_场景风格视觉化_R1-R6_本地全量_v1.3.canvas#ref_right_R05 | 黎黎隆_场景风格视觉化_R1-R6_本地全量_v1.3.canvas#ref_axis_D07","THUMBNAIL_PENDING"
"IMAGE-247","方/07_素材图/临时截图/Pasted image 20260913214400.png","C:\Users\19308\Documents\Obsidian\ten-yuan-vault\方\07_素材图\临时截图\Pasted image 20260913214400.png","方/07_素材图/临时截图/Pasted image 20260913214400.png","be7ed27c986dcaf1719eb4434b2256ce0afc8f88c0e05f4424de9aa33cc2a9e4","270775","326","592",".png","project_original","1","黎黎隆_角色总览_素材汇总_v0.1.canvas#001708e3a89e4601 | 黎黎隆_原始灵感板_v0.1.canvas#820f98f6a11c311f","THUMBNAIL_PENDING"
"IMAGE-248","方/07_素材图/临时截图/Pasted image 20260917020207.png","C:\Users\19308\Documents\Obsidian\ten-yuan-vault\方\07_素材图\临时截图\Pasted image 20260917020207.png","方/07_素材图/临时截图/Pasted image 20260917020207.png","befa88b544e9677bfa4ed1f71db8e16aad11b814a09ffb636132892d8e4f6c8a","1727091","1717","923",".png","project_original","1","黎黎隆_角色总览_素材汇总_v0.1.canvas#d92949decc234d9d | 黎黎隆_原始灵感板_v0.1.canvas#edd296b3c29e000a","THUMBNAIL_PENDING"
"IMAGE-249","黎黎隆项目/角色风格_R1-R3/01_REFERENCE/R02_GuiltyGear/thumb_09.jpg","C:\Users\19308\Documents\Obsidian\ten-yuan-vault\黎黎隆项目\角色风格_R1-R3\01_REFERENCE\R02_GuiltyGear\thumb_09.jpg","黎黎隆项目/角色风格_R1-R3/01_REFERENCE/R02_GuiltyGear/thumb_09.jpg","bfbb5468021f4fe40c350a78ca2e030ff12e387da1453e9a093522407416c008","266232","1600","1600",".jpg","role_reference","1","","THUMBNAIL_PENDING"
"IMAGE-250","黎黎隆项目/角色风格_R1-R3/01_REFERENCE/R02_GuiltyGear/thumb_08.jpg","C:\Users\19308\Documents\Obsidian\ten-yuan-vault\黎黎隆项目\角色风格_R1-R3\01_REFERENCE\R02_GuiltyGear\thumb_08.jpg","黎黎隆项目/角色风格_R1-R3/01_REFERENCE/R02_GuiltyGear/thumb_08.jpg","c166b0c51f20d2b676b5af193efd179ebbda262fc058e0123eeed3e2b7df97fd","319979","1600","1600",".jpg","role_reference","1","","THUMBNAIL_PENDING"
"IMAGE-251","黎黎隆项目/角色风格_R1-R3/01_REFERENCE/R01_WAKFU/orig_02.png","C:\Users\19308\Documents\Obsidian\ten-yuan-vault\黎黎隆项目\角色风格_R1-R3\01_REFERENCE\R01_WAKFU\orig_02.png","黎黎隆项目/角色风格_R1-R3/01_REFERENCE/R01_WAKFU/orig_02.png","c16c094b4e944e72225b1e4360812bef460bac21fe39dc9ccd69b70e50483730","104666","UNKNOWN","UNKNOWN",".png","role_reference","1","","THUMBNAIL_PENDING"
"IMAGE-252","方/07_素材图/临时截图/Pasted image 20260913192840.png","C:\Users\19308\Documents\Obsidian\ten-yuan-vault\方\07_素材图\临时截图\Pasted image 20260913192840.png","方/07_素材图/临时截图/Pasted image 20260913192840.png","c18e5cdc02665f1b24b570402cad5e0707b3051bd89b525c0b482fccbfe837ec","1867207","1086","1448",".png","project_original","1","黎黎隆_角色总览_素材汇总_v0.1.canvas#69b8cc6ec6724ce4 | 黎黎隆_原始灵感板_v0.1.canvas#e600068015c0e7f8","THUMBNAIL_PENDING"
"IMAGE-253","黎黎隆项目/角色风格_R1-R3/01_REFERENCE/R02_GuiltyGear/orig_02.png","C:\Users\19308\Documents\Obsidian\ten-yuan-vault\黎黎隆项目\角色风格_R1-R3\01_REFERENCE\R02_GuiltyGear\orig_02.png","黎黎隆项目/角色风格_R1-R3/01_REFERENCE/R02_GuiltyGear/orig_02.png","c246a13cb1b69ae41938fbec0eab2b55de8f9929bf6b6bf5882c07a7f43259a0","1666252","1600","1600",".png","role_reference","1","","THUMBNAIL_PENDING"
"IMAGE-254","黎黎隆项目/assets/refs/X并Z克NZ/ref_10.jpg","C:\Users\19308\Documents\Obsidian\ten-yuan-vault\黎黎隆项目\assets\refs\X并Z克NZ\ref_10.jpg","黎黎隆项目/assets/refs/X并Z克NZ/ref_10.jpg","c28bc2a1a19e975397fb674a47ca1a0cef4a5b4b7ef3987afbc1d9760d02b5d6","1475381","2560","1920",".jpg","world_mechanism_reference","1","黎黎隆_角色总览_素材汇总_v0.1.canvas#fa85c53fdf384b88 | 黎黎隆_X并Z克NZ_参考墙_R1-R5_本地化_v4.0.canvas#link_9aad593434","THUMBNAIL_PENDING"
"IMAGE-255","黎黎隆项目/角色风格_R1-R3/01_REFERENCE/R01_WAKFU/orig_09.png","C:\Users\19308\Documents\Obsidian\ten-yuan-vault\黎黎隆项目\角色风格_R1-R3\01_REFERENCE\R01_WAKFU\orig_09.png","黎黎隆项目/角色风格_R1-R3/01_REFERENCE/R01_WAKFU/orig_09.png","c2a81ec4fcd8f81789f945886f34b823c22a84d090846de9cd5142512112eb9d","138254","UNKNOWN","UNKNOWN",".png","role_reference","1","","THUMBNAIL_PENDING"
"IMAGE-256","黎黎隆项目/角色风格_R1-R3/01_REFERENCE/R03_PROMARE/thumb_03.jpg","C:\Users\19308\Documents\Obsidian\ten-yuan-vault\黎黎隆项目\角色风格_R1-R3\01_REFERENCE\R03_PROMARE\thumb_03.jpg","黎黎隆项目/角色风格_R1-R3/01_REFERENCE/R03_PROMARE/thumb_03.jpg","c2fe1e3fd28e4a88ab0045b83bd290ecd133e065069df7b6842ab6b470d17109","159229","1040","1400",".jpg","role_reference","1","","THUMBNAIL_PENDING"
"IMAGE-257","黎黎隆_v1.1_ZEROLOGIN/assets/references/ref_axis_D08.png","C:\Users\19308\Documents\Obsidian\ten-yuan-vault\黎黎隆_v1.1_ZEROLOGIN\assets\references\ref_axis_D08.png","黎黎隆_v1.1_ZEROLOGIN/assets/references/ref_axis_D08.png | 黎黎隆_v1.1_ZEROLOGIN/assets/references/ref_style_A10.png","c3867fae87a9e84775bc4d70141789224ce6898287918bb6ae85283d164c9416","281662","UNKNOWN","UNKNOWN",".png","project_original","2","黎黎隆_场景风格视觉化_R1-R6_本地全量_v1.3.canvas#ref_axis_D08 | 黎黎隆_场景风格视觉化_R1-R6_本地全量_v1.3.canvas#ref_style_A10","THUMBNAIL_PENDING"
"IMAGE-258","黎黎隆项目/角色风格_R1-R3/02_USER_ORIGINAL/小和尚角色_四视图原稿.png","C:\Users\19308\Documents\Obsidian\ten-yuan-vault\黎黎隆项目\角色风格_R1-R3\02_USER_ORIGINAL\小和尚角色_四视图原稿.png","黎黎隆项目/角色风格_R1-R3/02_USER_ORIGINAL/小和尚角色_四视图原稿.png | 方/07_素材图/临时截图/Pasted image 20260913192710.png","c4906d962353173d5293e1495a04557b78c77bcdf36cfabe7ee2dc7480019c1e","2353830","941","1672",".png","role_reference","2","黎黎隆_角色总览_素材汇总_v0.1.canvas#5f592e1385f444e6 | 黎黎隆_角色总览_素材汇总_v0.1.canvas#f27a90c2e12b4c1d | 黎黎隆_项目总览与验收_R1_v1.0.canvas#a1b2c3d4e5f60205 | 黎黎隆_原始灵感板_v0.1.canvas#b36c16057b97b3e5","THUMBNAIL_PENDING"
"IMAGE-259","黎黎隆项目/角色风格_R1-R3/01_REFERENCE/R09_MonsterHunter/orig_04.jpg","C:\Users\19308\Documents\Obsidian\ten-yuan-vault\黎黎隆项目\角色风格_R1-R3\01_REFERENCE\R09_MonsterHunter\orig_04.jpg","黎黎隆项目/角色风格_R1-R3/01_REFERENCE/R09_MonsterHunter/orig_04.jpg","c58d6581514adf868b3a5bffa5de793807764b19336f2240a98a7542e4695cf5","473741","1440","900",".jpg","role_reference","1","","THUMBNAIL_PENDING"
"IMAGE-260","黎黎隆项目/角色风格_R1-R3/01_REFERENCE/R09_MonsterHunter/orig_01.jpg","C:\Users\19308\Documents\Obsidian\ten-yuan-vault\黎黎隆项目\角色风格_R1-R3\01_REFERENCE\R09_MonsterHunter\orig_01.jpg","黎黎隆项目/角色风格_R1-R3/01_REFERENCE/R09_MonsterHunter/orig_01.jpg","c5dfa70d16eb23b473c44162b63e4b9c59392b05a147bbf76b5a80e68e276e04","193830","1440","450",".jpg","role_reference","1","","THUMBNAIL_PENDING"
"IMAGE-261","方/07_素材图/临时截图/Pasted image 20260917020147.png","C:\Users\19308\Documents\Obsidian\ten-yuan-vault\方\07_素材图\临时截图\Pasted image 20260917020147.png","方/07_素材图/临时截图/Pasted image 20260917020147.png","c5f753411255f12f00177585adba98470e34aa3487e00697dd7f840ccec8ec47","2241565","1749","839",".png","project_original","1","黎黎隆_角色总览_素材汇总_v0.1.canvas#d944a385daa945a3 | 黎黎隆_原始灵感板_v0.1.canvas#81bf2a81119ac38a","THUMBNAIL_PENDING"
"IMAGE-262","方/07_素材图/临时截图/Pasted image 20260915163453.png","C:\Users\19308\Documents\Obsidian\ten-yuan-vault\方\07_素材图\临时截图\Pasted image 20260915163453.png","方/07_素材图/临时截图/Pasted image 20260915163453.png | 方/07_素材图/临时截图/Pasted image 20260917020219.png | 方/07_素材图/临时截图/Pasted image 20260916153014.png","c660dc7289deddc6ed95f0c48433847aba30c7d08b65c65ca17b729d8fe1c719","1436801","2402","1347",".png","project_original","3","黎黎隆_角色总览_素材汇总_v0.1.canvas#d65038fcb7a14125 | 黎黎隆_原始灵感板_v0.1.canvas#f1cf2822a7c8f1c3 | 黎黎隆_角色总览_素材汇总_v0.1.canvas#c8274e1d7b604f12 | 黎黎隆_原始灵感板_v0.1.canvas#6a05b7ba6f323b04 | 黎黎隆_角色总览_素材汇总_v0.1.canvas#c0a27dd869334daa | 黎黎隆_原始灵感板_v0.1.canvas#af5212b1340f7937","THUMBNAIL_PENDING"
"IMAGE-263","黎黎隆项目/角色风格_R1-R3/01_REFERENCE/R02_GuiltyGear/orig_11.png","C:\Users\19308\Documents\Obsidian\ten-yuan-vault\黎黎隆项目\角色风格_R1-R3\01_REFERENCE\R02_GuiltyGear\orig_11.png","黎黎隆项目/角色风格_R1-R3/01_REFERENCE/R02_GuiltyGear/orig_11.png","c699d30634a2ebd62e5532eecc99df5c31cf67cb8253d1d67e78ae894097a738","991207","1600","1600",".png","role_reference","1","","THUMBNAIL_PENDING"
"IMAGE-264","黎黎隆项目/assets/refs/X并Z克NZ/ref_28.jpg","C:\Users\19308\Documents\Obsidian\ten-yuan-vault\黎黎隆项目\assets\refs\X并Z克NZ\ref_28.jpg","黎黎隆项目/assets/refs/X并Z克NZ/ref_28.jpg","c699fa511f847b65f472bb169e08ed9e89b16358ea1b2a434322f65ca2d0403a","743892","1920","1169",".jpg","world_mechanism_reference","1","黎黎隆_角色总览_素材汇总_v0.1.canvas#26e155e4480b46dc | 黎黎隆_X并Z克NZ_参考墙_R1-R5_本地化_v4.0.canvas#link_4c61502bc8","THUMBNAIL_PENDING"
"IMAGE-265","黎黎隆项目/角色风格_R1-R3/01_REFERENCE/R02_GuiltyGear/thumb_10.jpg","C:\Users\19308\Documents\Obsidian\ten-yuan-vault\黎黎隆项目\角色风格_R1-R3\01_REFERENCE\R02_GuiltyGear\thumb_10.jpg","黎黎隆项目/角色风格_R1-R3/01_REFERENCE/R02_GuiltyGear/thumb_10.jpg","c6abef7925954ad70503963c4c4777df6238333776a0b01d6558524d439f8cee","253165","1600","1600",".jpg","role_reference","1","","THUMBNAIL_PENDING"
"IMAGE-266","黎黎隆项目/角色风格_R1-R3/01_REFERENCE/R01_WAKFU/orig_04.png","C:\Users\19308\Documents\Obsidian\ten-yuan-vault\黎黎隆项目\角色风格_R1-R3\01_REFERENCE\R01_WAKFU\orig_04.png","黎黎隆项目/角色风格_R1-R3/01_REFERENCE/R01_WAKFU/orig_04.png","c7064eae181b133918ec7f5c7cc3ef913f71b2347b32c5a8f4edf5e7246c6893","178056","UNKNOWN","UNKNOWN",".png","role_reference","1","","THUMBNAIL_PENDING"
"IMAGE-267","黎黎隆项目/00_总览/674-67_预览/角色_机制_场景_六格预览.jpg","C:\Users\19308\Documents\Obsidian\ten-yuan-vault\黎黎隆项目\00_总览\674-67_预览\角色_机制_场景_六格预览.jpg","黎黎隆项目/00_总览/674-67_预览/角色_机制_场景_六格预览.jpg","c812bfcfd23b77052583f81d009b714b37fa3aa9cb552301915325ae1381267f","105203","840","708",".jpg","scene_reference","1","","THUMBNAIL_PENDING"
"IMAGE-268","黎黎隆项目/assets/refs/X并Z克NZ/ref_48.jpg","C:\Users\19308\Documents\Obsidian\ten-yuan-vault\黎黎隆项目\assets\refs\X并Z克NZ\ref_48.jpg","黎黎隆项目/assets/refs/X并Z克NZ/ref_48.jpg","c8bfe996cc6f9666dced51d5bd38ccba19c5ea8e93b5c697a2d5745c5426678b","452628","1920","2967",".jpg","world_mechanism_reference","1","黎黎隆_角色总览_素材汇总_v0.1.canvas#c35b85586f494dfb | 黎黎隆_X并Z克NZ_参考墙_R1-R5_本地化_v4.0.canvas#link_e803abc16a","THUMBNAIL_PENDING"
"IMAGE-269","黎黎隆项目/角色风格_R1-R3/01_REFERENCE/R05_HADES/orig_06.jpg","C:\Users\19308\Documents\Obsidian\ten-yuan-vault\黎黎隆项目\角色风格_R1-R3\01_REFERENCE\R05_HADES\orig_06.jpg","黎黎隆项目/角色风格_R1-R3/01_REFERENCE/R05_HADES/orig_06.jpg","c90f95ea0e75f40e3830158c06408086242adf6c7104c2b8a499d4bc86aba6ee","207952","1110","1000",".jpg","role_reference","1","","THUMBNAIL_PENDING"
"IMAGE-270","方/07_素材图/临时截图/Pasted image 20260913195017.png","C:\Users\19308\Documents\Obsidian\ten-yuan-vault\方\07_素材图\临时截图\Pasted image 20260913195017.png","方/07_素材图/临时截图/Pasted image 20260913195017.png","cb65698ea516d6a2209f2501c7600872d79603af7551d78c90879abf3f0d31be","2430774","1254","1254",".png","project_original","1","黎黎隆_角色总览_素材汇总_v0.1.canvas#b698cc59a3fe4548 | 黎黎隆_原始灵感板_v0.1.canvas#b1754e0cc7587371","THUMBNAIL_PENDING"
"IMAGE-271","黎黎隆项目/角色风格_R1-R3/01_REFERENCE/R01_WAKFU/thumb_07.jpg","C:\Users\19308\Documents\Obsidian\ten-yuan-vault\黎黎隆项目\角色风格_R1-R3\01_REFERENCE\R01_WAKFU\thumb_07.jpg","黎黎隆项目/角色风格_R1-R3/01_REFERENCE/R01_WAKFU/thumb_07.jpg","cbf12766ebff5be90368c3133ec8dfa6605d16b8a19823d4bf9289b95217cf8c","216702","1600","895",".jpg","role_reference","1","","THUMBNAIL_PENDING"
"IMAGE-272","黎黎隆项目/角色风格_R1-R3/01_REFERENCE/R07_Gorillaz_Hewlett/orig_06.jpg","C:\Users\19308\Documents\Obsidian\ten-yuan-vault\黎黎隆项目\角色风格_R1-R3\01_REFERENCE\R07_Gorillaz_Hewlett\orig_06.jpg","黎黎隆项目/角色风格_R1-R3/01_REFERENCE/R07_Gorillaz_Hewlett/orig_06.jpg","cc04209fe225f33db465bb3af994fbadbda7b3bfa590e2696e5de9fa35d93c16","154294","1000","1000",".jpg","role_reference","1","","THUMBNAIL_PENDING"
"IMAGE-273","黎黎隆项目/assets/refs/X并Z克NZ/ref_46.png","C:\Users\19308\Documents\Obsidian\ten-yuan-vault\黎黎隆项目\assets\refs\X并Z克NZ\ref_46.png","黎黎隆项目/assets/refs/X并Z克NZ/ref_46.png","cc167b29920cdfcc8e0dbfe5d3568cabe61b2f10ef170957b30d9c0a04783ff9","277452","1933","1052",".png","world_mechanism_reference","1","黎黎隆_角色总览_素材汇总_v0.1.canvas#819abd95a5fe4540 | 黎黎隆_X并Z克NZ_参考墙_R1-R5_本地化_v4.0.canvas#link_7d927b5485","THUMBNAIL_PENDING"
"IMAGE-274","黎黎隆项目/角色风格_R1-R3/01_REFERENCE/R03_PROMARE/thumb_08.jpg","C:\Users\19308\Documents\Obsidian\ten-yuan-vault\黎黎隆项目\角色风格_R1-R3\01_REFERENCE\R03_PROMARE\thumb_08.jpg","黎黎隆项目/角色风格_R1-R3/01_REFERENCE/R03_PROMARE/thumb_08.jpg","cc18adb1de49741b7f4e8e7980d0d5db286dc0395fa6f5d664c6b1d5e6ab6cae","148756","1096","1400",".jpg","role_reference","1","黎黎隆_角色总览_素材汇总_v0.1.canvas#d97d1923cec54630 | 黎黎隆_角色风格_R1-R3_本地化_v1.0.canvas#00d436f09525dfc5","THUMBNAIL_PENDING"
"IMAGE-275","黎黎隆项目/角色风格_R1-R3/01_REFERENCE/R06_HiFi_RUSH/thumb_02.jpg","C:\Users\19308\Documents\Obsidian\ten-yuan-vault\黎黎隆项目\角色风格_R1-R3\01_REFERENCE\R06_HiFi_RUSH\thumb_02.jpg","黎黎隆项目/角色风格_R1-R3/01_REFERENCE/R06_HiFi_RUSH/thumb_02.jpg","cd641ee47f86ed18e97f96258f103cab0ed73efaf27677759ae006e4e703c609","550570","1600","900",".jpg","role_reference","1","","THUMBNAIL_PENDING"
"IMAGE-276","方/07_素材图/临时截图/奇美拉角色.jpg","C:\Users\19308\Documents\Obsidian\ten-yuan-vault\方\07_素材图\临时截图\奇美拉角色.jpg","方/07_素材图/临时截图/奇美拉角色.jpg | 黎黎隆项目/角色风格_R1-R3/02_USER_ORIGINAL/奇美拉角色.jpg","cdfd467dec8d0fbe5a2b058154d19220b47b1831f86e09a632219a369af41383","3880401","6637","3508",".jpg","project_original","2","黎黎隆_角色总览_素材汇总_v0.1.canvas#de1e8769420649e4 | 黎黎隆_原始灵感板_v0.1.canvas#342118c7bdd1c285 | 黎黎隆_角色总览_素材汇总_v0.1.canvas#7775b032dc9d4b2b | 黎黎隆_角色总览_素材汇总_v0.1.canvas#b37b3537a9ae45a9 | 黎黎隆_角色风格_R1-R3_本地化_v1.0.canvas#orig_chimera | 黎黎隆_角色风格_R1-R3_原始_v1.0.canvas#orig_chimera","THUMBNAIL_PENDING"
"IMAGE-277","黎黎隆项目/角色风格_R1-R3/01_REFERENCE/R06_HiFi_RUSH/thumb_07.jpg","C:\Users\19308\Documents\Obsidian\ten-yuan-vault\黎黎隆项目\角色风格_R1-R3\01_REFERENCE\R06_HiFi_RUSH\thumb_07.jpg","黎黎隆项目/角色风格_R1-R3/01_REFERENCE/R06_HiFi_RUSH/thumb_07.jpg","cef48deced12a9b383f50e85858d980f41d83f87c6e30179e93ebd675d334ec6","55910","400","400",".jpg","role_reference","1","","THUMBNAIL_PENDING"
"IMAGE-278","黎黎隆项目/角色风格_R1-R3/01_REFERENCE/R06_HiFi_RUSH/orig_07.jpg","C:\Users\19308\Documents\Obsidian\ten-yuan-vault\黎黎隆项目\角色风格_R1-R3\01_REFERENCE\R06_HiFi_RUSH\orig_07.jpg","黎黎隆项目/角色风格_R1-R3/01_REFERENCE/R06_HiFi_RUSH/orig_07.jpg","cfa371ae8785220e7ba1ba58acfb2c257d70eae048f06518254733fc03897e8f","69407","400","400",".jpg","role_reference","1","","THUMBNAIL_PENDING"
"IMAGE-279","黎黎隆项目/角色风格_R1-R3/01_REFERENCE/R02_GuiltyGear/thumb_12.jpg","C:\Users\19308\Documents\Obsidian\ten-yuan-vault\黎黎隆项目\角色风格_R1-R3\01_REFERENCE\R02_GuiltyGear\thumb_12.jpg","黎黎隆项目/角色风格_R1-R3/01_REFERENCE/R02_GuiltyGear/thumb_12.jpg","d054baf57ae6e30cdbfb3ac036a317e666a2cb1c8162bbde3171fe8be45964a7","405260","1600","1600",".jpg","role_reference","1","黎黎隆_角色总览_素材汇总_v0.1.canvas#b937f89e525c4f97 | 黎黎隆_角色风格_R1-R3_本地化_v1.0.canvas#103068a6957916e3","THUMBNAIL_PENDING"
"IMAGE-280","黎黎隆项目/角色风格_R1-R3/01_REFERENCE/R10_LoL_Clarity/orig_04.jpg","C:\Users\19308\Documents\Obsidian\ten-yuan-vault\黎黎隆项目\角色风格_R1-R3\01_REFERENCE\R10_LoL_Clarity\orig_04.jpg","黎黎隆项目/角色风格_R1-R3/01_REFERENCE/R10_LoL_Clarity/orig_04.jpg","d12ac9fcd3da14ccc5667a6982fe1dc96850cc3f252c264a040113507bda0e84","44230","496","560",".jpg","role_reference","1","","THUMBNAIL_PENDING"
"IMAGE-281","黎黎隆项目/角色风格_R1-R3/01_REFERENCE/R05_HADES/orig_03.png","C:\Users\19308\Documents\Obsidian\ten-yuan-vault\黎黎隆项目\角色风格_R1-R3\01_REFERENCE\R05_HADES\orig_03.png","黎黎隆项目/角色风格_R1-R3/01_REFERENCE/R05_HADES/orig_03.png","d17ef98b3d6c5f8604ad7b12853193cbfb573e1f78bfa4c0b9bf929bde40c5fb","3106021","1920","1080",".png","role_reference","1","","THUMBNAIL_PENDING"
"IMAGE-282","黎黎隆项目/assets/refs/X并Z克NZ/ref_36.jpg","C:\Users\19308\Documents\Obsidian\ten-yuan-vault\黎黎隆项目\assets\refs\X并Z克NZ\ref_36.jpg","黎黎隆项目/assets/refs/X并Z克NZ/ref_36.jpg","d2ae849fbfa27d26544268a90772f292d611833ddcdf6fe8893380021cd7bf24","511266","1920","1102",".jpg","world_mechanism_reference","1","黎黎隆_角色总览_素材汇总_v0.1.canvas#0fa9a0f41dcd49e8 | 黎黎隆_X并Z克NZ_参考墙_R1-R5_本地化_v4.0.canvas#link_c0b38dc744","THUMBNAIL_PENDING"
"IMAGE-283","黎黎隆项目/角色风格_R1-R3/01_REFERENCE/R01_WAKFU/orig_08.png","C:\Users\19308\Documents\Obsidian\ten-yuan-vault\黎黎隆项目\角色风格_R1-R3\01_REFERENCE\R01_WAKFU\orig_08.png","黎黎隆项目/角色风格_R1-R3/01_REFERENCE/R01_WAKFU/orig_08.png","d4e169441acab2de2770ebb626e774a2c7c4f93c5f781cce83f2f0d6e095413c","98956","UNKNOWN","UNKNOWN",".png","role_reference","1","","THUMBNAIL_PENDING"
"IMAGE-284","黎黎隆项目/角色风格_R1-R3/01_REFERENCE/R07_Gorillaz_Hewlett/orig_03.webp","C:\Users\19308\Documents\Obsidian\ten-yuan-vault\黎黎隆项目\角色风格_R1-R3\01_REFERENCE\R07_Gorillaz_Hewlett\orig_03.webp","黎黎隆项目/角色风格_R1-R3/01_REFERENCE/R07_Gorillaz_Hewlett/orig_03.webp","d57c434be7371e7bf9fa8be955519a06b18196912dc4a61593c6979d7b2f2f76","122778","UNKNOWN","UNKNOWN",".webp","role_reference","1","","THUMBNAIL_PENDING"
"IMAGE-285","黎黎隆项目/角色风格_R1-R3/01_REFERENCE/R02_GuiltyGear/thumb_06.jpg","C:\Users\19308\Documents\Obsidian\ten-yuan-vault\黎黎隆项目\角色风格_R1-R3\01_REFERENCE\R02_GuiltyGear\thumb_06.jpg","黎黎隆项目/角色风格_R1-R3/01_REFERENCE/R02_GuiltyGear/thumb_06.jpg","d5b8ebdc1eb99b536de868f4b90e0fb80d97fb1639c13365e2c151bc9727b1f6","200876","1600","1600",".jpg","role_reference","1","","THUMBNAIL_PENDING"
"IMAGE-286","黎黎隆项目/角色风格_R1-R3/01_REFERENCE/R04_Fortiche_ARCANE/orig_04.jpg","C:\Users\19308\Documents\Obsidian\ten-yuan-vault\黎黎隆项目\角色风格_R1-R3\01_REFERENCE\R04_Fortiche_ARCANE\orig_04.jpg","黎黎隆项目/角色风格_R1-R3/01_REFERENCE/R04_Fortiche_ARCANE/orig_04.jpg","d69f6307f6ec9d0d312279db323e178306697f8aab0faea74c8c6b490ecfcc00","93424","1920","1080",".jpg","role_reference","1","","THUMBNAIL_PENDING"
"IMAGE-287","黎黎隆项目/角色风格_R1-R3/01_REFERENCE/R08_Moebius/thumb_05.jpg","C:\Users\19308\Documents\Obsidian\ten-yuan-vault\黎黎隆项目\角色风格_R1-R3\01_REFERENCE\R08_Moebius\thumb_05.jpg","黎黎隆项目/角色风格_R1-R3/01_REFERENCE/R08_Moebius/thumb_05.jpg","d7311c22e5114c56ae783dc6b997870b323c8b3226891ffdf3fe9806a11a877a","324718","632","876",".jpg","role_reference","1","","THUMBNAIL_PENDING"
"IMAGE-288","方/07_素材图/临时截图/Pasted image 20260913214024.png","C:\Users\19308\Documents\Obsidian\ten-yuan-vault\方\07_素材图\临时截图\Pasted image 20260913214024.png","方/07_素材图/临时截图/Pasted image 20260913214024.png","d8b7f654ef6dbca12c4f7a51510e5e0205010c0df14a132bae098c71c3848fba","2513196","1122","1402",".png","project_original","1","黎黎隆_角色总览_素材汇总_v0.1.canvas#43a37d1b3c224dd3 | 黎黎隆_原始灵感板_v0.1.canvas#5f38d111cfeaf6a5","THUMBNAIL_PENDING"
"IMAGE-289","黎黎隆项目/角色风格_R1-R3/01_REFERENCE/R07_Gorillaz_Hewlett/orig_02.webp","C:\Users\19308\Documents\Obsidian\ten-yuan-vault\黎黎隆项目\角色风格_R1-R3\01_REFERENCE\R07_Gorillaz_Hewlett\orig_02.webp","黎黎隆项目/角色风格_R1-R3/01_REFERENCE/R07_Gorillaz_Hewlett/orig_02.webp","d9710482020cede2bacf9d7e64a29e31d105b7bdb28c2be4a9053c95b919092b","469034","UNKNOWN","UNKNOWN",".webp","role_reference","1","","THUMBNAIL_PENDING"
"IMAGE-290","黎黎隆项目/场景视觉参考/image-well-test/I04_骨骼空港/q1/openverse_Whale_skeleton_554ca8bb.jpg","C:\Users\19308\Documents\Obsidian\ten-yuan-vault\黎黎隆项目\场景视觉参考\image-well-test\I04_骨骼空港\q1\openverse_Whale_skeleton_554ca8bb.jpg","黎黎隆项目/场景视觉参考/image-well-test/I04_骨骼空港/q1/openverse_Whale_skeleton_554ca8bb.jpg","d9b32e60341d1e4db739a8756f7f7c09ea820ad6d6c033e78cbbcfbd1a50af81","331560","768","1024",".jpg","scene_reference","1","黎黎隆_场景参考_I04_骨骼空港_image-well测试_v1.0.canvas#img_3","THUMBNAIL_PENDING"
"IMAGE-291","黎黎隆项目/角色风格_R1-R3/01_REFERENCE/R10_LoL_Clarity/thumb_04.jpg","C:\Users\19308\Documents\Obsidian\ten-yuan-vault\黎黎隆项目\角色风格_R1-R3\01_REFERENCE\R10_LoL_Clarity\thumb_04.jpg","黎黎隆项目/角色风格_R1-R3/01_REFERENCE/R10_LoL_Clarity/thumb_04.jpg","db88906554908d921a968844b33eaa1157882c7a250831b83eac9e207e0e5c82","53090","496","560",".jpg","role_reference","1","黎黎隆_角色总览_素材汇总_v0.1.canvas#38274cbb1b5c4e6f | 黎黎隆_角色风格_R1-R3_本地化_v1.0.canvas#6a8cdda3b9c90179","THUMBNAIL_PENDING"
"IMAGE-292","黎黎隆项目/assets/refs/X并Z克NZ/ref_20.svg","C:\Users\19308\Documents\Obsidian\ten-yuan-vault\黎黎隆项目\assets\refs\X并Z克NZ\ref_20.svg","黎黎隆项目/assets/refs/X并Z克NZ/ref_20.svg","dcacd3505a77c353fe7834c69ac1f449b92279a7cbeb173e8700b03f41f80a3c","27887","482.7","500.9",".svg","world_mechanism_reference","1","黎黎隆_角色总览_素材汇总_v0.1.canvas#52b2a04cd6134484 | 黎黎隆_X并Z克NZ_参考墙_R1-R5_本地化_v4.0.canvas#link_6a4538fc73","THUMBNAIL_PENDING"
"IMAGE-293","黎黎隆项目/角色风格_R1-R3/01_REFERENCE/R07_Gorillaz_Hewlett/orig_01.webp","C:\Users\19308\Documents\Obsidian\ten-yuan-vault\黎黎隆项目\角色风格_R1-R3\01_REFERENCE\R07_Gorillaz_Hewlett\orig_01.webp","黎黎隆项目/角色风格_R1-R3/01_REFERENCE/R07_Gorillaz_Hewlett/orig_01.webp","dcadc0d568b3dddde30e820a626197ab20ec1c51c5be8b4c7ffba9749186189d","185100","UNKNOWN","UNKNOWN",".webp","role_reference","1","","THUMBNAIL_PENDING"
"IMAGE-294","黎黎隆项目/角色风格_R1-R3/01_REFERENCE/R04_Fortiche_ARCANE/orig_05.jpg","C:\Users\19308\Documents\Obsidian\ten-yuan-vault\黎黎隆项目\角色风格_R1-R3\01_REFERENCE\R04_Fortiche_ARCANE\orig_05.jpg","黎黎隆项目/角色风格_R1-R3/01_REFERENCE/R04_Fortiche_ARCANE/orig_05.jpg","ddcf504c1fecd4cc44b553c2addde9fd3d374f6e97ea60aab81bec249649aaed","158417","1920","1080",".jpg","role_reference","1","","THUMBNAIL_PENDING"
"IMAGE-295","黎黎隆项目/角色风格_R1-R3/01_REFERENCE/R03_PROMARE/orig_05.png","C:\Users\19308\Documents\Obsidian\ten-yuan-vault\黎黎隆项目\角色风格_R1-R3\01_REFERENCE\R03_PROMARE\orig_05.png","黎黎隆项目/角色风格_R1-R3/01_REFERENCE/R03_PROMARE/orig_05.png","de267a403e1e01f5b547bc33f8802df1fc2750a534eb0a45d562e1c267870df1","123069","1096","1400",".png","role_reference","1","","THUMBNAIL_PENDING"
"IMAGE-296","黎黎隆项目/assets/refs/X并Z克NZ/ref_23.jpg","C:\Users\19308\Documents\Obsidian\ten-yuan-vault\黎黎隆项目\assets\refs\X并Z克NZ\ref_23.jpg","黎黎隆项目/assets/refs/X并Z克NZ/ref_23.jpg","de6086bb08c1dacfa70fd6809639d8c373264d89d36f0bb83c98f87877d9f233","100755","675","583",".jpg","world_mechanism_reference","1","黎黎隆_角色总览_素材汇总_v0.1.canvas#d977c11b3df14f29 | 黎黎隆_X并Z克NZ_参考墙_R1-R5_本地化_v4.0.canvas#link_3668230b76","THUMBNAIL_PENDING"
"IMAGE-297","黎黎隆项目/assets/refs/X并Z克NZ/ref_45.jpg","C:\Users\19308\Documents\Obsidian\ten-yuan-vault\黎黎隆项目\assets\refs\X并Z克NZ\ref_45.jpg","黎黎隆项目/assets/refs/X并Z克NZ/ref_45.jpg","e0274057c8bd2df7b2f0355c7eb4207ac5891db0ca9d2c0de8557cc85a00b946","122815","718","404",".jpg","world_mechanism_reference","1","黎黎隆_角色总览_素材汇总_v0.1.canvas#e3cb2efbee4d4770 | 黎黎隆_X并Z克NZ_参考墙_R1-R5_本地化_v4.0.canvas#link_ce72ec65b9","THUMBNAIL_PENDING"
"IMAGE-298","黎黎隆项目/场景视觉参考/image-well-test/I04_骨骼空港/q3/openverse_FileDolphin_skeleton_Museum_of_the_World_71ad73f0.jpg","C:\Users\19308\Documents\Obsidian\ten-yuan-vault\黎黎隆项目\场景视觉参考\image-well-test\I04_骨骼空港\q3\openverse_FileDolphin_skeleton_Museum_of_the_World_71ad73f0.jpg","黎黎隆项目/场景视觉参考/image-well-test/I04_骨骼空港/q3/openverse_FileDolphin_skeleton_Museum_of_the_World_71ad73f0.jpg","e07e97d2704ab78935a99a5b5d7cffcb1ec097e80a41c09d9907ec37ce67bcf9","204496","816","612",".jpg","scene_reference","1","","THUMBNAIL_PENDING"
"IMAGE-299","黎黎隆项目/角色风格_R1-R3/02_USER_ORIGINAL/黎黎角色_配色.jpg","C:\Users\19308\Documents\Obsidian\ten-yuan-vault\黎黎隆项目\角色风格_R1-R3\02_USER_ORIGINAL\黎黎角色_配色.jpg","黎黎隆项目/角色风格_R1-R3/02_USER_ORIGINAL/黎黎角色_配色.jpg","e0f07293e990d2e715118ed54fa26aca30010966cbf891d64957c5c23885c54b","7223527","8395","4618",".jpg","role_reference","1","黎黎隆_角色总览_素材汇总_v0.1.canvas#3ca7631df783442a | 黎黎隆_角色总览_素材汇总_v0.1.canvas#495cdc96482a4603 | 黎黎隆_角色风格_R1-R3_本地化_v1.0.canvas#orig_lili | 黎黎隆_角色风格_R1-R3_原始_v1.0.canvas#orig_lili","THUMBNAIL_PENDING"
"IMAGE-300","黎黎隆项目/角色风格_R1-R3/01_REFERENCE/R07_Gorillaz_Hewlett/thumb_01.jpg","C:\Users\19308\Documents\Obsidian\ten-yuan-vault\黎黎隆项目\角色风格_R1-R3\01_REFERENCE\R07_Gorillaz_Hewlett\thumb_01.jpg","黎黎隆项目/角色风格_R1-R3/01_REFERENCE/R07_Gorillaz_Hewlett/thumb_01.jpg","e175f13a62f0ed52fc212540a5a3b9bf121a63fd1e0da7dd1edbc78ba7afeb85","316501","1600","798",".jpg","role_reference","1","黎黎隆_角色总览_素材汇总_v0.1.canvas#bd9c268bea19477c | 黎黎隆_角色风格_R1-R3_本地化_v1.0.canvas#b34afe3209531528","THUMBNAIL_PENDING"
"IMAGE-301","黎黎隆项目/03_持续发散/2026-09-17/D01_道具_巨尾锚序锁身组件_v1.png","C:\Users\19308\Documents\Obsidian\ten-yuan-vault\黎黎隆项目\03_持续发散\2026-09-17\D01_道具_巨尾锚序锁身组件_v1.png","黎黎隆项目/03_持续发散/2026-09-17/D01_道具_巨尾锚序锁身组件_v1.png","e186754eaa8d40a69953b9fab7d2bdf9f3fb45a63e768d921c0ba93cfecda1c3","2697658","1536","1024",".png","character_candidate","1","黎黎隆_角色总览_素材汇总_v0.1.canvas#bead600e6dce49f4 | 黎黎隆_项目总览与验收_R1_v1.0.canvas#a1b2c3d4e5f60403","THUMBNAIL_PENDING"
"IMAGE-302","黎黎隆_v1.1_ZEROLOGIN/assets/references/imagewell/refR5_seed_I05/selected.jpg","C:\Users\19308\Documents\Obsidian\ten-yuan-vault\黎黎隆_v1.1_ZEROLOGIN\assets\references\imagewell\refR5_seed_I05\selected.jpg","黎黎隆_v1.1_ZEROLOGIN/assets/references/imagewell/refR5_seed_I05/selected.jpg","e216bd35e82a1d1251afcd4432bd6724540a333d611e3f696a0b251a35ff54b1","317804","1024","768",".jpg","project_original","1","黎黎隆_场景风格视觉化_R1-R6_本地全量_v1.3.canvas#refR5_seed_I05","THUMBNAIL_PENDING"
"IMAGE-303","黎黎隆_v1.1_ZEROLOGIN/assets/references/imagewell/refR4_right_R06/selected.jpg","C:\Users\19308\Documents\Obsidian\ten-yuan-vault\黎黎隆_v1.1_ZEROLOGIN\assets\references\imagewell\refR4_right_R06\selected.jpg","黎黎隆_v1.1_ZEROLOGIN/assets/references/imagewell/refR4_right_R06/selected.jpg","e290287f2d1c5572e78af4df1d72ea03c1c850412fa5bd5bdfd41e66f87a302b","155896","1024","683",".jpg","project_original","1","黎黎隆_场景风格视觉化_R1-R6_本地全量_v1.3.canvas#refR4_right_R06","THUMBNAIL_PENDING"
"IMAGE-304","方/07_素材图/临时截图/Pasted image 20260918155014.png","C:\Users\19308\Documents\Obsidian\ten-yuan-vault\方\07_素材图\临时截图\Pasted image 20260918155014.png","方/07_素材图/临时截图/Pasted image 20260918155014.png","e30ef7f007595e48db68dcddab88b560686adf0f6bf5300d0af552f7deaa6d96","2577485","1448","1086",".png","project_original","1","黎黎隆_原始灵感板_v0.1.canvas#901ce64fa2ee53e7","THUMBNAIL_PENDING"
"IMAGE-305","黎黎隆项目/角色风格_R1-R3/01_REFERENCE/R04_Fortiche_ARCANE/thumb_07.jpg","C:\Users\19308\Documents\Obsidian\ten-yuan-vault\黎黎隆项目\角色风格_R1-R3\01_REFERENCE\R04_Fortiche_ARCANE\thumb_07.jpg","黎黎隆项目/角色风格_R1-R3/01_REFERENCE/R04_Fortiche_ARCANE/thumb_07.jpg","e360f4ac35b3e79bdc79664b698508c3865d2d5f11d0f55fb4f8b6e9485a5967","121156","1600","900",".jpg","role_reference","1","","THUMBNAIL_PENDING"
"IMAGE-306","方/07_素材图/临时截图/Pasted image 20260915163353.png","C:\Users\19308\Documents\Obsidian\ten-yuan-vault\方\07_素材图\临时截图\Pasted image 20260915163353.png","方/07_素材图/临时截图/Pasted image 20260915163353.png","e3b0c44298fc1c149afbf4c8996fb92427ae41e4649b934ca495991b7852b855","0","UNKNOWN","UNKNOWN",".png","project_original","1","黎黎隆_角色总览_素材汇总_v0.1.canvas#1818faa13a6c4427 | 黎黎隆_原始灵感板_v0.1.canvas#cb60cdf32794437d","THUMBNAIL_PENDING"
"IMAGE-307","黎黎隆项目/角色风格_R1-R3/01_REFERENCE/R07_Gorillaz_Hewlett/thumb_05.jpg","C:\Users\19308\Documents\Obsidian\ten-yuan-vault\黎黎隆项目\角色风格_R1-R3\01_REFERENCE\R07_Gorillaz_Hewlett\thumb_05.jpg","黎黎隆项目/角色风格_R1-R3/01_REFERENCE/R07_Gorillaz_Hewlett/thumb_05.jpg","e3b83f93bf081b9725f72d2df9465503f719be91fe6da52534ad0650994f8a84","123350","1000","1000",".jpg","role_reference","1","","THUMBNAIL_PENDING"
"IMAGE-308","黎黎隆项目/角色风格_R1-R3/01_REFERENCE/R05_HADES/orig_07.jpg","C:\Users\19308\Documents\Obsidian\ten-yuan-vault\黎黎隆项目\角色风格_R1-R3\01_REFERENCE\R05_HADES\orig_07.jpg","黎黎隆项目/角色风格_R1-R3/01_REFERENCE/R05_HADES/orig_07.jpg","e466aabd1d6d92019030afe45dc54557848b0a55460a5511afb23e6cb9fc3d9b","277530","1349","1105",".jpg","role_reference","1","","THUMBNAIL_PENDING"
"IMAGE-309","黎黎隆项目/03_持续发散/2026-09-17/D02_场景_环形公共身体维护台_v1.png","C:\Users\19308\Documents\Obsidian\ten-yuan-vault\黎黎隆项目\03_持续发散\2026-09-17\D02_场景_环形公共身体维护台_v1.png","黎黎隆项目/03_持续发散/2026-09-17/D02_场景_环形公共身体维护台_v1.png","e645bf337f1029b6c4f089b904b13d93841d36376c03d9ff6d057e9a9c3ce28f","3431273","1536","1024",".png","scene_reference","1","黎黎隆_角色总览_素材汇总_v0.1.canvas#3fbbd7f3797847a4 | 黎黎隆_项目总览与验收_R1_v1.0.canvas#a1b2c3d4e5f60703","THUMBNAIL_PENDING"
"IMAGE-310","黎黎隆项目/assets/refs/X并Z克NZ/ref_15.jpg","C:\Users\19308\Documents\Obsidian\ten-yuan-vault\黎黎隆项目\assets\refs\X并Z克NZ\ref_15.jpg","黎黎隆项目/assets/refs/X并Z克NZ/ref_15.jpg","e7e78ede304942db5c91a6ac05048a00562408d7b1a5b90f2544805e8c4baff9","460360","1920","1357",".jpg","world_mechanism_reference","1","黎黎隆_角色总览_素材汇总_v0.1.canvas#bcd0d130a754473a | 黎黎隆_X并Z克NZ_参考墙_R1-R5_本地化_v4.0.canvas#link_f2e92838ec","THUMBNAIL_PENDING"
"IMAGE-311","黎黎隆项目/角色风格_R1-R3/01_REFERENCE/R07_Gorillaz_Hewlett/thumb_03.jpg","C:\Users\19308\Documents\Obsidian\ten-yuan-vault\黎黎隆项目\角色风格_R1-R3\01_REFERENCE\R07_Gorillaz_Hewlett\thumb_03.jpg","黎黎隆项目/角色风格_R1-R3/01_REFERENCE/R07_Gorillaz_Hewlett/thumb_03.jpg","e853f43c11a125ca711ed3dd4a584451a75f83565fa3c72003adea35c8a71541","306255","800","1496",".jpg","role_reference","1","","THUMBNAIL_PENDING"
"IMAGE-312","黎黎隆项目/角色风格_R1-R3/01_REFERENCE/R02_GuiltyGear/orig_05.png","C:\Users\19308\Documents\Obsidian\ten-yuan-vault\黎黎隆项目\角色风格_R1-R3\01_REFERENCE\R02_GuiltyGear\orig_05.png","黎黎隆项目/角色风格_R1-R3/01_REFERENCE/R02_GuiltyGear/orig_05.png","e856f37d4379827d0edf3d1b66dd3a559d48753969969071c4c97dbc3537f973","775931","1600","1600",".png","role_reference","1","","THUMBNAIL_PENDING"
"IMAGE-313","方/07_素材图/临时截图/Pasted image 20260913192750.png","C:\Users\19308\Documents\Obsidian\ten-yuan-vault\方\07_素材图\临时截图\Pasted image 20260913192750.png","方/07_素材图/临时截图/Pasted image 20260913192750.png","e86db448c56039fe49df0e5594bb10452baca217285e049cb04422190d778049","747979","1137","528",".png","project_original","1","黎黎隆_角色总览_素材汇总_v0.1.canvas#6915a53b5dfd4525 | 黎黎隆_原始灵感板_v0.1.canvas#afc137f7b4336e27","THUMBNAIL_PENDING"
"IMAGE-314","方/07_素材图/临时截图/Pasted image 20260918171240.png","C:\Users\19308\Documents\Obsidian\ten-yuan-vault\方\07_素材图\临时截图\Pasted image 20260918171240.png","方/07_素材图/临时截图/Pasted image 20260918171240.png","e9322be1a6b34eae37c91c7e97e266eb856135a56ea7f1c84c9f774a4c1b8010","2650090","1000","1500",".png","project_original","1","黎黎隆_场景参考_I04_骨骼空港_image-well测试_v1.0.canvas#093e43fededc5312","THUMBNAIL_PENDING"
"IMAGE-315","黎黎隆_v1.1_ZEROLOGIN/assets/references/ref_right_R01.png","C:\Users\19308\Documents\Obsidian\ten-yuan-vault\黎黎隆_v1.1_ZEROLOGIN\assets\references\ref_right_R01.png","黎黎隆_v1.1_ZEROLOGIN/assets/references/ref_right_R01.png","e9611550769e9912a7cb4ae17f0e7f30e3b78bd559856f54ae2813f33aa46ab2","2074122","1400","800",".png","project_original","1","黎黎隆_场景风格视觉化_R1-R6_本地全量_v1.3.canvas#ref_right_R01","THUMBNAIL_PENDING"
"IMAGE-316","黎黎隆项目/角色风格_R1-R3/01_REFERENCE/R02_GuiltyGear/orig_10.png","C:\Users\19308\Documents\Obsidian\ten-yuan-vault\黎黎隆项目\角色风格_R1-R3\01_REFERENCE\R02_GuiltyGear\orig_10.png","黎黎隆项目/角色风格_R1-R3/01_REFERENCE/R02_GuiltyGear/orig_10.png","e9d2043da468825cda117f0eac9db930a43ec7b547e0e041a29f0660d14311da","834258","1600","1600",".png","role_reference","1","","THUMBNAIL_PENDING"
"IMAGE-317","黎黎隆_v1.1_ZEROLOGIN/assets/references/ref_style_A01.png","C:\Users\19308\Documents\Obsidian\ten-yuan-vault\黎黎隆_v1.1_ZEROLOGIN\assets\references\ref_style_A01.png","黎黎隆_v1.1_ZEROLOGIN/assets/references/ref_style_A01.png","eaef35c6e0efe249fab47a6ff8662334f8bb57a70da36b89da6b35955ec1a6c6","975761","1240","700",".png","project_original","1","黎黎隆_场景风格视觉化_R1-R6_本地全量_v1.3.canvas#ref_style_A01","THUMBNAIL_PENDING"
"IMAGE-318","方/07_素材图/临时截图/Pasted image 20260917020046.png","C:\Users\19308\Documents\Obsidian\ten-yuan-vault\方\07_素材图\临时截图\Pasted image 20260917020046.png","方/07_素材图/临时截图/Pasted image 20260917020046.png","ec64f777bdaee763005d10c84edbdd824fc358038a40046760439a728234c263","2253976","1448","1086",".png","project_original","1","黎黎隆_角色总览_素材汇总_v0.1.canvas#774d3435c35c4909 | 黎黎隆_原始灵感板_v0.1.canvas#319b24375258a051","THUMBNAIL_PENDING"
"IMAGE-319","黎黎隆项目/角色风格_R1-R3/01_REFERENCE/R10_LoL_Clarity/thumb_05.jpg","C:\Users\19308\Documents\Obsidian\ten-yuan-vault\黎黎隆项目\角色风格_R1-R3\01_REFERENCE\R10_LoL_Clarity\thumb_05.jpg","黎黎隆项目/角色风格_R1-R3/01_REFERENCE/R10_LoL_Clarity/thumb_05.jpg","ecce535dafa6f1547a63819ada527e05348c4770f55ab5ad4524bf4a3cab6ce7","59346","496","560",".jpg","role_reference","1","","THUMBNAIL_PENDING"
"IMAGE-320","黎黎隆项目/assets/refs/X并Z克NZ/ref_13.jpg","C:\Users\19308\Documents\Obsidian\ten-yuan-vault\黎黎隆项目\assets\refs\X并Z克NZ\ref_13.jpg","黎黎隆项目/assets/refs/X并Z克NZ/ref_13.jpg","eda8adcae4f7e6cd2cf8764bb592e3e129b35a8ab1f0c37eccc2aa47f8266505","48628","749","467",".jpg","world_mechanism_reference","1","黎黎隆_角色总览_素材汇总_v0.1.canvas#bf45ef2e6b7541a3 | 黎黎隆_X并Z克NZ_参考墙_R1-R5_本地化_v4.0.canvas#link_3c35466b4f","THUMBNAIL_PENDING"
"IMAGE-321","黎黎隆项目/assets/refs/X并Z克NZ/ref_22.png","C:\Users\19308\Documents\Obsidian\ten-yuan-vault\黎黎隆项目\assets\refs\X并Z克NZ\ref_22.png","黎黎隆项目/assets/refs/X并Z克NZ/ref_22.png","ee30e193bc4231b2510cee9604652e28853444c28a8380b688d55b61d57d60aa","18408","950","564",".png","world_mechanism_reference","1","黎黎隆_角色总览_素材汇总_v0.1.canvas#9bd54e4aa3f04093 | 黎黎隆_X并Z克NZ_参考墙_R1-R5_本地化_v4.0.canvas#link_e93460135a","THUMBNAIL_PENDING"
"IMAGE-322","黎黎隆项目/场景视觉参考/image-well-test/I04_骨骼空港/q1/openverse_Whale_Skeleton_95a3c0e5.jpg","C:\Users\19308\Documents\Obsidian\ten-yuan-vault\黎黎隆项目\场景视觉参考\image-well-test\I04_骨骼空港\q1\openverse_Whale_Skeleton_95a3c0e5.jpg","黎黎隆项目/场景视觉参考/image-well-test/I04_骨骼空港/q1/openverse_Whale_Skeleton_95a3c0e5.jpg","eed4f7c2bd77a03a4ae8de6c88fbd59bd8cf4f3812af5c317ad78761cb4085aa","200237","1023","679",".jpg","scene_reference","1","黎黎隆_场景参考_I04_骨骼空港_image-well测试_v1.0.canvas#img_2","THUMBNAIL_PENDING"
"IMAGE-323","黎黎隆项目/assets/refs/X并Z克NZ/ref_19.png","C:\Users\19308\Documents\Obsidian\ten-yuan-vault\黎黎隆项目\assets\refs\X并Z克NZ\ref_19.png","黎黎隆项目/assets/refs/X并Z克NZ/ref_19.png","eefd69b71aa51d9eb3ef789eef12f9abadaad759d45caa33209dfe91f98e89b1","308270","1200","705",".png","world_mechanism_reference","1","黎黎隆_角色总览_素材汇总_v0.1.canvas#df673c0f74734466 | 黎黎隆_X并Z克NZ_参考墙_R1-R5_本地化_v4.0.canvas#link_e0876003b4","THUMBNAIL_PENDING"
"IMAGE-324","黎黎隆_v1.1_ZEROLOGIN/assets/references/imagewell/refR5_seed_I09/selected.jpg","C:\Users\19308\Documents\Obsidian\ten-yuan-vault\黎黎隆_v1.1_ZEROLOGIN\assets\references\imagewell\refR5_seed_I09\selected.jpg","黎黎隆_v1.1_ZEROLOGIN/assets/references/imagewell/refR5_seed_I09/selected.jpg","eefedeca18692b79bcd6d6c04c762ba1395e8c61c1654fd320f250b749cd20bd","413419","1200","1452",".jpg","project_original","1","黎黎隆_场景风格视觉化_R1-R6_本地全量_v1.3.canvas#refR5_seed_I09","THUMBNAIL_PENDING"
"IMAGE-325","方/07_素材图/临时截图/Pasted image 20260913193426.png","C:\Users\19308\Documents\Obsidian\ten-yuan-vault\方\07_素材图\临时截图\Pasted image 20260913193426.png","方/07_素材图/临时截图/Pasted image 20260913193426.png","f06a7220f16d2169f61843c49f094a69dcf4a65c1f6c5c8df3989ce3c42c034d","2943160","1254","1254",".png","project_original","1","黎黎隆_角色总览_素材汇总_v0.1.canvas#d4c0f116f2754d4e | 黎黎隆_项目总览与验收_R1_v1.0.canvas#a1b2c3d4e5f60504 | 黎黎隆_原始灵感板_v0.1.canvas#2c88455cb7c0440a","THUMBNAIL_PENDING"
"IMAGE-326","黎黎隆_v1.1_ZEROLOGIN/assets/references/ref_axis_D03.jpg","C:\Users\19308\Documents\Obsidian\ten-yuan-vault\黎黎隆_v1.1_ZEROLOGIN\assets\references\ref_axis_D03.jpg","黎黎隆_v1.1_ZEROLOGIN/assets/references/ref_axis_D03.jpg","f2ed7ef0a02e0341673ed1e1d4ac78b8338f3338c9f4c03232e8984fe5a778c0","57395","1280","720",".jpg","project_original","1","黎黎隆_场景风格视觉化_R1-R6_本地全量_v1.3.canvas#ref_axis_D03","THUMBNAIL_PENDING"
"IMAGE-327","黎黎隆_v1.1_ZEROLOGIN/assets/references/refR4_right_R10.png","C:\Users\19308\Documents\Obsidian\ten-yuan-vault\黎黎隆_v1.1_ZEROLOGIN\assets\references\refR4_right_R10.png","黎黎隆_v1.1_ZEROLOGIN/assets/references/refR4_right_R10.png","f3dcb0a39a36fa02f0f871085f705f8899acc3cd38474e7e54ad34c67f152a9c","104892","UNKNOWN","UNKNOWN",".png","project_original","1","黎黎隆_场景风格视觉化_R1-R6_本地全量_v1.3.canvas#refR4_right_R10","THUMBNAIL_PENDING"
"IMAGE-328","黎黎隆项目/角色风格_R1-R3/01_REFERENCE/R05_HADES/orig_01.png","C:\Users\19308\Documents\Obsidian\ten-yuan-vault\黎黎隆项目\角色风格_R1-R3\01_REFERENCE\R05_HADES\orig_01.png","黎黎隆项目/角色风格_R1-R3/01_REFERENCE/R05_HADES/orig_01.png","f5373e9cc18370851ae81816547a4b7a682eb374610dea8f23f0d4e403e5469f","2989717","1920","1080",".png","role_reference","1","","THUMBNAIL_PENDING"
"IMAGE-329","黎黎隆项目/角色风格_R1-R3/01_REFERENCE/R07_Gorillaz_Hewlett/thumb_06.jpg","C:\Users\19308\Documents\Obsidian\ten-yuan-vault\黎黎隆项目\角色风格_R1-R3\01_REFERENCE\R07_Gorillaz_Hewlett\thumb_06.jpg","黎黎隆项目/角色风格_R1-R3/01_REFERENCE/R07_Gorillaz_Hewlett/thumb_06.jpg","f593634ad2194cbd1bdac3949a8862f6141f583c1cfc87394053fb55255378b4","158852","1000","1000",".jpg","role_reference","1","黎黎隆_角色总览_素材汇总_v0.1.canvas#4464f3086b5f414d | 黎黎隆_角色风格_R1-R3_本地化_v1.0.canvas#53900305f22f4f00","THUMBNAIL_PENDING"
"IMAGE-330","方/07_素材图/临时截图/Pasted image 20260918172557.png","C:\Users\19308\Documents\Obsidian\ten-yuan-vault\方\07_素材图\临时截图\Pasted image 20260918172557.png","方/07_素材图/临时截图/Pasted image 20260918172557.png","f596d46272d47d3f15e07d4a700472e89e55da94a9ebad79c8a0452881d50759","1639109","736","1308",".png","project_original","1","黎黎隆_场景参考_I04_骨骼空港_image-well测试_v1.0.canvas#c4079281472cf2d1","THUMBNAIL_PENDING"
"IMAGE-331","黎黎隆项目/角色风格_R1-R3/01_REFERENCE/R03_PROMARE/thumb_07.jpg","C:\Users\19308\Documents\Obsidian\ten-yuan-vault\黎黎隆项目\角色风格_R1-R3\01_REFERENCE\R03_PROMARE\thumb_07.jpg","黎黎隆项目/角色风格_R1-R3/01_REFERENCE/R03_PROMARE/thumb_07.jpg","f73d008699b23514f5e3a38f04ca4d7e6a1b364ec3e2ccced74c999a9b285bb7","142849","1032","1400",".jpg","role_reference","1","","THUMBNAIL_PENDING"
"IMAGE-332","黎黎隆项目/角色风格_R1-R3/01_REFERENCE/R09_MonsterHunter/orig_05.jpg","C:\Users\19308\Documents\Obsidian\ten-yuan-vault\黎黎隆项目\角色风格_R1-R3\01_REFERENCE\R09_MonsterHunter\orig_05.jpg","黎黎隆项目/角色风格_R1-R3/01_REFERENCE/R09_MonsterHunter/orig_05.jpg","f74cc087a029504742189b72ba903934e639983935646452ec121fca0ae18a3d","122455","661","370",".jpg","role_reference","1","","THUMBNAIL_PENDING"
"IMAGE-333","黎黎隆项目/角色风格_R1-R3/01_REFERENCE/R04_Fortiche_ARCANE/thumb_02.jpg","C:\Users\19308\Documents\Obsidian\ten-yuan-vault\黎黎隆项目\角色风格_R1-R3\01_REFERENCE\R04_Fortiche_ARCANE\thumb_02.jpg","黎黎隆项目/角色风格_R1-R3/01_REFERENCE/R04_Fortiche_ARCANE/thumb_02.jpg","f83e0b1e989139f45d868f734b38a2abb18a875b46df7e09de96ffff61e56088","215836","1600","900",".jpg","role_reference","1","","THUMBNAIL_PENDING"
"IMAGE-334","方/07_素材图/临时截图/Pasted image 20260913195011.png","C:\Users\19308\Documents\Obsidian\ten-yuan-vault\方\07_素材图\临时截图\Pasted image 20260913195011.png","方/07_素材图/临时截图/Pasted image 20260913195011.png","f8947f3e300baba787e67931513ad8ffe8c029886cbf245cfc338e53a6f26184","2489857","1254","1254",".png","project_original","1","黎黎隆_角色总览_素材汇总_v0.1.canvas#7c8690b450614d77 | 黎黎隆_原始灵感板_v0.1.canvas#5eaa752d4e8d1dba","THUMBNAIL_PENDING"
"IMAGE-335","黎黎隆项目/03_持续发散/2026-09-17/D01_角色_黎黎隆_夺路尾_v1.png","C:\Users\19308\Documents\Obsidian\ten-yuan-vault\黎黎隆项目\03_持续发散\2026-09-17\D01_角色_黎黎隆_夺路尾_v1.png","黎黎隆项目/03_持续发散/2026-09-17/D01_角色_黎黎隆_夺路尾_v1.png","f8e481f640dbe7442b3a85b1c6ef6d5e0e179c5db6659765face540b4de326c9","2559189","1536","1024",".png","character_candidate","1","黎黎隆_角色总览_素材汇总_v0.1.canvas#04ccb26b02df4e6a | 黎黎隆_项目总览与验收_R1_v1.0.canvas#a1b2c3d4e5f60305","THUMBNAIL_PENDING"
"IMAGE-336","黎黎隆项目/角色风格_R1-R3/01_REFERENCE/R08_Moebius/orig_04.jpg","C:\Users\19308\Documents\Obsidian\ten-yuan-vault\黎黎隆项目\角色风格_R1-R3\01_REFERENCE\R08_Moebius\orig_04.jpg","黎黎隆项目/角色风格_R1-R3/01_REFERENCE/R08_Moebius/orig_04.jpg","fa10bcbeb22df7b59453c5162663203997e6a3c334feda645ef00cf5c39c2014","128509","1200","558",".jpg","role_reference","1","","THUMBNAIL_PENDING"
"IMAGE-337","黎黎隆项目/角色风格_R1-R3/01_REFERENCE/R05_HADES/thumb_08.jpg","C:\Users\19308\Documents\Obsidian\ten-yuan-vault\黎黎隆项目\角色风格_R1-R3\01_REFERENCE\R05_HADES\thumb_08.jpg","黎黎隆项目/角色风格_R1-R3/01_REFERENCE/R05_HADES/thumb_08.jpg","fa5c21e220712b5f44fc7c918eddb78a807102a2d6e09ac700f3e37d5806f064","294851","1600","900",".jpg","role_reference","1","黎黎隆_角色总览_素材汇总_v0.1.canvas#39145413aeed48b3 | 黎黎隆_角色风格_R1-R3_本地化_v1.0.canvas#272e77829343bfaf","THUMBNAIL_PENDING"
"IMAGE-338","黎黎隆项目/角色风格_R1-R3/01_REFERENCE/R09_MonsterHunter/thumb_08.jpg","C:\Users\19308\Documents\Obsidian\ten-yuan-vault\黎黎隆项目\角色风格_R1-R3\01_REFERENCE\R09_MonsterHunter\thumb_08.jpg","黎黎隆项目/角色风格_R1-R3/01_REFERENCE/R09_MonsterHunter/thumb_08.jpg","fc61f582ea0ab53353f1e7d892b0638364bc9cf6828c30f4d083364213ae37ae","117360","1317","711",".jpg","role_reference","1","黎黎隆_角色总览_素材汇总_v0.1.canvas#07ec20b37dd54db3 | 黎黎隆_角色风格_R1-R3_本地化_v1.0.canvas#c9e0ec7bee0d8730","THUMBNAIL_PENDING"
"IMAGE-339","黎黎隆项目/角色风格_R1-R3/01_REFERENCE/R04_Fortiche_ARCANE/orig_03.jpg","C:\Users\19308\Documents\Obsidian\ten-yuan-vault\黎黎隆项目\角色风格_R1-R3\01_REFERENCE\R04_Fortiche_ARCANE\orig_03.jpg","黎黎隆项目/角色风格_R1-R3/01_REFERENCE/R04_Fortiche_ARCANE/orig_03.jpg","fe3e678d0bd64539c5cbf04169c6106d8e3510f8697d902f8669fc786dabda50","40054","UNKNOWN","UNKNOWN",".jpg","role_reference","1","","THUMBNAIL_PENDING"
"IMAGE-340","黎黎隆项目/assets/refs/X并Z克NZ/ref_40.webp","C:\Users\19308\Documents\Obsidian\ten-yuan-vault\黎黎隆项目\assets\refs\X并Z克NZ\ref_40.webp","黎黎隆项目/assets/refs/X并Z克NZ/ref_40.webp","febf3acbf493d49fd5ff7b092a5b4c0769eaa7d2fdccb006aa820f2b84013050","601084","UNKNOWN","UNKNOWN",".webp","world_mechanism_reference","1","黎黎隆_角色总览_素材汇总_v0.1.canvas#60374a32eac74ff7 | 黎黎隆_X并Z克NZ_参考墙_R1-R5_本地化_v4.0.canvas#link_d0796dd453","THUMBNAIL_PENDING"
"IMAGE-341","黎黎隆项目/角色风格_R1-R3/01_REFERENCE/R01_WAKFU/orig_01.png","C:\Users\19308\Documents\Obsidian\ten-yuan-vault\黎黎隆项目\角色风格_R1-R3\01_REFERENCE\R01_WAKFU\orig_01.png","黎黎隆项目/角色风格_R1-R3/01_REFERENCE/R01_WAKFU/orig_01.png","fec2ada6a92cf7c4580c7b0e75cbee2d0eeaced82b2a929ce8fedeb3eb33315d","119288","UNKNOWN","UNKNOWN",".png","role_reference","1","","THUMBNAIL_PENDING"
"IMAGE-342","黎黎隆项目/角色风格_R1-R3/01_REFERENCE/R05_HADES/orig_02.png","C:\Users\19308\Documents\Obsidian\ten-yuan-vault\黎黎隆项目\角色风格_R1-R3\01_REFERENCE\R05_HADES\orig_02.png","黎黎隆项目/角色风格_R1-R3/01_REFERENCE/R05_HADES/orig_02.png","ff43a8c23d1831ce0d2a34ffd584ba36f4b6e49c809b3e831fe2841b3fec8e4f","2539016","1920","1080",".png","role_reference","1","","THUMBNAIL_PENDING"
"IMAGE-343","黎黎隆_v1.1_ZEROLOGIN/assets/references/imagewell/refR5_seed_I12/selected.jpg","C:\Users\19308\Documents\Obsidian\ten-yuan-vault\黎黎隆_v1.1_ZEROLOGIN\assets\references\imagewell\refR5_seed_I12\selected.jpg","黎黎隆_v1.1_ZEROLOGIN/assets/references/imagewell/refR5_seed_I12/selected.jpg","ff82bc063aa0680c7184bcee8a7c0342b377a4df7cb4ce6257b953cb4ff6345c","186037","1024","651",".jpg","project_original","1","黎黎隆_场景风格视觉化_R1-R6_本地全量_v1.3.canvas#refR5_seed_I12","THUMBNAIL_PENDING"
"IMAGE-344","黎黎隆_v1.1_ZEROLOGIN/assets/references/refR5_seed_I11.jpg","C:\Users\19308\Documents\Obsidian\ten-yuan-vault\黎黎隆_v1.1_ZEROLOGIN\assets\references\refR5_seed_I11.jpg","黎黎隆_v1.1_ZEROLOGIN/assets/references/refR5_seed_I11.jpg","ff8c58786820449b3f9c4aa99c23a3ecf358e53d22f2125a54ee69e95bd0c32e","119515","968","394",".jpg","project_original","1","黎黎隆_场景风格视觉化_R1-R6_本地全量_v1.3.canvas#refR5_seed_I11","THUMBNAIL_PENDING"
