图片编号,库别,来源分组,简短描述,描述依据,压缩包卷,压缩包内路径,GitHub仓库相对路径,项目内相对路径,直接引用文字文件,文字定位入口,文字定位类型,主Canvas直接节点,其他Canvas直接节点,Canvas邻近文字,Canvas定位状态,Canvas总览入口,格式,宽,高,文件大小字节,SHA256,图像解码校验,相同内容的其他路径,审核状态说明
LLL-R-0001,角色库,角色库素材,角色库图片｜02_H3专用角色库｜CH-003 逃票魔法学徒 H3四格卡 v1,文件名与目录层级；未逐张人工视觉描述,01_角色库_图片.zip,images/黎黎隆项目/03_角色/角色库/02_H3专用角色库/assets/CH-003/CH-003_逃票魔法学徒_H3四格卡_v1.png,黎黎隆项目/03_角色/角色库/02_H3专用角色库/assets/CH-003/CH-003_逃票魔法学徒_H3四格卡_v1.png,03_角色/角色库/02_H3专用角色库/assets/CH-003/CH-003_逃票魔法学徒_H3四格卡_v1.png,,03_角色/角色库/02_H3专用角色库/H3角色库总索引.md | 03_角色/角色库/02_H3专用角色库/CH-003_逃票魔法学徒_H3.md | 03_角色/角色库/02_H3专用角色库/CH-005_黎黎_H3.md,最近目录索引/说明（非逐图直引）,,其他Canvas: 03_角色/角色库/02_H3专用角色库/CH-003_逃票魔法学徒_H3.canvas#ch003h30000000001（邻近文字：CH-003｜逃票魔法学徒 状态：四格候选 比例：9:16 锁定： - 紫色活体魔法帽 - 羽毛与帽子触手 - 黑紫短斗篷 - 工具／票据袋 - 厚底靴体积 - 脸型与眼睛空间 使用：Ref2VA 候选参考 原始参考：方/07素材图/临时截图/Pasted image 20260920152503.png）,其他Canvas: CH-003｜逃票魔法学徒 状态：四格候选 比例：9:16 锁定： - 紫色活体魔法帽 - 羽毛与帽子触手 - 黑紫短斗篷 - 工具／票据袋 - 厚底靴体积 - 脸型与眼睛空间 使用：Ref2VA 候选参考 原始参考：方/07素材图/临时截图/Pasted image 20260920152503.png,仅其他Canvas有图片直链,03_角色/角色库/角色总Canvas.canvas,png,941,1672,2200581,7e4ee09947fde67a1ede128e70733a8cd95b78c035abee7171a16643e1125dc4,PASS_PNG,,沿用原库审核状态；此包不把候选/STAGING提升为定稿
LLL-R-0002,角色库,角色库素材,角色库图片｜02_H3专用角色库｜CH-005 黎黎 H3四格卡 v1,文件名与目录层级；未逐张人工视觉描述,01_角色库_图片.zip,images/黎黎隆项目/03_角色/角色库/02_H3专用角色库/assets/CH-005/CH-005_黎黎_H3四格卡_v1.png,黎黎隆项目/03_角色/角色库/02_H3专用角色库/assets/CH-005/CH-005_黎黎_H3四格卡_v1.png,03_角色/角色库/02_H3专用角色库/assets/CH-005/CH-005_黎黎_H3四格卡_v1.png,,03_角色/角色库/02_H3专用角色库/H3角色库总索引.md | 03_角色/角色库/02_H3专用角色库/CH-003_逃票魔法学徒_H3.md | 03_角色/角色库/02_H3专用角色库/CH-005_黎黎_H3.md,最近目录索引/说明（非逐图直引）,,,,未找到图片直接节点,03_角色/角色库/角色总Canvas.canvas,png,941,1672,2886321,389d0adc649b8e2c848795e9101ba6ed80a34116e6b52ec37f04ebe5b3f577ba,PASS_PNG,,沿用原库审核状态；此包不把候选/STAGING提升为定稿
LLL-R-0003,角色库,角色库素材,角色库图片｜02_H3专用角色库｜CH-005 黎黎 H3四格卡 v2,文件名与目录层级；未逐张人工视觉描述,01_角色库_图片.zip,images/黎黎隆项目/03_角色/角色库/02_H3专用角色库/assets/CH-005/CH-005_黎黎_H3四格卡_v2.png,黎黎隆项目/03_角色/角色库/02_H3专用角色库/assets/CH-005/CH-005_黎黎_H3四格卡_v2.png,03_角色/角色库/02_H3专用角色库/assets/CH-005/CH-005_黎黎_H3四格卡_v2.png,,03_角色/角色库/02_H3专用角色库/H3角色库总索引.md | 03_角色/角色库/02_H3专用角色库/CH-003_逃票魔法学徒_H3.md | 03_角色/角色库/02_H3专用角色库/CH-005_黎黎_H3.md,最近目录索引/说明（非逐图直引）,,其他Canvas: 03_角色/角色库/02_H3专用角色库/CH-005_黎黎_H3.canvas#ch005h3000000001（邻近文字：CH-005｜黎黎（黎黎隆） 状态：四格候选 比例：9:16 锚点： - 红发、高表情、小上身、大尾体 - 尾体是第二身体，机械与生物形态嵌合 - 尾体必须连接身体并承担平衡、支撑或动作 - 红发主色，炭黑与灰白结构色，青色限真实接口 造型参考：黎黎机械尾候选01.png 共同画法参考：澈、冒险者、小和尚角色规则 黎黎隆角色风格总规验证候选01.png 属于 NPC-01，不属于黎黎。 用途：H3 / Ref2VA 候选参考。待人工确认）,其他Canvas: CH-005｜黎黎（黎黎隆） 状态：四格候选 比例：9:16 锚点： - 红发、高表情、小上身、大尾体 - 尾体是第二身体，机械与生物形态嵌合 - 尾体必须连接身体并承担平衡、支撑或动作 - 红发主色，炭黑与灰白结构色，青色限真实接口 造型参考：黎黎机械尾候选01.png 共同画法参考：澈、冒险者、小和尚角色规则 黎黎隆角色风格总规验证候选01.png 属于 NPC-01，不属于黎黎。 用途：H3 / Ref2VA 候选参考。待人工确认,仅其他Canvas有图片直链,03_角色/角色库/角色总Canvas.canvas,png,941,1672,2440525,155e5e77fde1a357f7aeb9b63540b35a6e680c8c5e4fef07ea37f7e48c5b466e,PASS_PNG,,沿用原库审核状态；此包不把候选/STAGING提升为定稿
LLL-R-0004,角色库,角色库素材,角色库图片｜02_H3专用角色库｜CH-013 冒险者 H3四格卡 v1,文件名与目录层级；未逐张人工视觉描述,01_角色库_图片.zip,images/黎黎隆项目/03_角色/角色库/02_H3专用角色库/assets/CH-013/CH-013_冒险者_H3四格卡_v1.png,黎黎隆项目/03_角色/角色库/02_H3专用角色库/assets/CH-013/CH-013_冒险者_H3四格卡_v1.png,03_角色/角色库/02_H3专用角色库/assets/CH-013/CH-013_冒险者_H3四格卡_v1.png,,03_角色/角色库/02_H3专用角色库/H3角色库总索引.md | 03_角色/角色库/02_H3专用角色库/CH-003_逃票魔法学徒_H3.md | 03_角色/角色库/02_H3专用角色库/CH-005_黎黎_H3.md,最近目录索引/说明（非逐图直引）,,其他Canvas: 03_角色/角色库/02_H3专用角色库/CH-013_冒险者_H3.canvas#ch013h3000000001（邻近文字：CH-013｜冒险者 状态：四格候选 比例：9:16 锁定： - 壮硕成年体型 - 黑蓝披肩与紫色布层 - 红色交叉承重带 - 背包与卷毯 - 鹿角形护肩 - 青色灯罐 - 胡须、沉重眼神 角色归属：独立冒险者，不是 CH-004 大叔。 用途：H3 / Ref2VA 候选参考）,其他Canvas: CH-013｜冒险者 状态：四格候选 比例：9:16 锁定： - 壮硕成年体型 - 黑蓝披肩与紫色布层 - 红色交叉承重带 - 背包与卷毯 - 鹿角形护肩 - 青色灯罐 - 胡须、沉重眼神 角色归属：独立冒险者，不是 CH-004 大叔。 用途：H3 / Ref2VA 候选参考,仅其他Canvas有图片直链,03_角色/角色库/角色总Canvas.canvas,png,941,1672,1915765,0533b895de5ddbc9ba328d1140004d290e400480aaca3780c4e52a2c0a54ff1a,PASS_PNG,,沿用原库审核状态；此包不把候选/STAGING提升为定稿
LLL-R-0005,角色库,角色库素材,角色库图片｜02_H3专用角色库｜CH-013 冒险者 用户参考 原图,文件名与目录层级；未逐张人工视觉描述,01_角色库_图片.zip,images/黎黎隆项目/03_角色/角色库/02_H3专用角色库/assets/CH-013/CH-013_冒险者_用户参考_原图.png,黎黎隆项目/03_角色/角色库/02_H3专用角色库/assets/CH-013/CH-013_冒险者_用户参考_原图.png,03_角色/角色库/02_H3专用角色库/assets/CH-013/CH-013_冒险者_用户参考_原图.png,,03_角色/角色库/02_H3专用角色库/H3角色库总索引.md | 03_角色/角色库/02_H3专用角色库/CH-003_逃票魔法学徒_H3.md | 03_角色/角色库/02_H3专用角色库/CH-005_黎黎_H3.md,最近目录索引/说明（非逐图直引）,,,,未找到图片直接节点,03_角色/角色库/角色总Canvas.canvas,png,1222,1287,2143052,f80b339d281bb849044625a0f80ade1a82204acdc30ca6e41bc5def3cd6f361e,PASS_PNG,,沿用原库审核状态；此包不把候选/STAGING提升为定稿
LLL-R-0006,角色库,角色库素材,角色库图片｜02_H3专用角色库｜CH-014 未命名角色 图二参考 H3四格卡 v1,文件名与目录层级；未逐张人工视觉描述,01_角色库_图片.zip,images/黎黎隆项目/03_角色/角色库/02_H3专用角色库/assets/CH-014/CH-014_未命名角色_图二参考_H3四格卡_v1.png,黎黎隆项目/03_角色/角色库/02_H3专用角色库/assets/CH-014/CH-014_未命名角色_图二参考_H3四格卡_v1.png,03_角色/角色库/02_H3专用角色库/assets/CH-014/CH-014_未命名角色_图二参考_H3四格卡_v1.png,,03_角色/角色库/02_H3专用角色库/H3角色库总索引.md | 03_角色/角色库/02_H3专用角色库/CH-003_逃票魔法学徒_H3.md | 03_角色/角色库/02_H3专用角色库/CH-005_黎黎_H3.md,最近目录索引/说明（非逐图直引）,,,,未找到图片直接节点,03_角色/角色库/角色总Canvas.canvas,png,941,1672,2170479,e6bd11543240ec9c37b70fc8b37a2b4817ab5b3e72529e043c51c2d82e72f51d,PASS_PNG,黎黎隆项目/03_角色/角色库/02_H3专用角色库/assets/NPC-01/NPC-01_披肩居民_H3四格候选01.png,沿用原库审核状态；此包不把候选/STAGING提升为定稿
LLL-R-0007,角色库,角色库素材,角色库图片｜02_H3专用角色库｜CH-014 用户图二 原始参考副本,文件名与目录层级；未逐张人工视觉描述,01_角色库_图片.zip,images/黎黎隆项目/03_角色/角色库/02_H3专用角色库/assets/CH-014/CH-014_用户图二_原始参考副本.png,黎黎隆项目/03_角色/角色库/02_H3专用角色库/assets/CH-014/CH-014_用户图二_原始参考副本.png,03_角色/角色库/02_H3专用角色库/assets/CH-014/CH-014_用户图二_原始参考副本.png,,03_角色/角色库/02_H3专用角色库/H3角色库总索引.md | 03_角色/角色库/02_H3专用角色库/CH-003_逃票魔法学徒_H3.md | 03_角色/角色库/02_H3专用角色库/CH-005_黎黎_H3.md,最近目录索引/说明（非逐图直引）,,,,未找到图片直接节点,03_角色/角色库/角色总Canvas.canvas,png,1024,1536,2568936,9bfff495803062cf29ad772aaa97b1fd576f99b3906ab82e188d1347bdf920c5,PASS_PNG,黎黎隆项目/03_角色/角色库/06_assets/CH-005/黎黎隆_角色风格总规验证_候选01.png,沿用原库审核状态；此包不把候选/STAGING提升为定稿
LLL-R-0008,角色库,角色库素材,角色库图片｜02_H3专用角色库｜NPC-01 披肩居民 H3四格候选01,文件名与目录层级；未逐张人工视觉描述,01_角色库_图片.zip,images/黎黎隆项目/03_角色/角色库/02_H3专用角色库/assets/NPC-01/NPC-01_披肩居民_H3四格候选01.png,黎黎隆项目/03_角色/角色库/02_H3专用角色库/assets/NPC-01/NPC-01_披肩居民_H3四格候选01.png,03_角色/角色库/02_H3专用角色库/assets/NPC-01/NPC-01_披肩居民_H3四格候选01.png,,03_角色/角色库/02_H3专用角色库/H3角色库总索引.md | 03_角色/角色库/02_H3专用角色库/CH-003_逃票魔法学徒_H3.md | 03_角色/角色库/02_H3专用角色库/CH-005_黎黎_H3.md,最近目录索引/说明（非逐图直引）,,其他Canvas: 03_角色/角色库/02_H3专用角色库/NPC-01_待命名披肩居民_H3.canvas#npc01h3000000001（邻近文字：NPC-01｜待命名披肩居民 状态：四格候选 比例：9:16 锚点： - 红发、浅色宽披肩 - 深色内层 - 侧头部识别件 - 安静、疏离的视觉气质 角色来源：黎黎隆角色风格总规验证候选01.png 归属：NPC-01，独立于 CH-005 黎黎。 用途：H3 / Ref2VA 候选参考）,其他Canvas: NPC-01｜待命名披肩居民 状态：四格候选 比例：9:16 锚点： - 红发、浅色宽披肩 - 深色内层 - 侧头部识别件 - 安静、疏离的视觉气质 角色来源：黎黎隆角色风格总规验证候选01.png 归属：NPC-01，独立于 CH-005 黎黎。 用途：H3 / Ref2VA 候选参考,仅其他Canvas有图片直链,03_角色/角色库/角色总Canvas.canvas,png,941,1672,2170479,e6bd11543240ec9c37b70fc8b37a2b4817ab5b3e72529e043c51c2d82e72f51d,PASS_PNG,黎黎隆项目/03_角色/角色库/02_H3专用角色库/assets/CH-014/CH-014_未命名角色_图二参考_H3四格卡_v1.png,沿用原库审核状态；此包不把候选/STAGING提升为定稿
LLL-R-0009,角色库,角色库素材,角色库图片｜03_线A_S卡19人｜S01,文件名与目录层级；未逐张人工视觉描述,01_角色库_图片.zip,images/黎黎隆项目/03_角色/角色库/03_线A_S卡19人/S01.png,黎黎隆项目/03_角色/角色库/03_线A_S卡19人/S01.png,03_角色/角色库/03_线A_S卡19人/S01.png,,03_角色/角色库/03_线A_S卡19人/三轮挑选排序与裁切目录.md | 03_角色/角色库/03_线A_S卡19人/02_线A_独立探索19人.md | 03_角色/角色库/03_线A_S卡19人/03_19位外貌因果与主十元候选.md,最近目录索引/说明（非逐图直引）,,,,未找到图片直接节点,03_角色/角色库/角色总Canvas.canvas,png,137,134,32740,3481ea1bfff66afafdd8b9aad98cd6ff78d6d0014807564a8ae3868c9faea611,PASS_PNG,黎黎隆项目/03_角色/角色库/05_头像与高清素材/头像切片79/S01.png,沿用原库审核状态；此包不把候选/STAGING提升为定稿
LLL-R-0010,角色库,角色库素材,角色库图片｜03_线A_S卡19人｜S01 new,文件名与目录层级；未逐张人工视觉描述,01_角色库_图片.zip,images/黎黎隆项目/03_角色/角色库/03_线A_S卡19人/S01_new.png,黎黎隆项目/03_角色/角色库/03_线A_S卡19人/S01_new.png,03_角色/角色库/03_线A_S卡19人/S01_new.png,,03_角色/角色库/03_线A_S卡19人/三轮挑选排序与裁切目录.md | 03_角色/角色库/03_线A_S卡19人/02_线A_独立探索19人.md | 03_角色/角色库/03_线A_S卡19人/03_19位外貌因果与主十元候选.md,最近目录索引/说明（非逐图直引）,,,,未找到图片直接节点,03_角色/角色库/角色总Canvas.canvas,png,311,310,123896,68a657c6b3507f90a44fb5ceee562165aa89fd2b9412ea0365bb23400c13e797,PASS_PNG,黎黎隆项目/03_角色/角色库/05_头像与高清素材/头像切片79/S01_new.png,沿用原库审核状态；此包不把候选/STAGING提升为定稿
LLL-R-0011,角色库,角色库素材,角色库图片｜03_线A_S卡19人｜S02,文件名与目录层级；未逐张人工视觉描述,01_角色库_图片.zip,images/黎黎隆项目/03_角色/角色库/03_线A_S卡19人/S02.png,黎黎隆项目/03_角色/角色库/03_线A_S卡19人/S02.png,03_角色/角色库/03_线A_S卡19人/S02.png,,03_角色/角色库/03_线A_S卡19人/三轮挑选排序与裁切目录.md | 03_角色/角色库/03_线A_S卡19人/02_线A_独立探索19人.md | 03_角色/角色库/03_线A_S卡19人/03_19位外貌因果与主十元候选.md,最近目录索引/说明（非逐图直引）,,,,未找到图片直接节点,03_角色/角色库/角色总Canvas.canvas,png,134,145,41160,f5507017b155d1bab1e268163dd6bcb7bfd1bc91f8a71d67ca7c34ef5d57028c,PASS_PNG,黎黎隆项目/03_角色/角色库/05_头像与高清素材/头像切片79/S02.png,沿用原库审核状态；此包不把候选/STAGING提升为定稿
LLL-R-0012,角色库,角色库素材,角色库图片｜03_线A_S卡19人｜S03,文件名与目录层级；未逐张人工视觉描述,01_角色库_图片.zip,images/黎黎隆项目/03_角色/角色库/03_线A_S卡19人/S03.png,黎黎隆项目/03_角色/角色库/03_线A_S卡19人/S03.png,03_角色/角色库/03_线A_S卡19人/S03.png,,03_角色/角色库/03_线A_S卡19人/三轮挑选排序与裁切目录.md | 03_角色/角色库/03_线A_S卡19人/02_线A_独立探索19人.md | 03_角色/角色库/03_线A_S卡19人/03_19位外貌因果与主十元候选.md,最近目录索引/说明（非逐图直引）,,,,未找到图片直接节点,03_角色/角色库/角色总Canvas.canvas,png,128,146,32499,81bdfb23ea2cf99d18aec0640f4e21b95ef1933e218d6206d525ed3ceeb3ac52,PASS_PNG,黎黎隆项目/03_角色/角色库/05_头像与高清素材/头像切片79/S03.png,沿用原库审核状态；此包不把候选/STAGING提升为定稿
LLL-R-0013,角色库,角色库素材,角色库图片｜03_线A_S卡19人｜S03 new,文件名与目录层级；未逐张人工视觉描述,01_角色库_图片.zip,images/黎黎隆项目/03_角色/角色库/03_线A_S卡19人/S03_new.png,黎黎隆项目/03_角色/角色库/03_线A_S卡19人/S03_new.png,03_角色/角色库/03_线A_S卡19人/S03_new.png,,03_角色/角色库/03_线A_S卡19人/三轮挑选排序与裁切目录.md | 03_角色/角色库/03_线A_S卡19人/02_线A_独立探索19人.md | 03_角色/角色库/03_线A_S卡19人/03_19位外貌因果与主十元候选.md,最近目录索引/说明（非逐图直引）,,,,未找到图片直接节点,03_角色/角色库/角色总Canvas.canvas,png,311,311,129735,b6ed42b70307ff9e995008f0b607c2f5a978272914e6d8a41a8462c09fd8d678,PASS_PNG,黎黎隆项目/03_角色/角色库/05_头像与高清素材/头像切片79/S03_new.png,沿用原库审核状态；此包不把候选/STAGING提升为定稿
LLL-R-0014,角色库,角色库素材,角色库图片｜03_线A_S卡19人｜S03b new,文件名与目录层级；未逐张人工视觉描述,01_角色库_图片.zip,images/黎黎隆项目/03_角色/角色库/03_线A_S卡19人/S03b_new.png,黎黎隆项目/03_角色/角色库/03_线A_S卡19人/S03b_new.png,03_角色/角色库/03_线A_S卡19人/S03b_new.png,,03_角色/角色库/03_线A_S卡19人/三轮挑选排序与裁切目录.md | 03_角色/角色库/03_线A_S卡19人/02_线A_独立探索19人.md | 03_角色/角色库/03_线A_S卡19人/03_19位外貌因果与主十元候选.md,最近目录索引/说明（非逐图直引）,,,,未找到图片直接节点,03_角色/角色库/角色总Canvas.canvas,png,311,310,145478,fb1706a7314d9062a749475821bb9d9c1432fe61aa8c4b13a8f9ea6ea3da001e,PASS_PNG,黎黎隆项目/03_角色/角色库/05_头像与高清素材/头像切片79/S03b_new.png,沿用原库审核状态；此包不把候选/STAGING提升为定稿
LLL-R-0015,角色库,角色库素材,角色库图片｜03_线A_S卡19人｜S04,文件名与目录层级；未逐张人工视觉描述,01_角色库_图片.zip,images/黎黎隆项目/03_角色/角色库/03_线A_S卡19人/S04.png,黎黎隆项目/03_角色/角色库/03_线A_S卡19人/S04.png,03_角色/角色库/03_线A_S卡19人/S04.png,,03_角色/角色库/03_线A_S卡19人/三轮挑选排序与裁切目录.md | 03_角色/角色库/03_线A_S卡19人/02_线A_独立探索19人.md | 03_角色/角色库/03_线A_S卡19人/03_19位外貌因果与主十元候选.md,最近目录索引/说明（非逐图直引）,,,,未找到图片直接节点,03_角色/角色库/角色总Canvas.canvas,png,150,153,37783,2a3228a4fe2dba7863b34dde2bfae45ef8bd1005e61353f133385a76b88e086a,PASS_PNG,黎黎隆项目/03_角色/角色库/05_头像与高清素材/头像切片79/S04.png,沿用原库审核状态；此包不把候选/STAGING提升为定稿
LLL-R-0016,角色库,角色库素材,角色库图片｜03_线A_S卡19人｜S05,文件名与目录层级；未逐张人工视觉描述,01_角色库_图片.zip,images/黎黎隆项目/03_角色/角色库/03_线A_S卡19人/S05.png,黎黎隆项目/03_角色/角色库/03_线A_S卡19人/S05.png,03_角色/角色库/03_线A_S卡19人/S05.png,,03_角色/角色库/03_线A_S卡19人/三轮挑选排序与裁切目录.md | 03_角色/角色库/03_线A_S卡19人/02_线A_独立探索19人.md | 03_角色/角色库/03_线A_S卡19人/03_19位外貌因果与主十元候选.md,最近目录索引/说明（非逐图直引）,,,,未找到图片直接节点,03_角色/角色库/角色总Canvas.canvas,png,158,130,38400,8d703e63d39ccd1f51390293bdcdbbae0680c266ea7ddb183bdfaadd57be5966,PASS_PNG,黎黎隆项目/03_角色/角色库/05_头像与高清素材/头像切片79/S05.png,沿用原库审核状态；此包不把候选/STAGING提升为定稿
LLL-R-0017,角色库,角色库素材,角色库图片｜03_线A_S卡19人｜S06,文件名与目录层级；未逐张人工视觉描述,01_角色库_图片.zip,images/黎黎隆项目/03_角色/角色库/03_线A_S卡19人/S06.png,黎黎隆项目/03_角色/角色库/03_线A_S卡19人/S06.png,03_角色/角色库/03_线A_S卡19人/S06.png,,03_角色/角色库/03_线A_S卡19人/三轮挑选排序与裁切目录.md | 03_角色/角色库/03_线A_S卡19人/02_线A_独立探索19人.md | 03_角色/角色库/03_线A_S卡19人/03_19位外貌因果与主十元候选.md,最近目录索引/说明（非逐图直引）,主角色Canvas: 03_角色/角色库/角色总Canvas.canvas#band_S06_avatar（邻近文字：S06 红发垂饰者｜个人色 暗红）,,主角色Canvas: S06 红发垂饰者｜个人色 暗红,主Canvas有图片直链,03_角色/角色库/角色总Canvas.canvas,png,152,144,44660,2739273937edd65ceb7110047bf7a0cd740c280ab0311e57b85bb88494b493ce,PASS_PNG,黎黎隆项目/03_角色/角色库/05_头像与高清素材/头像切片79/S06.png,沿用原库审核状态；此包不把候选/STAGING提升为定稿
LLL-R-0018,角色库,角色库素材,角色库图片｜03_线A_S卡19人｜S07,文件名与目录层级；未逐张人工视觉描述,01_角色库_图片.zip,images/黎黎隆项目/03_角色/角色库/03_线A_S卡19人/S07.png,黎黎隆项目/03_角色/角色库/03_线A_S卡19人/S07.png,03_角色/角色库/03_线A_S卡19人/S07.png,,03_角色/角色库/03_线A_S卡19人/三轮挑选排序与裁切目录.md | 03_角色/角色库/03_线A_S卡19人/02_线A_独立探索19人.md | 03_角色/角色库/03_线A_S卡19人/03_19位外貌因果与主十元候选.md,最近目录索引/说明（非逐图直引）,,,,未找到图片直接节点,03_角色/角色库/角色总Canvas.canvas,png,158,145,42313,042145a5a4a6695b9acce4f45325b59d5faaedce36d101b249e62632078ccc87,PASS_PNG,黎黎隆项目/03_角色/角色库/05_头像与高清素材/头像切片79/S07.png,沿用原库审核状态；此包不把候选/STAGING提升为定稿
LLL-R-0019,角色库,角色库素材,角色库图片｜03_线A_S卡19人｜S08,文件名与目录层级；未逐张人工视觉描述,01_角色库_图片.zip,images/黎黎隆项目/03_角色/角色库/03_线A_S卡19人/S08.png,黎黎隆项目/03_角色/角色库/03_线A_S卡19人/S08.png,03_角色/角色库/03_线A_S卡19人/S08.png,,03_角色/角色库/03_线A_S卡19人/三轮挑选排序与裁切目录.md | 03_角色/角色库/03_线A_S卡19人/02_线A_独立探索19人.md | 03_角色/角色库/03_线A_S卡19人/03_19位外貌因果与主十元候选.md,最近目录索引/说明（非逐图直引）,,,,未找到图片直接节点,03_角色/角色库/角色总Canvas.canvas,png,143,146,35583,219a391376c15a235909e6fc0d8138c335586505b78b517771712ad010d754b8,PASS_PNG,黎黎隆项目/03_角色/角色库/05_头像与高清素材/头像切片79/S08.png,沿用原库审核状态；此包不把候选/STAGING提升为定稿
LLL-R-0020,角色库,角色库素材,角色库图片｜03_线A_S卡19人｜S09,文件名与目录层级；未逐张人工视觉描述,01_角色库_图片.zip,images/黎黎隆项目/03_角色/角色库/03_线A_S卡19人/S09.png,黎黎隆项目/03_角色/角色库/03_线A_S卡19人/S09.png,03_角色/角色库/03_线A_S卡19人/S09.png,,03_角色/角色库/03_线A_S卡19人/三轮挑选排序与裁切目录.md | 03_角色/角色库/03_线A_S卡19人/02_线A_独立探索19人.md | 03_角色/角色库/03_线A_S卡19人/03_19位外貌因果与主十元候选.md,最近目录索引/说明（非逐图直引）,,,,未找到图片直接节点,03_角色/角色库/角色总Canvas.canvas,png,340,310,174115,3fb5d1735086f389e803c8796f2831217075407c2d416095045673beb884a865,PASS_PNG,黎黎隆项目/03_角色/角色库/05_头像与高清素材/头像切片79/S09.png,沿用原库审核状态；此包不把候选/STAGING提升为定稿
LLL-R-0021,角色库,角色库素材,角色库图片｜03_线A_S卡19人｜S10,文件名与目录层级；未逐张人工视觉描述,01_角色库_图片.zip,images/黎黎隆项目/03_角色/角色库/03_线A_S卡19人/S10.png,黎黎隆项目/03_角色/角色库/03_线A_S卡19人/S10.png,03_角色/角色库/03_线A_S卡19人/S10.png,,03_角色/角色库/03_线A_S卡19人/三轮挑选排序与裁切目录.md | 03_角色/角色库/03_线A_S卡19人/02_线A_独立探索19人.md | 03_角色/角色库/03_线A_S卡19人/03_19位外貌因果与主十元候选.md,最近目录索引/说明（非逐图直引）,,,,未找到图片直接节点,03_角色/角色库/角色总Canvas.canvas,png,263,319,146286,21db31fe107d3246128bbafb0dc2d58c0c99cf6b8f1409918db3669bd677da2f,PASS_PNG,黎黎隆项目/03_角色/角色库/05_头像与高清素材/头像切片79/S10.png,沿用原库审核状态；此包不把候选/STAGING提升为定稿
LLL-R-0022,角色库,角色库素材,角色库图片｜03_线A_S卡19人｜S11,文件名与目录层级；未逐张人工视觉描述,01_角色库_图片.zip,images/黎黎隆项目/03_角色/角色库/03_线A_S卡19人/S11.png,黎黎隆项目/03_角色/角色库/03_线A_S卡19人/S11.png,03_角色/角色库/03_线A_S卡19人/S11.png,,03_角色/角色库/03_线A_S卡19人/三轮挑选排序与裁切目录.md | 03_角色/角色库/03_线A_S卡19人/02_线A_独立探索19人.md | 03_角色/角色库/03_线A_S卡19人/03_19位外貌因果与主十元候选.md,最近目录索引/说明（非逐图直引）,,,,未找到图片直接节点,03_角色/角色库/角色总Canvas.canvas,png,320,345,191825,69c862089d7aa48402366c8ef716f4cf3fb88e7bf23e4a35309adfbbe005b108,PASS_PNG,黎黎隆项目/03_角色/角色库/05_头像与高清素材/头像切片79/S11.png,沿用原库审核状态；此包不把候选/STAGING提升为定稿
LLL-R-0023,角色库,角色库素材,角色库图片｜03_线A_S卡19人｜S12,文件名与目录层级；未逐张人工视觉描述,01_角色库_图片.zip,images/黎黎隆项目/03_角色/角色库/03_线A_S卡19人/S12.png,黎黎隆项目/03_角色/角色库/03_线A_S卡19人/S12.png,03_角色/角色库/03_线A_S卡19人/S12.png,,03_角色/角色库/03_线A_S卡19人/三轮挑选排序与裁切目录.md | 03_角色/角色库/03_线A_S卡19人/02_线A_独立探索19人.md | 03_角色/角色库/03_线A_S卡19人/03_19位外貌因果与主十元候选.md,最近目录索引/说明（非逐图直引）,,,,未找到图片直接节点,03_角色/角色库/角色总Canvas.canvas,png,295,350,174006,2770f841616161be8f36df87ad20eae2c55c341b0c356e6efcd0401f1552f471,PASS_PNG,黎黎隆项目/03_角色/角色库/05_头像与高清素材/头像切片79/S12.png,沿用原库审核状态；此包不把候选/STAGING提升为定稿
LLL-R-0024,角色库,角色库素材,角色库图片｜03_线A_S卡19人｜S13,文件名与目录层级；未逐张人工视觉描述,01_角色库_图片.zip,images/黎黎隆项目/03_角色/角色库/03_线A_S卡19人/S13.png,黎黎隆项目/03_角色/角色库/03_线A_S卡19人/S13.png,03_角色/角色库/03_线A_S卡19人/S13.png,,03_角色/角色库/03_线A_S卡19人/三轮挑选排序与裁切目录.md | 03_角色/角色库/03_线A_S卡19人/02_线A_独立探索19人.md | 03_角色/角色库/03_线A_S卡19人/03_19位外貌因果与主十元候选.md,最近目录索引/说明（非逐图直引）,,,,未找到图片直接节点,03_角色/角色库/角色总Canvas.canvas,png,135,132,35994,d0f323fb83bcd1a27c72d22271077c2039a9707bf19b9651cba7734135b40b4e,PASS_PNG,黎黎隆项目/03_角色/角色库/05_头像与高清素材/头像切片79/S13.png,沿用原库审核状态；此包不把候选/STAGING提升为定稿
LLL-R-0025,角色库,角色库素材,角色库图片｜03_线A_S卡19人｜S13 new,文件名与目录层级；未逐张人工视觉描述,01_角色库_图片.zip,images/黎黎隆项目/03_角色/角色库/03_线A_S卡19人/S13_new.png,黎黎隆项目/03_角色/角色库/03_线A_S卡19人/S13_new.png,03_角色/角色库/03_线A_S卡19人/S13_new.png,,03_角色/角色库/03_线A_S卡19人/三轮挑选排序与裁切目录.md | 03_角色/角色库/03_线A_S卡19人/02_线A_独立探索19人.md | 03_角色/角色库/03_线A_S卡19人/03_19位外貌因果与主十元候选.md,最近目录索引/说明（非逐图直引）,,,,未找到图片直接节点,03_角色/角色库/角色总Canvas.canvas,png,311,311,148036,153122005a6b8e9896999aa2b4b400c5baec8003be86a92d1bf89604d1bb10bc,PASS_PNG,黎黎隆项目/03_角色/角色库/05_头像与高清素材/头像切片79/S13_new.png,沿用原库审核状态；此包不把候选/STAGING提升为定稿
LLL-R-0026,角色库,角色库素材,角色库图片｜03_线A_S卡19人｜S14,文件名与目录层级；未逐张人工视觉描述,01_角色库_图片.zip,images/黎黎隆项目/03_角色/角色库/03_线A_S卡19人/S14.png,黎黎隆项目/03_角色/角色库/03_线A_S卡19人/S14.png,03_角色/角色库/03_线A_S卡19人/S14.png,,03_角色/角色库/03_线A_S卡19人/三轮挑选排序与裁切目录.md | 03_角色/角色库/03_线A_S卡19人/02_线A_独立探索19人.md | 03_角色/角色库/03_线A_S卡19人/03_19位外貌因果与主十元候选.md,最近目录索引/说明（非逐图直引）,,,,未找到图片直接节点,03_角色/角色库/角色总Canvas.canvas,png,145,132,38520,645717a228c01a656866a40c94761b3d8d46d987f7d020f6ccfbc9b92e3fa425,PASS_PNG,黎黎隆项目/03_角色/角色库/05_头像与高清素材/头像切片79/S14.png,沿用原库审核状态；此包不把候选/STAGING提升为定稿
LLL-R-0027,角色库,角色库素材,角色库图片｜03_线A_S卡19人｜S14 new,文件名与目录层级；未逐张人工视觉描述,01_角色库_图片.zip,images/黎黎隆项目/03_角色/角色库/03_线A_S卡19人/S14_new.png,黎黎隆项目/03_角色/角色库/03_线A_S卡19人/S14_new.png,03_角色/角色库/03_线A_S卡19人/S14_new.png,,03_角色/角色库/03_线A_S卡19人/三轮挑选排序与裁切目录.md | 03_角色/角色库/03_线A_S卡19人/02_线A_独立探索19人.md | 03_角色/角色库/03_线A_S卡19人/03_19位外貌因果与主十元候选.md,最近目录索引/说明（非逐图直引）,,,,未找到图片直接节点,03_角色/角色库/角色总Canvas.canvas,png,311,311,153487,64bcf3195e0d76f12b8df1efa77309d3cba95069aca8fe25eba51515b3e7e791,PASS_PNG,黎黎隆项目/03_角色/角色库/05_头像与高清素材/头像切片79/S14_new.png,沿用原库审核状态；此包不把候选/STAGING提升为定稿
LLL-R-0028,角色库,角色库素材,角色库图片｜03_线A_S卡19人｜S15,文件名与目录层级；未逐张人工视觉描述,01_角色库_图片.zip,images/黎黎隆项目/03_角色/角色库/03_线A_S卡19人/S15.png,黎黎隆项目/03_角色/角色库/03_线A_S卡19人/S15.png,03_角色/角色库/03_线A_S卡19人/S15.png,,03_角色/角色库/03_线A_S卡19人/三轮挑选排序与裁切目录.md | 03_角色/角色库/03_线A_S卡19人/02_线A_独立探索19人.md | 03_角色/角色库/03_线A_S卡19人/03_19位外貌因果与主十元候选.md,最近目录索引/说明（非逐图直引）,,,,未找到图片直接节点,03_角色/角色库/角色总Canvas.canvas,png,148,132,32236,f3946898daa6bcaf33461d3b60cdeff783f4f67641e9a52ef237b45f46c1d42b,PASS_PNG,黎黎隆项目/03_角色/角色库/05_头像与高清素材/头像切片79/S15.png,沿用原库审核状态；此包不把候选/STAGING提升为定稿
LLL-R-0029,角色库,角色库素材,角色库图片｜03_线A_S卡19人｜S16,文件名与目录层级；未逐张人工视觉描述,01_角色库_图片.zip,images/黎黎隆项目/03_角色/角色库/03_线A_S卡19人/S16.png,黎黎隆项目/03_角色/角色库/03_线A_S卡19人/S16.png,03_角色/角色库/03_线A_S卡19人/S16.png,,03_角色/角色库/03_线A_S卡19人/三轮挑选排序与裁切目录.md | 03_角色/角色库/03_线A_S卡19人/02_线A_独立探索19人.md | 03_角色/角色库/03_线A_S卡19人/03_19位外貌因果与主十元候选.md,最近目录索引/说明（非逐图直引）,,,,未找到图片直接节点,03_角色/角色库/角色总Canvas.canvas,png,145,155,36239,3d69f0049ba3f2a1809f048197eb99c4891329916f6a51f10123ac1237d1cd8e,PASS_PNG,黎黎隆项目/03_角色/角色库/05_头像与高清素材/头像切片79/S16.png,沿用原库审核状态；此包不把候选/STAGING提升为定稿
LLL-R-0030,角色库,角色库素材,角色库图片｜03_线A_S卡19人｜S16 new,文件名与目录层级；未逐张人工视觉描述,01_角色库_图片.zip,images/黎黎隆项目/03_角色/角色库/03_线A_S卡19人/S16_new.png,黎黎隆项目/03_角色/角色库/03_线A_S卡19人/S16_new.png,03_角色/角色库/03_线A_S卡19人/S16_new.png,,03_角色/角色库/03_线A_S卡19人/三轮挑选排序与裁切目录.md | 03_角色/角色库/03_线A_S卡19人/02_线A_独立探索19人.md | 03_角色/角色库/03_线A_S卡19人/03_19位外貌因果与主十元候选.md,最近目录索引/说明（非逐图直引）,,,,未找到图片直接节点,03_角色/角色库/角色总Canvas.canvas,png,311,311,145424,b2566cc7fed7dd64bfdac95bd4d5321df4cf53995ac07108703f71d861ecc165,PASS_PNG,黎黎隆项目/03_角色/角色库/05_头像与高清素材/头像切片79/S16_new.png,沿用原库审核状态；此包不把候选/STAGING提升为定稿
LLL-R-0031,角色库,角色库素材,角色库图片｜03_线A_S卡19人｜S17,文件名与目录层级；未逐张人工视觉描述,01_角色库_图片.zip,images/黎黎隆项目/03_角色/角色库/03_线A_S卡19人/S17.png,黎黎隆项目/03_角色/角色库/03_线A_S卡19人/S17.png,03_角色/角色库/03_线A_S卡19人/S17.png,,03_角色/角色库/03_线A_S卡19人/三轮挑选排序与裁切目录.md | 03_角色/角色库/03_线A_S卡19人/02_线A_独立探索19人.md | 03_角色/角色库/03_线A_S卡19人/03_19位外貌因果与主十元候选.md,最近目录索引/说明（非逐图直引）,,,,未找到图片直接节点,03_角色/角色库/角色总Canvas.canvas,png,166,188,59580,2fb806cfda988deaaaa94ba564e9ebbdc8ecd429cd9aa9d2476e43c0b3cd1f82,PASS_PNG,黎黎隆项目/03_角色/角色库/05_头像与高清素材/头像切片79/S17.png,沿用原库审核状态；此包不把候选/STAGING提升为定稿
LLL-R-0032,角色库,角色库素材,角色库图片｜03_线A_S卡19人｜S17 new,文件名与目录层级；未逐张人工视觉描述,01_角色库_图片.zip,images/黎黎隆项目/03_角色/角色库/03_线A_S卡19人/S17_new.png,黎黎隆项目/03_角色/角色库/03_线A_S卡19人/S17_new.png,03_角色/角色库/03_线A_S卡19人/S17_new.png,,03_角色/角色库/03_线A_S卡19人/三轮挑选排序与裁切目录.md | 03_角色/角色库/03_线A_S卡19人/02_线A_独立探索19人.md | 03_角色/角色库/03_线A_S卡19人/03_19位外貌因果与主十元候选.md,最近目录索引/说明（非逐图直引）,,,,未找到图片直接节点,03_角色/角色库/角色总Canvas.canvas,png,402,451,258029,4db434ec9a11981095cb4e34cd22ecd7e4327f05190bd30dbde68f58d93740f3,PASS_PNG,黎黎隆项目/03_角色/角色库/05_头像与高清素材/头像切片79/S17_new.png,沿用原库审核状态；此包不把候选/STAGING提升为定稿
LLL-R-0033,角色库,角色库素材,角色库图片｜03_线A_S卡19人｜S18,文件名与目录层级；未逐张人工视觉描述,01_角色库_图片.zip,images/黎黎隆项目/03_角色/角色库/03_线A_S卡19人/S18.png,黎黎隆项目/03_角色/角色库/03_线A_S卡19人/S18.png,03_角色/角色库/03_线A_S卡19人/S18.png,,03_角色/角色库/03_线A_S卡19人/三轮挑选排序与裁切目录.md | 03_角色/角色库/03_线A_S卡19人/02_线A_独立探索19人.md | 03_角色/角色库/03_线A_S卡19人/03_19位外貌因果与主十元候选.md,最近目录索引/说明（非逐图直引）,,,,未找到图片直接节点,03_角色/角色库/角色总Canvas.canvas,png,170,175,53807,2b43700347286daf067588073afb0edd0660a2ff97c7f8d8eb613bf491d85610,PASS_PNG,黎黎隆项目/03_角色/角色库/05_头像与高清素材/头像切片79/S18.png,沿用原库审核状态；此包不把候选/STAGING提升为定稿
LLL-R-0034,角色库,角色库素材,角色库图片｜03_线A_S卡19人｜S18 new,文件名与目录层级；未逐张人工视觉描述,01_角色库_图片.zip,images/黎黎隆项目/03_角色/角色库/03_线A_S卡19人/S18_new.png,黎黎隆项目/03_角色/角色库/03_线A_S卡19人/S18_new.png,03_角色/角色库/03_线A_S卡19人/S18_new.png,,03_角色/角色库/03_线A_S卡19人/三轮挑选排序与裁切目录.md | 03_角色/角色库/03_线A_S卡19人/02_线A_独立探索19人.md | 03_角色/角色库/03_线A_S卡19人/03_19位外貌因果与主十元候选.md,最近目录索引/说明（非逐图直引）,,,,未找到图片直接节点,03_角色/角色库/角色总Canvas.canvas,png,402,451,218172,0d12e25840b9e8d48e571ea2ecfe924af4475b8549c01f04bc8b9186baa85dc4,PASS_PNG,黎黎隆项目/03_角色/角色库/05_头像与高清素材/头像切片79/S18_new.png,沿用原库审核状态；此包不把候选/STAGING提升为定稿
LLL-R-0035,角色库,角色库素材,角色库图片｜03_线A_S卡19人｜S19,文件名与目录层级；未逐张人工视觉描述,01_角色库_图片.zip,images/黎黎隆项目/03_角色/角色库/03_线A_S卡19人/S19.png,黎黎隆项目/03_角色/角色库/03_线A_S卡19人/S19.png,03_角色/角色库/03_线A_S卡19人/S19.png,,03_角色/角色库/03_线A_S卡19人/三轮挑选排序与裁切目录.md | 03_角色/角色库/03_线A_S卡19人/02_线A_独立探索19人.md | 03_角色/角色库/03_线A_S卡19人/03_19位外貌因果与主十元候选.md,最近目录索引/说明（非逐图直引）,,,,未找到图片直接节点,03_角色/角色库/角色总Canvas.canvas,png,405,451,233166,62650b688b3b2d182a2230917206b38ad1dc5e6fb80b93f6e8e522c059cee3b1,PASS_PNG,黎黎隆项目/03_角色/角色库/05_头像与高清素材/头像切片79/S19.png,沿用原库审核状态；此包不把候选/STAGING提升为定稿
LLL-R-0036,角色库,角色库素材,角色库图片｜03_线A_S卡19人｜S19 legacy 162x180,文件名与目录层级；未逐张人工视觉描述,01_角色库_图片.zip,images/黎黎隆项目/03_角色/角色库/03_线A_S卡19人/S19_legacy_162x180.png,黎黎隆项目/03_角色/角色库/03_线A_S卡19人/S19_legacy_162x180.png,03_角色/角色库/03_线A_S卡19人/S19_legacy_162x180.png,,03_角色/角色库/03_线A_S卡19人/三轮挑选排序与裁切目录.md | 03_角色/角色库/03_线A_S卡19人/02_线A_独立探索19人.md | 03_角色/角色库/03_线A_S卡19人/03_19位外貌因果与主十元候选.md,最近目录索引/说明（非逐图直引）,,,,未找到图片直接节点,03_角色/角色库/角色总Canvas.canvas,png,162,180,49908,780a94c96daa7516c605413f788089c9c2f7542968a0c7560ba75a312ad22fda,PASS_PNG,黎黎隆项目/03_角色/角色库/05_头像与高清素材/头像切片79/S19_legacy_162x180.png,沿用原库审核状态；此包不把候选/STAGING提升为定稿
LLL-R-0037,角色库,角色库素材,角色库图片｜04_线B_60池｜黎黎隆 统合地图 v0.2,文件名与目录层级；未逐张人工视觉描述,01_角色库_图片.zip,images/黎黎隆项目/03_角色/角色库/04_线B_60池/黎黎隆_统合地图_v0.2.svg,黎黎隆项目/03_角色/角色库/04_线B_60池/黎黎隆_统合地图_v0.2.svg,03_角色/角色库/04_线B_60池/黎黎隆_统合地图_v0.2.svg,03_角色/角色库/04_线B_60池/黎黎隆_角色头像总文件_按地方_v0.1.md,03_角色/角色库/04_线B_60池/黎黎隆_角色头像总文件_按地方_v0.1.md,Markdown直接引用,,,,未找到图片直接节点,03_角色/角色库/角色总Canvas.canvas,svg,0 0 1500 1160,0 0 1500 1160,22989,9e2d61d329b857a39b5342395a74679bd89cfa02e4fddc62087609519ee891f6,PASS_XML,黎黎隆项目/04_场景/02_场景资产图包/08_地图与全景/黎黎隆_统合地图_v0.2.svg,沿用原库审核状态；此包不把候选/STAGING提升为定稿
LLL-R-0038,角色库,角色库素材,角色库图片｜05_头像与高清素材｜大头联想角色 八款候选01,文件名与目录层级；未逐张人工视觉描述,01_角色库_图片.zip,images/黎黎隆项目/03_角色/角色库/05_头像与高清素材/大头联想源页/大头联想角色_八款候选01.png,黎黎隆项目/03_角色/角色库/05_头像与高清素材/大头联想源页/大头联想角色_八款候选01.png,03_角色/角色库/05_头像与高清素材/大头联想源页/大头联想角色_八款候选01.png,,03_角色/角色库/00_角色总索引.md,最近目录索引/说明（非逐图直引）,,其他Canvas: 01_世界观/03_NEW_CANDIDATES/头像色卡探索 与旧世界观融合/头像色卡探索 与旧世界观融合.before-fullbody-20260925.canvas#ac00000000000009 | 其他Canvas: 01_世界观/03_NEW_CANDIDATES/头像色卡探索 与旧世界观融合/头像色卡探索 与旧世界观融合.canvas#ac00000000000009,,仅其他Canvas有图片直链,03_角色/角色库/角色总Canvas.canvas,png,1674,939,1812701,51a451f10f75a0f80c0f1ac590bc89965ab57384d3d376f1e1ace2cf089a34c6,PASS_PNG,黎黎隆项目/03_角色/角色库/05_头像与高清素材/高清重绘12/exec-676e36c2-06c9-4d9d-937f-9a84aef2060e.png,沿用原库审核状态；此包不把候选/STAGING提升为定稿
LLL-R-0039,角色库,角色库素材,角色库图片｜05_头像与高清素材｜大头联想角色 八款候选02,文件名与目录层级；未逐张人工视觉描述,01_角色库_图片.zip,images/黎黎隆项目/03_角色/角色库/05_头像与高清素材/大头联想源页/大头联想角色_八款候选02.png,黎黎隆项目/03_角色/角色库/05_头像与高清素材/大头联想源页/大头联想角色_八款候选02.png,03_角色/角色库/05_头像与高清素材/大头联想源页/大头联想角色_八款候选02.png,,03_角色/角色库/00_角色总索引.md,最近目录索引/说明（非逐图直引）,,,,未找到图片直接节点,03_角色/角色库/角色总Canvas.canvas,png,1675,939,2139132,ed05eda4f1c7fc929eb914ac151a2e13a1139604d7348a737bf0eb29dc0de2aa,PASS_PNG,黎黎隆项目/03_角色/角色库/05_头像与高清素材/高清重绘12/exec-520ce96b-44f5-4045-959e-5f52358bc0ba.png,沿用原库审核状态；此包不把候选/STAGING提升为定稿
LLL-R-0040,角色库,角色库素材,角色库图片｜05_头像与高清素材｜大头联想角色 十五款3x5 候选03,文件名与目录层级；未逐张人工视觉描述,01_角色库_图片.zip,images/黎黎隆项目/03_角色/角色库/05_头像与高清素材/大头联想源页/大头联想角色_十五款3x5_候选03.png,黎黎隆项目/03_角色/角色库/05_头像与高清素材/大头联想源页/大头联想角色_十五款3x5_候选03.png,03_角色/角色库/05_头像与高清素材/大头联想源页/大头联想角色_十五款3x5_候选03.png,01_世界观/03_NEW_CANDIDATES/头像色卡探索 与旧世界观融合/02_角色等级与十元一句话_图文审核.md,01_世界观/03_NEW_CANDIDATES/头像色卡探索 与旧世界观融合/02_角色等级与十元一句话_图文审核.md,Markdown直接引用,,其他Canvas: 01_世界观/03_NEW_CANDIDATES/头像色卡探索 与旧世界观融合/头像色卡探索 与旧世界观融合.before-fullbody-20260925.canvas#ac00000000000008（邻近文字：五个发散视角 1. 身体与气候适配 2. 生态共居与非人生命 3. 共桌、短住、交换、进食与表演 4. 身份、声音与多主体同意 5. 路径、潮线与返身边界 H01–H30 每人五版，共 150 个候选入口；先综合为个人小世界，再向旧世界观提出可验证补遗。） | 其他Canvas: 01_世界观/03_NEW_CANDIDATES/头像色卡探索 与旧世界观融合/头像色卡探索 与旧世界观融合.canvas#ac00000000000008（邻近文字：五个发散视角 1. 身体与气候适配 2. 生态共居与非人生命 3. 共桌、短住、交换、进食与表演 4. 身份、声音与多主体同意 5. 路径、潮线与返身边界 H01–H30 每人五版，共 150 个候选入口；先综合为个人小世界，再向旧世界观提出可验证补遗。） | 其他Canvas: 01_世界观/03_NEW_CANDIDATES/头像角色小世界观_独立探索_2026-09-24/旧版头像角色小世界观_动态向量探索_H01-H30_历史.canvas#a100000000000003,其他Canvas: 五个发散视角 1. 身体与气候适配 2. 生态共居与非人生命 3. 共桌、短住、交换、进食与表演 4. 身份、声音与多主体同意 5. 路径、潮线与返身边界 H01–H30 每人五版，共 150 个候选入口；先综合为个人小世界，再向旧世界观提出可验证补遗。,仅其他Canvas有图片直链,03_角色/角色库/角色总Canvas.canvas,png,1619,971,2287445,44f188724da1f347757c4994e5d5a7aaf4bbb3aa1f8c56be2fd5804edff88b81,PASS_PNG,黎黎隆项目/03_角色/角色库/05_头像与高清素材/高清重绘12/exec-9f0699b9-9c8c-409a-ab72-28dfdce8d68d.png,沿用原库审核状态；此包不把候选/STAGING提升为定稿
LLL-R-0041,角色库,角色库素材,角色库图片｜05_头像与高清素材｜大头联想角色 十五款候选02,文件名与目录层级；未逐张人工视觉描述,01_角色库_图片.zip,images/黎黎隆项目/03_角色/角色库/05_头像与高清素材/大头联想源页/大头联想角色_十五款候选02.png,黎黎隆项目/03_角色/角色库/05_头像与高清素材/大头联想源页/大头联想角色_十五款候选02.png,03_角色/角色库/05_头像与高清素材/大头联想源页/大头联想角色_十五款候选02.png,,03_角色/角色库/00_角色总索引.md,最近目录索引/说明（非逐图直引）,,其他Canvas: 01_世界观/03_NEW_CANDIDATES/头像色卡探索 与旧世界观融合/头像色卡探索 与旧世界观融合.before-fullbody-20260925.canvas#ac0000000000000a（邻近文字：第二批格位提示 H16–H30 的提示词只作为拟图引导，头像实际对应仍按第二页左到右、上到下暂排；必须由作者复核后才能把面部结构写成角色事实。） | 其他Canvas: 01_世界观/03_NEW_CANDIDATES/头像色卡探索 与旧世界观融合/头像色卡探索 与旧世界观融合.canvas#ac0000000000000a（邻近文字：第二批格位提示 H16–H30 的提示词只作为拟图引导，头像实际对应仍按第二页左到右、上到下暂排；必须由作者复核后才能把面部结构写成角色事实。）,其他Canvas: 第二批格位提示 H16–H30 的提示词只作为拟图引导，头像实际对应仍按第二页左到右、上到下暂排；必须由作者复核后才能把面部结构写成角色事实。,仅其他Canvas有图片直链,03_角色/角色库/角色总Canvas.canvas,png,1618,972,2255672,671a0ac450380ba52c7f68ed0109940a458aec40379a3f57ee4c7e2327b06d1e,PASS_PNG,,沿用原库审核状态；此包不把候选/STAGING提升为定稿
LLL-R-0042,角色库,角色库素材,角色库图片｜05_头像与高清素材｜第二批 十五头像 3x5 候选01,文件名与目录层级；未逐张人工视觉描述,01_角色库_图片.zip,images/黎黎隆项目/03_角色/角色库/05_头像与高清素材/大头联想源页/第二批_十五头像_3x5_候选01.png,黎黎隆项目/03_角色/角色库/05_头像与高清素材/大头联想源页/第二批_十五头像_3x5_候选01.png,03_角色/角色库/05_头像与高清素材/大头联想源页/第二批_十五头像_3x5_候选01.png,01_世界观/03_NEW_CANDIDATES/头像色卡探索 与旧世界观融合/02_角色等级与十元一句话_图文审核.md,01_世界观/03_NEW_CANDIDATES/头像色卡探索 与旧世界观融合/02_角色等级与十元一句话_图文审核.md,Markdown直接引用,,其他Canvas: 01_世界观/03_NEW_CANDIDATES/头像色卡探索 与旧世界观融合/头像色卡探索 与旧世界观融合.before-fullbody-20260925.canvas#ac00000000000026 | 其他Canvas: 01_世界观/03_NEW_CANDIDATES/头像色卡探索 与旧世界观融合/头像色卡探索 与旧世界观融合.canvas#ac00000000000026 | 其他Canvas: 01_世界观/03_NEW_CANDIDATES/头像角色小世界观_独立探索_2026-09-24/旧版头像角色小世界观_动态向量探索_H01-H30_历史.canvas#c200000000000003,,仅其他Canvas有图片直链,03_角色/角色库/角色总Canvas.canvas,png,1619,971,2234857,fc502c930df2a7d676ae77851af0f778d9b0154abdf52f365e82b8a21dfe76f0,PASS_PNG,黎黎隆项目/03_角色/角色库/05_头像与高清素材/高清重绘12/exec-dbedebee-912f-4c24-8bad-1a9f49c52f1d.png,沿用原库审核状态；此包不把候选/STAGING提升为定稿
LLL-R-0043,角色库,角色库素材,角色库图片｜05_头像与高清素材｜H01,文件名与目录层级；未逐张人工视觉描述,01_角色库_图片.zip,images/黎黎隆项目/03_角色/角色库/05_头像与高清素材/头像切片79/H01.png,黎黎隆项目/03_角色/角色库/05_头像与高清素材/头像切片79/H01.png,03_角色/角色库/05_头像与高清素材/头像切片79/H01.png,01_世界观/04_统合总卷_20260925/黎黎隆_角色头像总文件_按地方_v0.1.md | 03_角色/角色库/04_线B_60池/黎黎隆_角色头像总文件_按地方_v0.1.md | 自由意志世界观/10_角色/白桶_角色行.md,01_世界观/04_统合总卷_20260925/黎黎隆_角色头像总文件_按地方_v0.1.md | 03_角色/角色库/04_线B_60池/黎黎隆_角色头像总文件_按地方_v0.1.md | 自由意志世界观/10_角色/白桶_角色行.md,Markdown直接引用,主角色Canvas: 03_角色/角色库/角色总Canvas.canvas#white_60_H01（邻近文字：60池白12人（生活与雾位） 居住带5·市井2·西南3·北带雾1·西侧1）,,主角色Canvas: 60池白12人（生活与雾位） 居住带5·市井2·西南3·北带雾1·西侧1,主Canvas有图片直链,03_角色/角色库/角色总Canvas.canvas,png,283,306,128136,259e60300f55c60515d4859c27261f11657075b5e232318007a9c33da2caee39,PASS_PNG,,沿用原库审核状态；此包不把候选/STAGING提升为定稿
LLL-R-0044,角色库,角色库素材,角色库图片｜05_头像与高清素材｜H02,文件名与目录层级；未逐张人工视觉描述,01_角色库_图片.zip,images/黎黎隆项目/03_角色/角色库/05_头像与高清素材/头像切片79/H02.png,黎黎隆项目/03_角色/角色库/05_头像与高清素材/头像切片79/H02.png,03_角色/角色库/05_头像与高清素材/头像切片79/H02.png,01_世界观/04_统合总卷_20260925/黎黎隆_角色头像总文件_按地方_v0.1.md | 03_角色/角色库/04_线B_60池/黎黎隆_角色头像总文件_按地方_v0.1.md | 自由意志世界观/10_角色/青桶_角色行.md,01_世界观/04_统合总卷_20260925/黎黎隆_角色头像总文件_按地方_v0.1.md | 03_角色/角色库/04_线B_60池/黎黎隆_角色头像总文件_按地方_v0.1.md | 自由意志世界观/10_角色/青桶_角色行.md,Markdown直接引用,主角色Canvas: 03_角色/角色库/角色总Canvas.canvas#cyan_city_H02（邻近文字：60池青·城内17人 维护街带10 + 雾路3 + 东门/门站4）,,主角色Canvas: 60池青·城内17人 维护街带10 + 雾路3 + 东门/门站4,主Canvas有图片直链,03_角色/角色库/角色总Canvas.canvas,png,324,304,141128,c16181f7c31318db5b2dff3471cdc367052e59b10fb217047234d82999e15067,PASS_PNG,,沿用原库审核状态；此包不把候选/STAGING提升为定稿
LLL-R-0045,角色库,角色库素材,角色库图片｜05_头像与高清素材｜H03,文件名与目录层级；未逐张人工视觉描述,01_角色库_图片.zip,images/黎黎隆项目/03_角色/角色库/05_头像与高清素材/头像切片79/H03.png,黎黎隆项目/03_角色/角色库/05_头像与高清素材/头像切片79/H03.png,03_角色/角色库/05_头像与高清素材/头像切片79/H03.png,01_世界观/04_统合总卷_20260925/黎黎隆_角色头像总文件_按地方_v0.1.md | 03_角色/角色库/04_线B_60池/黎黎隆_角色头像总文件_按地方_v0.1.md | 自由意志世界观/10_角色/青桶_角色行.md,01_世界观/04_统合总卷_20260925/黎黎隆_角色头像总文件_按地方_v0.1.md | 03_角色/角色库/04_线B_60池/黎黎隆_角色头像总文件_按地方_v0.1.md | 自由意志世界观/10_角色/青桶_角色行.md,Markdown直接引用,主角色Canvas: 03_角色/角色库/角色总Canvas.canvas#cyan_city_H03（邻近文字：🟢 青桶｜接口社会（32） 组织：O1 钢铁教派 · O6 青色商会 维护/记录/门站/识别=公共接口）,,主角色Canvas: 🟢 青桶｜接口社会（32） 组织：O1 钢铁教派 · O6 青色商会 维护/记录/门站/识别=公共接口,主Canvas有图片直链,03_角色/角色库/角色总Canvas.canvas,png,324,292,148520,a8a68fb2893f65b44544ddcefd8e2d15b2e43f7e778b6540cbd4092a72f9072f,PASS_PNG,,沿用原库审核状态；此包不把候选/STAGING提升为定稿
LLL-R-0046,角色库,角色库素材,角色库图片｜05_头像与高清素材｜H04,文件名与目录层级；未逐张人工视觉描述,01_角色库_图片.zip,images/黎黎隆项目/03_角色/角色库/05_头像与高清素材/头像切片79/H04.png,黎黎隆项目/03_角色/角色库/05_头像与高清素材/头像切片79/H04.png,03_角色/角色库/05_头像与高清素材/头像切片79/H04.png,01_世界观/04_统合总卷_20260925/黎黎隆_角色头像总文件_按地方_v0.1.md | 03_角色/角色库/04_线B_60池/黎黎隆_角色头像总文件_按地方_v0.1.md | 自由意志世界观/10_角色/青桶_角色行.md,01_世界观/04_统合总卷_20260925/黎黎隆_角色头像总文件_按地方_v0.1.md | 03_角色/角色库/04_线B_60池/黎黎隆_角色头像总文件_按地方_v0.1.md | 自由意志世界观/10_角色/青桶_角色行.md,Markdown直接引用,主角色Canvas: 03_角色/角色库/角色总Canvas.canvas#cyan_city_H04（邻近文字：⚪ 白桶｜雾与中立（22） 无阵营生活者 · 未觉醒 · 群像）,,主角色Canvas: ⚪ 白桶｜雾与中立（22） 无阵营生活者 · 未觉醒 · 群像,主Canvas有图片直链,03_角色/角色库/角色总Canvas.canvas,png,324,311,141204,b4c402f0a74023536499de1f79d012de92d36e7a086717be34bf227b464c23c8,PASS_PNG,,沿用原库审核状态；此包不把候选/STAGING提升为定稿
LLL-R-0047,角色库,角色库素材,角色库图片｜05_头像与高清素材｜H05,文件名与目录层级；未逐张人工视觉描述,01_角色库_图片.zip,images/黎黎隆项目/03_角色/角色库/05_头像与高清素材/头像切片79/H05.png,黎黎隆项目/03_角色/角色库/05_头像与高清素材/头像切片79/H05.png,03_角色/角色库/05_头像与高清素材/头像切片79/H05.png,01_世界观/04_统合总卷_20260925/黎黎隆_角色头像总文件_按地方_v0.1.md | 03_角色/角色库/04_线B_60池/黎黎隆_角色头像总文件_按地方_v0.1.md | 自由意志世界观/10_角色/红桶_60池与S卡角色行.md | 自由意志世界观/10_角色/红桶_角色行.md,01_世界观/04_统合总卷_20260925/黎黎隆_角色头像总文件_按地方_v0.1.md | 03_角色/角色库/04_线B_60池/黎黎隆_角色头像总文件_按地方_v0.1.md | 自由意志世界观/10_角色/红桶_60池与S卡角色行.md | 自由意志世界观/10_角色/红桶_角色行.md,Markdown直接引用,主角色Canvas: 03_角色/角色库/角色总Canvas.canvas#red_60_H05（邻近文字：H05 折层递送者｜个人色 暗红）,,主角色Canvas: H05 折层递送者｜个人色 暗红,主Canvas有图片直链,03_角色/角色库/角色总Canvas.canvas,png,288,298,136202,faabd1127458c98e291d06d6f49c1c7c0d0fce3f03a1fc0f4855b19916f3f121,PASS_PNG,,沿用原库审核状态；此包不把候选/STAGING提升为定稿
LLL-R-0048,角色库,角色库素材,角色库图片｜05_头像与高清素材｜H06,文件名与目录层级；未逐张人工视觉描述,01_角色库_图片.zip,images/黎黎隆项目/03_角色/角色库/05_头像与高清素材/头像切片79/H06.png,黎黎隆项目/03_角色/角色库/05_头像与高清素材/头像切片79/H06.png,03_角色/角色库/05_头像与高清素材/头像切片79/H06.png,01_世界观/04_统合总卷_20260925/黎黎隆_角色头像总文件_按地方_v0.1.md | 03_角色/角色库/04_线B_60池/黎黎隆_角色头像总文件_按地方_v0.1.md | 自由意志世界观/10_角色/青桶_角色行.md,01_世界观/04_统合总卷_20260925/黎黎隆_角色头像总文件_按地方_v0.1.md | 03_角色/角色库/04_线B_60池/黎黎隆_角色头像总文件_按地方_v0.1.md | 自由意志世界观/10_角色/青桶_角色行.md,Markdown直接引用,主角色Canvas: 03_角色/角色库/角色总Canvas.canvas#cyan_city_H06（邻近文字：60池青·城内17人 维护街带10 + 雾路3 + 东门/门站4）,,主角色Canvas: 60池青·城内17人 维护街带10 + 雾路3 + 东门/门站4,主Canvas有图片直链,03_角色/角色库/角色总Canvas.canvas,png,249,324,121431,9037de05f93aa98e941ab4e43dfaff85bfadf8dde5218df53386e8b47e0ad7d2,PASS_PNG,,沿用原库审核状态；此包不把候选/STAGING提升为定稿
LLL-R-0049,角色库,角色库素材,角色库图片｜05_头像与高清素材｜H07,文件名与目录层级；未逐张人工视觉描述,01_角色库_图片.zip,images/黎黎隆项目/03_角色/角色库/05_头像与高清素材/头像切片79/H07.png,黎黎隆项目/03_角色/角色库/05_头像与高清素材/头像切片79/H07.png,03_角色/角色库/05_头像与高清素材/头像切片79/H07.png,01_世界观/04_统合总卷_20260925/黎黎隆_角色头像总文件_按地方_v0.1.md | 03_角色/角色库/04_线B_60池/黎黎隆_角色头像总文件_按地方_v0.1.md | 自由意志世界观/10_角色/青桶_角色行.md,01_世界观/04_统合总卷_20260925/黎黎隆_角色头像总文件_按地方_v0.1.md | 03_角色/角色库/04_线B_60池/黎黎隆_角色头像总文件_按地方_v0.1.md | 自由意志世界观/10_角色/青桶_角色行.md,Markdown直接引用,主角色Canvas: 03_角色/角色库/角色总Canvas.canvas#cyan_city_H07（邻近文字：60池青·城内17人 维护街带10 + 雾路3 + 东门/门站4）,,主角色Canvas: 60池青·城内17人 维护街带10 + 雾路3 + 东门/门站4,主Canvas有图片直链,03_角色/角色库/角色总Canvas.canvas,png,324,324,156522,169dae20ea2d444a6bde544beaaf1e96fea11d8aaaafc6639be3d9bfbfb47fc6,PASS_PNG,,沿用原库审核状态；此包不把候选/STAGING提升为定稿
LLL-R-0050,角色库,角色库素材,角色库图片｜05_头像与高清素材｜H08,文件名与目录层级；未逐张人工视觉描述,01_角色库_图片.zip,images/黎黎隆项目/03_角色/角色库/05_头像与高清素材/头像切片79/H08.png,黎黎隆项目/03_角色/角色库/05_头像与高清素材/头像切片79/H08.png,03_角色/角色库/05_头像与高清素材/头像切片79/H08.png,01_世界观/04_统合总卷_20260925/黎黎隆_角色头像总文件_按地方_v0.1.md | 03_角色/角色库/04_线B_60池/黎黎隆_角色头像总文件_按地方_v0.1.md | 自由意志世界观/10_角色/白桶_角色行.md,01_世界观/04_统合总卷_20260925/黎黎隆_角色头像总文件_按地方_v0.1.md | 03_角色/角色库/04_线B_60池/黎黎隆_角色头像总文件_按地方_v0.1.md | 自由意志世界观/10_角色/白桶_角色行.md,Markdown直接引用,主角色Canvas: 03_角色/角色库/角色总Canvas.canvas#white_60_H08（邻近文字：60池白12人（生活与雾位） 居住带5·市井2·西南3·北带雾1·西侧1）,,主角色Canvas: 60池白12人（生活与雾位） 居住带5·市井2·西南3·北带雾1·西侧1,主Canvas有图片直链,03_角色/角色库/角色总Canvas.canvas,png,307,324,159141,7b92470b94d4d4989361093f640aef74148a14d9c9cf35e9857d12e39b8dd1f9,PASS_PNG,,沿用原库审核状态；此包不把候选/STAGING提升为定稿
LLL-R-0051,角色库,角色库素材,角色库图片｜05_头像与高清素材｜H09,文件名与目录层级；未逐张人工视觉描述,01_角色库_图片.zip,images/黎黎隆项目/03_角色/角色库/05_头像与高清素材/头像切片79/H09.png,黎黎隆项目/03_角色/角色库/05_头像与高清素材/头像切片79/H09.png,03_角色/角色库/05_头像与高清素材/头像切片79/H09.png,01_世界观/04_统合总卷_20260925/黎黎隆_角色头像总文件_按地方_v0.1.md | 03_角色/角色库/04_线B_60池/黎黎隆_角色头像总文件_按地方_v0.1.md | 自由意志世界观/10_角色/青桶_角色行.md,01_世界观/04_统合总卷_20260925/黎黎隆_角色头像总文件_按地方_v0.1.md | 03_角色/角色库/04_线B_60池/黎黎隆_角色头像总文件_按地方_v0.1.md | 自由意志世界观/10_角色/青桶_角色行.md,Markdown直接引用,主角色Canvas: 03_角色/角色库/角色总Canvas.canvas#cyan_city_H09（邻近文字：⚪ 白桶｜雾与中立（22） 无阵营生活者 · 未觉醒 · 群像）,,主角色Canvas: ⚪ 白桶｜雾与中立（22） 无阵营生活者 · 未觉醒 · 群像,主Canvas有图片直链,03_角色/角色库/角色总Canvas.canvas,png,229,324,123716,205be665ba560de7257225328aa47d3f3850f9f29b116324ea88c3364e99dbf4,PASS_PNG,,沿用原库审核状态；此包不把候选/STAGING提升为定稿
LLL-R-0052,角色库,角色库素材,角色库图片｜05_头像与高清素材｜H10,文件名与目录层级；未逐张人工视觉描述,01_角色库_图片.zip,images/黎黎隆项目/03_角色/角色库/05_头像与高清素材/头像切片79/H10.png,黎黎隆项目/03_角色/角色库/05_头像与高清素材/头像切片79/H10.png,03_角色/角色库/05_头像与高清素材/头像切片79/H10.png,01_世界观/04_统合总卷_20260925/黎黎隆_角色头像总文件_按地方_v0.1.md | 03_角色/角色库/04_线B_60池/黎黎隆_角色头像总文件_按地方_v0.1.md | 自由意志世界观/10_角色/粉桶_60池角色行.md | 自由意志世界观/10_角色/粉桶_角色行.md,01_世界观/04_统合总卷_20260925/黎黎隆_角色头像总文件_按地方_v0.1.md | 03_角色/角色库/04_线B_60池/黎黎隆_角色头像总文件_按地方_v0.1.md | 自由意志世界观/10_角色/粉桶_60池角色行.md | 自由意志世界观/10_角色/粉桶_角色行.md,Markdown直接引用,主角色Canvas: 03_角色/角色库/角色总Canvas.canvas#pink_60_H10（邻近文字：60池粉10人（生态共生位） 城市生态边缘·南侧栖地带·西南·东北树屋·北迁徙·东拾材）,,主角色Canvas: 60池粉10人（生态共生位） 城市生态边缘·南侧栖地带·西南·东北树屋·北迁徙·东拾材,主Canvas有图片直链,03_角色/角色库/角色总Canvas.canvas,png,275,324,144753,18168aa1f3f749fa9dd93738aabb038a2390d91b16e44703e81b7cd044f1ea0c,PASS_PNG,,沿用原库审核状态；此包不把候选/STAGING提升为定稿
LLL-R-0053,角色库,角色库素材,角色库图片｜05_头像与高清素材｜H11,文件名与目录层级；未逐张人工视觉描述,01_角色库_图片.zip,images/黎黎隆项目/03_角色/角色库/05_头像与高清素材/头像切片79/H11.png,黎黎隆项目/03_角色/角色库/05_头像与高清素材/头像切片79/H11.png,03_角色/角色库/05_头像与高清素材/头像切片79/H11.png,01_世界观/04_统合总卷_20260925/黎黎隆_角色头像总文件_按地方_v0.1.md | 03_角色/角色库/04_线B_60池/黎黎隆_角色头像总文件_按地方_v0.1.md | 自由意志世界观/10_角色/青桶_角色行.md,01_世界观/04_统合总卷_20260925/黎黎隆_角色头像总文件_按地方_v0.1.md | 03_角色/角色库/04_线B_60池/黎黎隆_角色头像总文件_按地方_v0.1.md | 自由意志世界观/10_角色/青桶_角色行.md,Markdown直接引用,主角色Canvas: 03_角色/角色库/角色总Canvas.canvas#cyan_border_H11（邻近文字：60池青·边境遗迹6人 H13北回声林·H11东裂隙·N16浮孢·N21暗河·N24遗迹门·N29孢环）,,主角色Canvas: 60池青·边境遗迹6人 H13北回声林·H11东裂隙·N16浮孢·N21暗河·N24遗迹门·N29孢环,主Canvas有图片直链,03_角色/角色库/角色总Canvas.canvas,png,296,299,141976,2945c005e03873feb7406e7eb2b35cbcb84961fdc17ff455af09984a404e524e,PASS_PNG,,沿用原库审核状态；此包不把候选/STAGING提升为定稿
LLL-R-0054,角色库,角色库素材,角色库图片｜05_头像与高清素材｜H12,文件名与目录层级；未逐张人工视觉描述,01_角色库_图片.zip,images/黎黎隆项目/03_角色/角色库/05_头像与高清素材/头像切片79/H12.png,黎黎隆项目/03_角色/角色库/05_头像与高清素材/头像切片79/H12.png,03_角色/角色库/05_头像与高清素材/头像切片79/H12.png,01_世界观/04_统合总卷_20260925/黎黎隆_角色头像总文件_按地方_v0.1.md | 03_角色/角色库/04_线B_60池/黎黎隆_角色头像总文件_按地方_v0.1.md | 自由意志世界观/10_角色/白桶_角色行.md,01_世界观/04_统合总卷_20260925/黎黎隆_角色头像总文件_按地方_v0.1.md | 03_角色/角色库/04_线B_60池/黎黎隆_角色头像总文件_按地方_v0.1.md | 自由意志世界观/10_角色/白桶_角色行.md,Markdown直接引用,主角色Canvas: 03_角色/角色库/角色总Canvas.canvas#white_60_H12（邻近文字：⚪ 白桶｜雾与中立（22） 无阵营生活者 · 未觉醒 · 群像）,,主角色Canvas: ⚪ 白桶｜雾与中立（22） 无阵营生活者 · 未觉醒 · 群像,主Canvas有图片直链,03_角色/角色库/角色总Canvas.canvas,png,320,305,155865,48261bcaa4479e44e5a293f2ceb70e0d16c89481d5678d8c6c5688e81436261b,PASS_PNG,,沿用原库审核状态；此包不把候选/STAGING提升为定稿
LLL-R-0055,角色库,角色库素材,角色库图片｜05_头像与高清素材｜H13,文件名与目录层级；未逐张人工视觉描述,01_角色库_图片.zip,images/黎黎隆项目/03_角色/角色库/05_头像与高清素材/头像切片79/H13.png,黎黎隆项目/03_角色/角色库/05_头像与高清素材/头像切片79/H13.png,03_角色/角色库/05_头像与高清素材/头像切片79/H13.png,01_世界观/04_统合总卷_20260925/黎黎隆_角色头像总文件_按地方_v0.1.md | 03_角色/角色库/04_线B_60池/黎黎隆_角色头像总文件_按地方_v0.1.md | 自由意志世界观/10_角色/青桶_角色行.md,01_世界观/04_统合总卷_20260925/黎黎隆_角色头像总文件_按地方_v0.1.md | 03_角色/角色库/04_线B_60池/黎黎隆_角色头像总文件_按地方_v0.1.md | 自由意志世界观/10_角色/青桶_角色行.md,Markdown直接引用,主角色Canvas: 03_角色/角色库/角色总Canvas.canvas#cyan_border_H13（邻近文字：60池青·边境遗迹6人 H13北回声林·H11东裂隙·N16浮孢·N21暗河·N24遗迹门·N29孢环）,,主角色Canvas: 60池青·边境遗迹6人 H13北回声林·H11东裂隙·N16浮孢·N21暗河·N24遗迹门·N29孢环,主Canvas有图片直链,03_角色/角色库/角色总Canvas.canvas,png,290,294,125385,ccd59c2698f5baaa3d4700b3a92df706c01d70752fff6011821fde11ca14d531,PASS_PNG,,沿用原库审核状态；此包不把候选/STAGING提升为定稿
LLL-R-0056,角色库,角色库素材,角色库图片｜05_头像与高清素材｜H14,文件名与目录层级；未逐张人工视觉描述,01_角色库_图片.zip,images/黎黎隆项目/03_角色/角色库/05_头像与高清素材/头像切片79/H14.png,黎黎隆项目/03_角色/角色库/05_头像与高清素材/头像切片79/H14.png,03_角色/角色库/05_头像与高清素材/头像切片79/H14.png,01_世界观/04_统合总卷_20260925/黎黎隆_角色头像总文件_按地方_v0.1.md | 03_角色/角色库/04_线B_60池/黎黎隆_角色头像总文件_按地方_v0.1.md | 自由意志世界观/10_角色/白桶_角色行.md,01_世界观/04_统合总卷_20260925/黎黎隆_角色头像总文件_按地方_v0.1.md | 03_角色/角色库/04_线B_60池/黎黎隆_角色头像总文件_按地方_v0.1.md | 自由意志世界观/10_角色/白桶_角色行.md,Markdown直接引用,主角色Canvas: 03_角色/角色库/角色总Canvas.canvas#white_60_H14（邻近文字：⚪ 白桶｜雾与中立（22） 无阵营生活者 · 未觉醒 · 群像）,,主角色Canvas: ⚪ 白桶｜雾与中立（22） 无阵营生活者 · 未觉醒 · 群像,主Canvas有图片直链,03_角色/角色库/角色总Canvas.canvas,png,285,292,126638,7ebec980540cb40f9bdefa20b8861ea05e0288453915ce3bb8e2b26a5a756977,PASS_PNG,,沿用原库审核状态；此包不把候选/STAGING提升为定稿
LLL-R-0057,角色库,角色库素材,角色库图片｜05_头像与高清素材｜H15,文件名与目录层级；未逐张人工视觉描述,01_角色库_图片.zip,images/黎黎隆项目/03_角色/角色库/05_头像与高清素材/头像切片79/H15.png,黎黎隆项目/03_角色/角色库/05_头像与高清素材/头像切片79/H15.png,03_角色/角色库/05_头像与高清素材/头像切片79/H15.png,01_世界观/04_统合总卷_20260925/黎黎隆_角色头像总文件_按地方_v0.1.md | 03_角色/角色库/04_线B_60池/黎黎隆_角色头像总文件_按地方_v0.1.md | 自由意志世界观/10_角色/青桶_角色行.md,01_世界观/04_统合总卷_20260925/黎黎隆_角色头像总文件_按地方_v0.1.md | 03_角色/角色库/04_线B_60池/黎黎隆_角色头像总文件_按地方_v0.1.md | 自由意志世界观/10_角色/青桶_角色行.md,Markdown直接引用,主角色Canvas: 03_角色/角色库/角色总Canvas.canvas#cyan_city_H15（邻近文字：60池青·城内17人 维护街带10 + 雾路3 + 东门/门站4）,,主角色Canvas: 60池青·城内17人 维护街带10 + 雾路3 + 东门/门站4,主Canvas有图片直链,03_角色/角色库/角色总Canvas.canvas,png,265,302,131411,77f7253c10fd6c1a2f21730a24355d5c4ecffad80c7f2fda4be624c32bc121cb,PASS_PNG,,沿用原库审核状态；此包不把候选/STAGING提升为定稿
LLL-R-0058,角色库,角色库素材,角色库图片｜05_头像与高清素材｜H16,文件名与目录层级；未逐张人工视觉描述,01_角色库_图片.zip,images/黎黎隆项目/03_角色/角色库/05_头像与高清素材/头像切片79/H16.png,黎黎隆项目/03_角色/角色库/05_头像与高清素材/头像切片79/H16.png,03_角色/角色库/05_头像与高清素材/头像切片79/H16.png,01_世界观/04_统合总卷_20260925/黎黎隆_角色头像总文件_按地方_v0.1.md | 03_角色/角色库/04_线B_60池/黎黎隆_角色头像总文件_按地方_v0.1.md | 自由意志世界观/10_角色/白桶_角色行.md,01_世界观/04_统合总卷_20260925/黎黎隆_角色头像总文件_按地方_v0.1.md | 03_角色/角色库/04_线B_60池/黎黎隆_角色头像总文件_按地方_v0.1.md | 自由意志世界观/10_角色/白桶_角色行.md,Markdown直接引用,主角色Canvas: 03_角色/角色库/角色总Canvas.canvas#white_60_H16（邻近文字：⚪ 白桶｜雾与中立（22） 无阵营生活者 · 未觉醒 · 群像）,,主角色Canvas: ⚪ 白桶｜雾与中立（22） 无阵营生活者 · 未觉醒 · 群像,主Canvas有图片直链,03_角色/角色库/角色总Canvas.canvas,png,295,271,130544,7828f241e06b3d7502abc2eec267a5fd14bdace3a236968ab20651056649dbf5,PASS_PNG,,沿用原库审核状态；此包不把候选/STAGING提升为定稿
LLL-R-0059,角色库,角色库素材,角色库图片｜05_头像与高清素材｜H17,文件名与目录层级；未逐张人工视觉描述,01_角色库_图片.zip,images/黎黎隆项目/03_角色/角色库/05_头像与高清素材/头像切片79/H17.png,黎黎隆项目/03_角色/角色库/05_头像与高清素材/头像切片79/H17.png,03_角色/角色库/05_头像与高清素材/头像切片79/H17.png,01_世界观/04_统合总卷_20260925/黎黎隆_角色头像总文件_按地方_v0.1.md | 03_角色/角色库/04_线B_60池/黎黎隆_角色头像总文件_按地方_v0.1.md | 自由意志世界观/10_角色/黑桶_角色行.md,01_世界观/04_统合总卷_20260925/黎黎隆_角色头像总文件_按地方_v0.1.md | 03_角色/角色库/04_线B_60池/黎黎隆_角色头像总文件_按地方_v0.1.md | 自由意志世界观/10_角色/黑桶_角色行.md,Markdown直接引用,主角色Canvas: 03_角色/角色库/角色总Canvas.canvas#black_m_H17（邻近文字：CH黑1 + 60池黑5人 城市市井3·东旧墙檐·东南裂缝带）,,主角色Canvas: CH黑1 + 60池黑5人 城市市井3·东旧墙檐·东南裂缝带,主Canvas有图片直链,03_角色/角色库/角色总Canvas.canvas,png,316,304,149925,d696dfe855d4ada3be03af472f302f01250479598d1926d305a6fe074e50dda9,PASS_PNG,,沿用原库审核状态；此包不把候选/STAGING提升为定稿
LLL-R-0060,角色库,角色库素材,角色库图片｜05_头像与高清素材｜H18,文件名与目录层级；未逐张人工视觉描述,01_角色库_图片.zip,images/黎黎隆项目/03_角色/角色库/05_头像与高清素材/头像切片79/H18.png,黎黎隆项目/03_角色/角色库/05_头像与高清素材/头像切片79/H18.png,03_角色/角色库/05_头像与高清素材/头像切片79/H18.png,01_世界观/04_统合总卷_20260925/黎黎隆_角色头像总文件_按地方_v0.1.md | 03_角色/角色库/04_线B_60池/黎黎隆_角色头像总文件_按地方_v0.1.md | 自由意志世界观/10_角色/白桶_角色行.md,01_世界观/04_统合总卷_20260925/黎黎隆_角色头像总文件_按地方_v0.1.md | 03_角色/角色库/04_线B_60池/黎黎隆_角色头像总文件_按地方_v0.1.md | 自由意志世界观/10_角色/白桶_角色行.md,Markdown直接引用,主角色Canvas: 03_角色/角色库/角色总Canvas.canvas#white_60_H18（邻近文字：⚪ 白桶｜雾与中立（22） 无阵营生活者 · 未觉醒 · 群像）,,主角色Canvas: ⚪ 白桶｜雾与中立（22） 无阵营生活者 · 未觉醒 · 群像,主Canvas有图片直链,03_角色/角色库/角色总Canvas.canvas,png,270,301,143449,9710b753b6de222cfdc3f5ed20e033642f9b25690d5d53567c11ef764db552ce,PASS_PNG,,沿用原库审核状态；此包不把候选/STAGING提升为定稿
LLL-R-0061,角色库,角色库素材,角色库图片｜05_头像与高清素材｜H19,文件名与目录层级；未逐张人工视觉描述,01_角色库_图片.zip,images/黎黎隆项目/03_角色/角色库/05_头像与高清素材/头像切片79/H19.png,黎黎隆项目/03_角色/角色库/05_头像与高清素材/头像切片79/H19.png,03_角色/角色库/05_头像与高清素材/头像切片79/H19.png,01_世界观/04_统合总卷_20260925/黎黎隆_角色头像总文件_按地方_v0.1.md | 03_角色/角色库/04_线B_60池/黎黎隆_角色头像总文件_按地方_v0.1.md | 自由意志世界观/10_角色/黑桶_角色行.md,01_世界观/04_统合总卷_20260925/黎黎隆_角色头像总文件_按地方_v0.1.md | 03_角色/角色库/04_线B_60池/黎黎隆_角色头像总文件_按地方_v0.1.md | 自由意志世界观/10_角色/黑桶_角色行.md,Markdown直接引用,主角色Canvas: 03_角色/角色库/角色总Canvas.canvas#black_m_H19（邻近文字：CH黑1 + 60池黑5人 城市市井3·东旧墙檐·东南裂缝带）,,主角色Canvas: CH黑1 + 60池黑5人 城市市井3·东旧墙檐·东南裂缝带,主Canvas有图片直链,03_角色/角色库/角色总Canvas.canvas,png,313,295,130936,a2f504f2adba4b57b31becca52a18abbd33fda3bf6e95663ca449769efa0616d,PASS_PNG,,沿用原库审核状态；此包不把候选/STAGING提升为定稿
LLL-R-0062,角色库,角色库素材,角色库图片｜05_头像与高清素材｜H20,文件名与目录层级；未逐张人工视觉描述,01_角色库_图片.zip,images/黎黎隆项目/03_角色/角色库/05_头像与高清素材/头像切片79/H20.png,黎黎隆项目/03_角色/角色库/05_头像与高清素材/头像切片79/H20.png,03_角色/角色库/05_头像与高清素材/头像切片79/H20.png,01_世界观/04_统合总卷_20260925/黎黎隆_角色头像总文件_按地方_v0.1.md | 03_角色/角色库/04_线B_60池/黎黎隆_角色头像总文件_按地方_v0.1.md | 自由意志世界观/10_角色/白桶_角色行.md,01_世界观/04_统合总卷_20260925/黎黎隆_角色头像总文件_按地方_v0.1.md | 03_角色/角色库/04_线B_60池/黎黎隆_角色头像总文件_按地方_v0.1.md | 自由意志世界观/10_角色/白桶_角色行.md,Markdown直接引用,主角色Canvas: 03_角色/角色库/角色总Canvas.canvas#white_60_H20（邻近文字：60池白12人（生活与雾位） 居住带5·市井2·西南3·北带雾1·西侧1）,,主角色Canvas: 60池白12人（生活与雾位） 居住带5·市井2·西南3·北带雾1·西侧1,主Canvas有图片直链,03_角色/角色库/角色总Canvas.canvas,png,273,289,122499,cc546563331c957ac0e2c0c2d5f278cc597cc9977195a82ae9eb2a72cd692782,PASS_PNG,,沿用原库审核状态；此包不把候选/STAGING提升为定稿
LLL-R-0063,角色库,角色库素材,角色库图片｜05_头像与高清素材｜H21,文件名与目录层级；未逐张人工视觉描述,01_角色库_图片.zip,images/黎黎隆项目/03_角色/角色库/05_头像与高清素材/头像切片79/H21.png,黎黎隆项目/03_角色/角色库/05_头像与高清素材/头像切片79/H21.png,03_角色/角色库/05_头像与高清素材/头像切片79/H21.png,01_世界观/04_统合总卷_20260925/黎黎隆_角色头像总文件_按地方_v0.1.md | 03_角色/角色库/04_线B_60池/黎黎隆_角色头像总文件_按地方_v0.1.md | 自由意志世界观/10_角色/白桶_角色行.md,01_世界观/04_统合总卷_20260925/黎黎隆_角色头像总文件_按地方_v0.1.md | 03_角色/角色库/04_线B_60池/黎黎隆_角色头像总文件_按地方_v0.1.md | 自由意志世界观/10_角色/白桶_角色行.md,Markdown直接引用,主角色Canvas: 03_角色/角色库/角色总Canvas.canvas#white_60_H21（邻近文字：60池白12人（生活与雾位） 居住带5·市井2·西南3·北带雾1·西侧1）,,主角色Canvas: 60池白12人（生活与雾位） 居住带5·市井2·西南3·北带雾1·西侧1,主Canvas有图片直链,03_角色/角色库/角色总Canvas.canvas,png,278,324,124731,ba5ded9f9cf87392f3ae965bd8a446db5b8aa7dd3e806d2c876d3263d99615b6,PASS_PNG,,沿用原库审核状态；此包不把候选/STAGING提升为定稿
LLL-R-0064,角色库,角色库素材,角色库图片｜05_头像与高清素材｜H22,文件名与目录层级；未逐张人工视觉描述,01_角色库_图片.zip,images/黎黎隆项目/03_角色/角色库/05_头像与高清素材/头像切片79/H22.png,黎黎隆项目/03_角色/角色库/05_头像与高清素材/头像切片79/H22.png,03_角色/角色库/05_头像与高清素材/头像切片79/H22.png,01_世界观/04_统合总卷_20260925/黎黎隆_角色头像总文件_按地方_v0.1.md | 03_角色/角色库/04_线B_60池/黎黎隆_角色头像总文件_按地方_v0.1.md | 自由意志世界观/10_角色/粉桶_60池角色行.md | 自由意志世界观/10_角色/粉桶_角色行.md,01_世界观/04_统合总卷_20260925/黎黎隆_角色头像总文件_按地方_v0.1.md | 03_角色/角色库/04_线B_60池/黎黎隆_角色头像总文件_按地方_v0.1.md | 自由意志世界观/10_角色/粉桶_60池角色行.md | 自由意志世界观/10_角色/粉桶_角色行.md,Markdown直接引用,主角色Canvas: 03_角色/角色库/角色总Canvas.canvas#pink_60_H22（邻近文字：🟣 晞棠·遗蜕观测者（CH-014｜LOCKED·CH-014·20260928） 粉桶·古生命遗骸生态·共生型｜能力=借眼｜能量 粉8/青3/红2 梦核设定：全村活在巨物梦里，她因头骨共生而唯一知情；叫醒=全村消失 图 A/B 双保留（A=日常/B=外出）·视频 vA/vB 并存·十元候选 x并z + nz（两符号））,,主角色Canvas: 🟣 晞棠·遗蜕观测者（CH-014｜LOCKED·CH-014·20260928） 粉桶·古生命遗骸生态·共生型｜能力=借眼｜能量 粉8/青3/红2 梦核设定：全村活在巨物梦里，她因头骨共生而唯一知情；叫醒=全村消失 图 A/B 双保留（A=日常/B=外出）·视频 vA/vB 并存·十元候选 x并z + nz（两符号）,主Canvas有图片直链,03_角色/角色库/角色总Canvas.canvas,png,284,324,148765,b14e71722cdbfbdc8fe57c22a511267bae624e696ed151af7f9480b342b7ba59,PASS_PNG,,沿用原库审核状态；此包不把候选/STAGING提升为定稿
LLL-R-0065,角色库,角色库素材,角色库图片｜05_头像与高清素材｜H23,文件名与目录层级；未逐张人工视觉描述,01_角色库_图片.zip,images/黎黎隆项目/03_角色/角色库/05_头像与高清素材/头像切片79/H23.png,黎黎隆项目/03_角色/角色库/05_头像与高清素材/头像切片79/H23.png,03_角色/角色库/05_头像与高清素材/头像切片79/H23.png,01_世界观/04_统合总卷_20260925/黎黎隆_角色头像总文件_按地方_v0.1.md | 03_角色/角色库/04_线B_60池/黎黎隆_角色头像总文件_按地方_v0.1.md | 自由意志世界观/10_角色/黑桶_角色行.md,01_世界观/04_统合总卷_20260925/黎黎隆_角色头像总文件_按地方_v0.1.md | 03_角色/角色库/04_线B_60池/黎黎隆_角色头像总文件_按地方_v0.1.md | 自由意志世界观/10_角色/黑桶_角色行.md,Markdown直接引用,主角色Canvas: 03_角色/角色库/角色总Canvas.canvas#black_m_H23（邻近文字：⬛ 黑桶｜墨青位（6） 骨 · 底 · 暗面 · 不可知）,,主角色Canvas: ⬛ 黑桶｜墨青位（6） 骨 · 底 · 暗面 · 不可知,主Canvas有图片直链,03_角色/角色库/角色总Canvas.canvas,png,286,312,132281,359c46813fa91b6d88837cb02a98c046b7a8555f80b20552e76404e85483061a,PASS_PNG,,沿用原库审核状态；此包不把候选/STAGING提升为定稿
LLL-R-0066,角色库,角色库素材,角色库图片｜05_头像与高清素材｜H24,文件名与目录层级；未逐张人工视觉描述,01_角色库_图片.zip,images/黎黎隆项目/03_角色/角色库/05_头像与高清素材/头像切片79/H24.png,黎黎隆项目/03_角色/角色库/05_头像与高清素材/头像切片79/H24.png,03_角色/角色库/05_头像与高清素材/头像切片79/H24.png,01_世界观/04_统合总卷_20260925/黎黎隆_角色头像总文件_按地方_v0.1.md | 03_角色/角色库/04_线B_60池/黎黎隆_角色头像总文件_按地方_v0.1.md | 自由意志世界观/10_角色/粉桶_60池角色行.md | 自由意志世界观/10_角色/粉桶_角色行.md,01_世界观/04_统合总卷_20260925/黎黎隆_角色头像总文件_按地方_v0.1.md | 03_角色/角色库/04_线B_60池/黎黎隆_角色头像总文件_按地方_v0.1.md | 自由意志世界观/10_角色/粉桶_60池角色行.md | 自由意志世界观/10_角色/粉桶_角色行.md,Markdown直接引用,主角色Canvas: 03_角色/角色库/角色总Canvas.canvas#pink_60_H24（邻近文字：🟣 粉桶｜古老派（13） 组织：O5 生态共生 · 诡异魔法 不争霸只交易）,,主角色Canvas: 🟣 粉桶｜古老派（13） 组织：O5 生态共生 · 诡异魔法 不争霸只交易,主Canvas有图片直链,03_角色/角色库/角色总Canvas.canvas,png,322,313,133399,e128b66d1e0c46f16be50779fe3419f6f0531a3da309258ce71c460bc2085f37,PASS_PNG,,沿用原库审核状态；此包不把候选/STAGING提升为定稿
LLL-R-0067,角色库,角色库素材,角色库图片｜05_头像与高清素材｜H25,文件名与目录层级；未逐张人工视觉描述,01_角色库_图片.zip,images/黎黎隆项目/03_角色/角色库/05_头像与高清素材/头像切片79/H25.png,黎黎隆项目/03_角色/角色库/05_头像与高清素材/头像切片79/H25.png,03_角色/角色库/05_头像与高清素材/头像切片79/H25.png,01_世界观/04_统合总卷_20260925/黎黎隆_角色头像总文件_按地方_v0.1.md | 03_角色/角色库/04_线B_60池/黎黎隆_角色头像总文件_按地方_v0.1.md | 自由意志世界观/10_角色/红桶_60池与S卡角色行.md | 自由意志世界观/10_角色/红桶_角色行.md,01_世界观/04_统合总卷_20260925/黎黎隆_角色头像总文件_按地方_v0.1.md | 03_角色/角色库/04_线B_60池/黎黎隆_角色头像总文件_按地方_v0.1.md | 自由意志世界观/10_角色/红桶_60池与S卡角色行.md | 自由意志世界观/10_角色/红桶_角色行.md,Markdown直接引用,主角色Canvas: 03_角色/角色库/角色总Canvas.canvas#red_60_H25（邻近文字：H25 灯影演者｜个人色 暗红）,,主角色Canvas: H25 灯影演者｜个人色 暗红,主Canvas有图片直链,03_角色/角色库/角色总Canvas.canvas,png,289,311,141897,d8922fa461da057d1124d5bd1c99ffc2ae54b5e43b2dd6f3c687f51db3e8177a,PASS_PNG,,沿用原库审核状态；此包不把候选/STAGING提升为定稿
LLL-R-0068,角色库,角色库素材,角色库图片｜05_头像与高清素材｜H26,文件名与目录层级；未逐张人工视觉描述,01_角色库_图片.zip,images/黎黎隆项目/03_角色/角色库/05_头像与高清素材/头像切片79/H26.png,黎黎隆项目/03_角色/角色库/05_头像与高清素材/头像切片79/H26.png,03_角色/角色库/05_头像与高清素材/头像切片79/H26.png,01_世界观/04_统合总卷_20260925/黎黎隆_角色头像总文件_按地方_v0.1.md | 03_角色/角色库/04_线B_60池/黎黎隆_角色头像总文件_按地方_v0.1.md | 自由意志世界观/10_角色/红桶_60池与S卡角色行.md | 自由意志世界观/10_角色/红桶_角色行.md,01_世界观/04_统合总卷_20260925/黎黎隆_角色头像总文件_按地方_v0.1.md | 03_角色/角色库/04_线B_60池/黎黎隆_角色头像总文件_按地方_v0.1.md | 自由意志世界观/10_角色/红桶_60池与S卡角色行.md | 自由意志世界观/10_角色/红桶_角色行.md,Markdown直接引用,主角色Canvas: 03_角色/角色库/角色总Canvas.canvas#red_60_H26（邻近文字：H26 迁名旅者｜个人色 灰紫）,,主角色Canvas: H26 迁名旅者｜个人色 灰紫,主Canvas有图片直链,03_角色/角色库/角色总Canvas.canvas,png,296,286,151001,4d6603989b6ebbf25cccd0a95c86e7c203a2f5cbf761cd268a8bcfd9d2bcb311,PASS_PNG,,沿用原库审核状态；此包不把候选/STAGING提升为定稿
LLL-R-0069,角色库,角色库素材,角色库图片｜05_头像与高清素材｜H27,文件名与目录层级；未逐张人工视觉描述,01_角色库_图片.zip,images/黎黎隆项目/03_角色/角色库/05_头像与高清素材/头像切片79/H27.png,黎黎隆项目/03_角色/角色库/05_头像与高清素材/头像切片79/H27.png,03_角色/角色库/05_头像与高清素材/头像切片79/H27.png,01_世界观/04_统合总卷_20260925/黎黎隆_角色头像总文件_按地方_v0.1.md | 03_角色/角色库/04_线B_60池/黎黎隆_角色头像总文件_按地方_v0.1.md | 自由意志世界观/10_角色/白桶_角色行.md,01_世界观/04_统合总卷_20260925/黎黎隆_角色头像总文件_按地方_v0.1.md | 03_角色/角色库/04_线B_60池/黎黎隆_角色头像总文件_按地方_v0.1.md | 自由意志世界观/10_角色/白桶_角色行.md,Markdown直接引用,主角色Canvas: 03_角色/角色库/角色总Canvas.canvas#white_60_H27（邻近文字：⚪ 白桶｜雾与中立（22） 无阵营生活者 · 未觉醒 · 群像）,,主角色Canvas: ⚪ 白桶｜雾与中立（22） 无阵营生活者 · 未觉醒 · 群像,主Canvas有图片直链,03_角色/角色库/角色总Canvas.canvas,png,324,284,126874,065ec0b73670034aac2562f9b9a6ae3a469ebdb8602ad4ae64019510a5275e8c,PASS_PNG,,沿用原库审核状态；此包不把候选/STAGING提升为定稿
LLL-R-0070,角色库,角色库素材,角色库图片｜05_头像与高清素材｜H28,文件名与目录层级；未逐张人工视觉描述,01_角色库_图片.zip,images/黎黎隆项目/03_角色/角色库/05_头像与高清素材/头像切片79/H28.png,黎黎隆项目/03_角色/角色库/05_头像与高清素材/头像切片79/H28.png,03_角色/角色库/05_头像与高清素材/头像切片79/H28.png,01_世界观/04_统合总卷_20260925/黎黎隆_角色头像总文件_按地方_v0.1.md | 03_角色/角色库/04_线B_60池/黎黎隆_角色头像总文件_按地方_v0.1.md | 自由意志世界观/10_角色/白桶_角色行.md,01_世界观/04_统合总卷_20260925/黎黎隆_角色头像总文件_按地方_v0.1.md | 03_角色/角色库/04_线B_60池/黎黎隆_角色头像总文件_按地方_v0.1.md | 自由意志世界观/10_角色/白桶_角色行.md,Markdown直接引用,主角色Canvas: 03_角色/角色库/角色总Canvas.canvas#white_60_H28（邻近文字：⚪ 白桶｜雾与中立（22） 无阵营生活者 · 未觉醒 · 群像）,,主角色Canvas: ⚪ 白桶｜雾与中立（22） 无阵营生活者 · 未觉醒 · 群像,主Canvas有图片直链,03_角色/角色库/角色总Canvas.canvas,png,324,285,133328,0642748a0c48e22e0d73f80567b5e44fe8c50fc195abc6e598341644d75e7867,PASS_PNG,,沿用原库审核状态；此包不把候选/STAGING提升为定稿
LLL-R-0071,角色库,角色库素材,角色库图片｜05_头像与高清素材｜H29,文件名与目录层级；未逐张人工视觉描述,01_角色库_图片.zip,images/黎黎隆项目/03_角色/角色库/05_头像与高清素材/头像切片79/H29.png,黎黎隆项目/03_角色/角色库/05_头像与高清素材/头像切片79/H29.png,03_角色/角色库/05_头像与高清素材/头像切片79/H29.png,01_世界观/04_统合总卷_20260925/黎黎隆_角色头像总文件_按地方_v0.1.md | 03_角色/角色库/04_线B_60池/黎黎隆_角色头像总文件_按地方_v0.1.md | 自由意志世界观/10_角色/红桶_60池与S卡角色行.md | 自由意志世界观/10_角色/红桶_角色行.md,01_世界观/04_统合总卷_20260925/黎黎隆_角色头像总文件_按地方_v0.1.md | 03_角色/角色库/04_线B_60池/黎黎隆_角色头像总文件_按地方_v0.1.md | 自由意志世界观/10_角色/红桶_60池与S卡角色行.md | 自由意志世界观/10_角色/红桶_角色行.md,Markdown直接引用,主角色Canvas: 03_角色/角色库/角色总Canvas.canvas#red_60_H29（邻近文字：H29 多身共鸣体｜个人色 青绿）,,主角色Canvas: H29 多身共鸣体｜个人色 青绿,主Canvas有图片直链,03_角色/角色库/角色总Canvas.canvas,png,324,284,156277,1c40ba66af2d53de32c274fbbef7e00b75dbe076e8cfcc1f3c9fe40b1efe1f62,PASS_PNG,,沿用原库审核状态；此包不把候选/STAGING提升为定稿
LLL-R-0072,角色库,角色库素材,角色库图片｜05_头像与高清素材｜H30,文件名与目录层级；未逐张人工视觉描述,01_角色库_图片.zip,images/黎黎隆项目/03_角色/角色库/05_头像与高清素材/头像切片79/H30.png,黎黎隆项目/03_角色/角色库/05_头像与高清素材/头像切片79/H30.png,03_角色/角色库/05_头像与高清素材/头像切片79/H30.png,01_世界观/04_统合总卷_20260925/黎黎隆_角色头像总文件_按地方_v0.1.md | 03_角色/角色库/04_线B_60池/黎黎隆_角色头像总文件_按地方_v0.1.md | 自由意志世界观/10_角色/粉桶_60池角色行.md | 自由意志世界观/10_角色/粉桶_角色行.md,01_世界观/04_统合总卷_20260925/黎黎隆_角色头像总文件_按地方_v0.1.md | 03_角色/角色库/04_线B_60池/黎黎隆_角色头像总文件_按地方_v0.1.md | 自由意志世界观/10_角色/粉桶_60池角色行.md | 自由意志世界观/10_角色/粉桶_角色行.md,Markdown直接引用,主角色Canvas: 03_角色/角色库/角色总Canvas.canvas#pink_60_H30（邻近文字：🟣 粉桶｜古老派（13） 组织：O5 生态共生 · 诡异魔法 不争霸只交易）,,主角色Canvas: 🟣 粉桶｜古老派（13） 组织：O5 生态共生 · 诡异魔法 不争霸只交易,主Canvas有图片直链,03_角色/角色库/角色总Canvas.canvas,png,306,283,154414,fb60e9ca57e68f7b1ad988e18725b0c7cb68b4077b7dc1fd4d42289a61330e55,PASS_PNG,,沿用原库审核状态；此包不把候选/STAGING提升为定稿
LLL-R-0073,角色库,角色库素材,角色库图片｜05_头像与高清素材｜N01,文件名与目录层级；未逐张人工视觉描述,01_角色库_图片.zip,images/黎黎隆项目/03_角色/角色库/05_头像与高清素材/头像切片79/N01.png,黎黎隆项目/03_角色/角色库/05_头像与高清素材/头像切片79/N01.png,03_角色/角色库/05_头像与高清素材/头像切片79/N01.png,01_世界观/04_统合总卷_20260925/黎黎隆_角色头像总文件_按地方_v0.1.md | 03_角色/角色库/04_线B_60池/黎黎隆_角色头像总文件_按地方_v0.1.md | 自由意志世界观/10_角色/红桶_60池与S卡角色行.md | 自由意志世界观/10_角色/红桶_角色行.md,01_世界观/04_统合总卷_20260925/黎黎隆_角色头像总文件_按地方_v0.1.md | 03_角色/角色库/04_线B_60池/黎黎隆_角色头像总文件_按地方_v0.1.md | 自由意志世界观/10_角色/红桶_60池与S卡角色行.md | 自由意志世界观/10_角色/红桶_角色行.md,Markdown直接引用,主角色Canvas: 03_角色/角色库/角色总Canvas.canvas#red_60_N01（邻近文字：N01 潮标拨路人｜个人色 青绿）,,主角色Canvas: N01 潮标拨路人｜个人色 青绿,主Canvas有图片直链,03_角色/角色库/角色总Canvas.canvas,png,297,300,144524,33bb0483ad16263b091f291aa9c36fd7307beb94072b1a6cbbebfd341e976a76,PASS_PNG,,沿用原库审核状态；此包不把候选/STAGING提升为定稿
LLL-R-0074,角色库,角色库素材,角色库图片｜05_头像与高清素材｜N02,文件名与目录层级；未逐张人工视觉描述,01_角色库_图片.zip,images/黎黎隆项目/03_角色/角色库/05_头像与高清素材/头像切片79/N02.png,黎黎隆项目/03_角色/角色库/05_头像与高清素材/头像切片79/N02.png,03_角色/角色库/05_头像与高清素材/头像切片79/N02.png,01_世界观/04_统合总卷_20260925/黎黎隆_角色头像总文件_按地方_v0.1.md | 03_角色/角色库/04_线B_60池/黎黎隆_角色头像总文件_按地方_v0.1.md | 自由意志世界观/10_角色/青桶_角色行.md,01_世界观/04_统合总卷_20260925/黎黎隆_角色头像总文件_按地方_v0.1.md | 03_角色/角色库/04_线B_60池/黎黎隆_角色头像总文件_按地方_v0.1.md | 自由意志世界观/10_角色/青桶_角色行.md,Markdown直接引用,主角色Canvas: 03_角色/角色库/角色总Canvas.canvas#cyan_city_N02（邻近文字：⚪ 白桶｜雾与中立（22） 无阵营生活者 · 未觉醒 · 群像）,,主角色Canvas: ⚪ 白桶｜雾与中立（22） 无阵营生活者 · 未觉醒 · 群像,主Canvas有图片直链,03_角色/角色库/角色总Canvas.canvas,png,292,304,140250,ca1e8804dfcf74909dd94f94f1a12f90c5d9cf0b4726f4196aab3e075ad036b0,PASS_PNG,,沿用原库审核状态；此包不把候选/STAGING提升为定稿
LLL-R-0075,角色库,角色库素材,角色库图片｜05_头像与高清素材｜N03,文件名与目录层级；未逐张人工视觉描述,01_角色库_图片.zip,images/黎黎隆项目/03_角色/角色库/05_头像与高清素材/头像切片79/N03.png,黎黎隆项目/03_角色/角色库/05_头像与高清素材/头像切片79/N03.png,03_角色/角色库/05_头像与高清素材/头像切片79/N03.png,01_世界观/04_统合总卷_20260925/黎黎隆_角色头像总文件_按地方_v0.1.md | 03_角色/角色库/04_线B_60池/黎黎隆_角色头像总文件_按地方_v0.1.md | 自由意志世界观/10_角色/青桶_角色行.md,01_世界观/04_统合总卷_20260925/黎黎隆_角色头像总文件_按地方_v0.1.md | 03_角色/角色库/04_线B_60池/黎黎隆_角色头像总文件_按地方_v0.1.md | 自由意志世界观/10_角色/青桶_角色行.md,Markdown直接引用,主角色Canvas: 03_角色/角色库/角色总Canvas.canvas#cyan_city_N03（邻近文字：⚪ 白桶｜雾与中立（22） 无阵营生活者 · 未觉醒 · 群像）,,主角色Canvas: ⚪ 白桶｜雾与中立（22） 无阵营生活者 · 未觉醒 · 群像,主Canvas有图片直链,03_角色/角色库/角色总Canvas.canvas,png,324,315,154682,b808126f2e6255ffb0d221641efe758963869b914cfb4409a310e914108de6b5,PASS_PNG,,沿用原库审核状态；此包不把候选/STAGING提升为定稿
LLL-R-0076,角色库,角色库素材,角色库图片｜05_头像与高清素材｜N04,文件名与目录层级；未逐张人工视觉描述,01_角色库_图片.zip,images/黎黎隆项目/03_角色/角色库/05_头像与高清素材/头像切片79/N04.png,黎黎隆项目/03_角色/角色库/05_头像与高清素材/头像切片79/N04.png,03_角色/角色库/05_头像与高清素材/头像切片79/N04.png,01_世界观/04_统合总卷_20260925/黎黎隆_角色头像总文件_按地方_v0.1.md | 03_角色/角色库/04_线B_60池/黎黎隆_角色头像总文件_按地方_v0.1.md | 自由意志世界观/10_角色/青桶_角色行.md,01_世界观/04_统合总卷_20260925/黎黎隆_角色头像总文件_按地方_v0.1.md | 03_角色/角色库/04_线B_60池/黎黎隆_角色头像总文件_按地方_v0.1.md | 自由意志世界观/10_角色/青桶_角色行.md,Markdown直接引用,主角色Canvas: 03_角色/角色库/角色总Canvas.canvas#cyan_city_N04（邻近文字：⚪ 白桶｜雾与中立（22） 无阵营生活者 · 未觉醒 · 群像）,,主角色Canvas: ⚪ 白桶｜雾与中立（22） 无阵营生活者 · 未觉醒 · 群像,主Canvas有图片直链,03_角色/角色库/角色总Canvas.canvas,png,324,306,161737,06891a29139923eb438b49a217df10e3e46a2baecaa2b9bd04a883a67bde7794,PASS_PNG,,沿用原库审核状态；此包不把候选/STAGING提升为定稿
LLL-R-0077,角色库,角色库素材,角色库图片｜05_头像与高清素材｜N05,文件名与目录层级；未逐张人工视觉描述,01_角色库_图片.zip,images/黎黎隆项目/03_角色/角色库/05_头像与高清素材/头像切片79/N05.png,黎黎隆项目/03_角色/角色库/05_头像与高清素材/头像切片79/N05.png,03_角色/角色库/05_头像与高清素材/头像切片79/N05.png,01_世界观/04_统合总卷_20260925/黎黎隆_角色头像总文件_按地方_v0.1.md | 03_角色/角色库/04_线B_60池/黎黎隆_角色头像总文件_按地方_v0.1.md | 自由意志世界观/10_角色/青桶_角色行.md,01_世界观/04_统合总卷_20260925/黎黎隆_角色头像总文件_按地方_v0.1.md | 03_角色/角色库/04_线B_60池/黎黎隆_角色头像总文件_按地方_v0.1.md | 自由意志世界观/10_角色/青桶_角色行.md,Markdown直接引用,主角色Canvas: 03_角色/角色库/角色总Canvas.canvas#cyan_city_N05（邻近文字：⚪ 白桶｜雾与中立（22） 无阵营生活者 · 未觉醒 · 群像）,,主角色Canvas: ⚪ 白桶｜雾与中立（22） 无阵营生活者 · 未觉醒 · 群像,主Canvas有图片直链,03_角色/角色库/角色总Canvas.canvas,png,296,291,152001,68e5bdb5874f1faffeeab96e90515324a9a4379a243f62430e0d32c06579b1ee,PASS_PNG,,沿用原库审核状态；此包不把候选/STAGING提升为定稿
LLL-R-0078,角色库,角色库素材,角色库图片｜05_头像与高清素材｜N06,文件名与目录层级；未逐张人工视觉描述,01_角色库_图片.zip,images/黎黎隆项目/03_角色/角色库/05_头像与高清素材/头像切片79/N06.png,黎黎隆项目/03_角色/角色库/05_头像与高清素材/头像切片79/N06.png,03_角色/角色库/05_头像与高清素材/头像切片79/N06.png,01_世界观/04_统合总卷_20260925/黎黎隆_角色头像总文件_按地方_v0.1.md | 03_角色/角色库/04_线B_60池/黎黎隆_角色头像总文件_按地方_v0.1.md | 自由意志世界观/10_角色/白桶_角色行.md,01_世界观/04_统合总卷_20260925/黎黎隆_角色头像总文件_按地方_v0.1.md | 03_角色/角色库/04_线B_60池/黎黎隆_角色头像总文件_按地方_v0.1.md | 自由意志世界观/10_角色/白桶_角色行.md,Markdown直接引用,主角色Canvas: 03_角色/角色库/角色总Canvas.canvas#cyan_city_N06（邻近文字：O2 佛教 苦修抑制·拒绝植入）,,主角色Canvas: O2 佛教 苦修抑制·拒绝植入,主Canvas有图片直链,03_角色/角色库/角色总Canvas.canvas,png,304,324,153162,ef1addfacc9c6dda7d8ca6cf00da67e05c9bb2bd88541abadceab5b90d0c9ebf,PASS_PNG,,沿用原库审核状态；此包不把候选/STAGING提升为定稿
LLL-R-0079,角色库,角色库素材,角色库图片｜05_头像与高清素材｜N07,文件名与目录层级；未逐张人工视觉描述,01_角色库_图片.zip,images/黎黎隆项目/03_角色/角色库/05_头像与高清素材/头像切片79/N07.png,黎黎隆项目/03_角色/角色库/05_头像与高清素材/头像切片79/N07.png,03_角色/角色库/05_头像与高清素材/头像切片79/N07.png,01_世界观/04_统合总卷_20260925/黎黎隆_角色头像总文件_按地方_v0.1.md | 03_角色/角色库/04_线B_60池/黎黎隆_角色头像总文件_按地方_v0.1.md | 自由意志世界观/10_角色/青桶_角色行.md,01_世界观/04_统合总卷_20260925/黎黎隆_角色头像总文件_按地方_v0.1.md | 03_角色/角色库/04_线B_60池/黎黎隆_角色头像总文件_按地方_v0.1.md | 自由意志世界观/10_角色/青桶_角色行.md,Markdown直接引用,主角色Canvas: 03_角色/角色库/角色总Canvas.canvas#cyan_city_N07（邻近文字：⚪ 白桶｜雾与中立（22） 无阵营生活者 · 未觉醒 · 群像）,,主角色Canvas: ⚪ 白桶｜雾与中立（22） 无阵营生活者 · 未觉醒 · 群像,主Canvas有图片直链,03_角色/角色库/角色总Canvas.canvas,png,304,324,155388,7f9166df23017f181f548dba6d4202735b89aa6930f60391c13b235f79b07ea0,PASS_PNG,,沿用原库审核状态；此包不把候选/STAGING提升为定稿
LLL-R-0080,角色库,角色库素材,角色库图片｜05_头像与高清素材｜N08,文件名与目录层级；未逐张人工视觉描述,01_角色库_图片.zip,images/黎黎隆项目/03_角色/角色库/05_头像与高清素材/头像切片79/N08.png,黎黎隆项目/03_角色/角色库/05_头像与高清素材/头像切片79/N08.png,03_角色/角色库/05_头像与高清素材/头像切片79/N08.png,01_世界观/04_统合总卷_20260925/黎黎隆_角色头像总文件_按地方_v0.1.md | 03_角色/角色库/04_线B_60池/黎黎隆_角色头像总文件_按地方_v0.1.md | 自由意志世界观/10_角色/粉桶_60池角色行.md | 自由意志世界观/10_角色/粉桶_角色行.md,01_世界观/04_统合总卷_20260925/黎黎隆_角色头像总文件_按地方_v0.1.md | 03_角色/角色库/04_线B_60池/黎黎隆_角色头像总文件_按地方_v0.1.md | 自由意志世界观/10_角色/粉桶_60池角色行.md | 自由意志世界观/10_角色/粉桶_角色行.md,Markdown直接引用,主角色Canvas: 03_角色/角色库/角色总Canvas.canvas#pink_60_N08（邻近文字：60池粉10人（生态共生位） 城市生态边缘·南侧栖地带·西南·东北树屋·北迁徙·东拾材）,,主角色Canvas: 60池粉10人（生态共生位） 城市生态边缘·南侧栖地带·西南·东北树屋·北迁徙·东拾材,主Canvas有图片直链,03_角色/角色库/角色总Canvas.canvas,png,297,309,137891,81c61cd99506b7e0af4d8512b9b9f830c248f52659a07896ae5fa25acf58e0ca,PASS_PNG,,沿用原库审核状态；此包不把候选/STAGING提升为定稿
LLL-R-0081,角色库,角色库素材,角色库图片｜05_头像与高清素材｜N09,文件名与目录层级；未逐张人工视觉描述,01_角色库_图片.zip,images/黎黎隆项目/03_角色/角色库/05_头像与高清素材/头像切片79/N09.png,黎黎隆项目/03_角色/角色库/05_头像与高清素材/头像切片79/N09.png,03_角色/角色库/05_头像与高清素材/头像切片79/N09.png,01_世界观/04_统合总卷_20260925/黎黎隆_角色头像总文件_按地方_v0.1.md | 03_角色/角色库/04_线B_60池/黎黎隆_角色头像总文件_按地方_v0.1.md | 自由意志世界观/10_角色/青桶_角色行.md,01_世界观/04_统合总卷_20260925/黎黎隆_角色头像总文件_按地方_v0.1.md | 03_角色/角色库/04_线B_60池/黎黎隆_角色头像总文件_按地方_v0.1.md | 自由意志世界观/10_角色/青桶_角色行.md,Markdown直接引用,主角色Canvas: 03_角色/角色库/角色总Canvas.canvas#cyan_city_N09（邻近文字：⚪ 白桶｜雾与中立（22） 无阵营生活者 · 未觉醒 · 群像）,,主角色Canvas: ⚪ 白桶｜雾与中立（22） 无阵营生活者 · 未觉醒 · 群像,主Canvas有图片直链,03_角色/角色库/角色总Canvas.canvas,png,324,324,160750,c509938396e9c795b915b9c07d87b5cabaf39f183de09f58089774e9626f035b,PASS_PNG,,沿用原库审核状态；此包不把候选/STAGING提升为定稿
LLL-R-0082,角色库,角色库素材,角色库图片｜05_头像与高清素材｜N10,文件名与目录层级；未逐张人工视觉描述,01_角色库_图片.zip,images/黎黎隆项目/03_角色/角色库/05_头像与高清素材/头像切片79/N10.png,黎黎隆项目/03_角色/角色库/05_头像与高清素材/头像切片79/N10.png,03_角色/角色库/05_头像与高清素材/头像切片79/N10.png,01_世界观/04_统合总卷_20260925/黎黎隆_角色头像总文件_按地方_v0.1.md | 03_角色/角色库/04_线B_60池/黎黎隆_角色头像总文件_按地方_v0.1.md | 自由意志世界观/10_角色/青桶_角色行.md,01_世界观/04_统合总卷_20260925/黎黎隆_角色头像总文件_按地方_v0.1.md | 03_角色/角色库/04_线B_60池/黎黎隆_角色头像总文件_按地方_v0.1.md | 自由意志世界观/10_角色/青桶_角色行.md,Markdown直接引用,主角色Canvas: 03_角色/角色库/角色总Canvas.canvas#cyan_city_N10（邻近文字：O2 佛教 苦修抑制·拒绝植入）,,主角色Canvas: O2 佛教 苦修抑制·拒绝植入,主Canvas有图片直链,03_角色/角色库/角色总Canvas.canvas,png,313,324,161496,068f9e819fdf5906a034c7bf44d763e6662ad5ae7be4e34323e8100166ae45cc,PASS_PNG,,沿用原库审核状态；此包不把候选/STAGING提升为定稿
LLL-R-0083,角色库,角色库素材,角色库图片｜05_头像与高清素材｜N11,文件名与目录层级；未逐张人工视觉描述,01_角色库_图片.zip,images/黎黎隆项目/03_角色/角色库/05_头像与高清素材/头像切片79/N11.png,黎黎隆项目/03_角色/角色库/05_头像与高清素材/头像切片79/N11.png,03_角色/角色库/05_头像与高清素材/头像切片79/N11.png,01_世界观/04_统合总卷_20260925/黎黎隆_角色头像总文件_按地方_v0.1.md | 03_角色/角色库/04_线B_60池/黎黎隆_角色头像总文件_按地方_v0.1.md | 自由意志世界观/10_角色/青桶_角色行.md,01_世界观/04_统合总卷_20260925/黎黎隆_角色头像总文件_按地方_v0.1.md | 03_角色/角色库/04_线B_60池/黎黎隆_角色头像总文件_按地方_v0.1.md | 自由意志世界观/10_角色/青桶_角色行.md,Markdown直接引用,主角色Canvas: 03_角色/角色库/角色总Canvas.canvas#cyan_city_N11（邻近文字：⚪ 白桶｜雾与中立（22） 无阵营生活者 · 未觉醒 · 群像）,,主角色Canvas: ⚪ 白桶｜雾与中立（22） 无阵营生活者 · 未觉醒 · 群像,主Canvas有图片直链,03_角色/角色库/角色总Canvas.canvas,png,298,297,166328,752a7949f8c5c43ba44fe5908d54f39db5ae56ace1cf08fda49ba34c3f621a3c,PASS_PNG,,沿用原库审核状态；此包不把候选/STAGING提升为定稿
LLL-R-0084,角色库,角色库素材,角色库图片｜05_头像与高清素材｜N12,文件名与目录层级；未逐张人工视觉描述,01_角色库_图片.zip,images/黎黎隆项目/03_角色/角色库/05_头像与高清素材/头像切片79/N12.png,黎黎隆项目/03_角色/角色库/05_头像与高清素材/头像切片79/N12.png,03_角色/角色库/05_头像与高清素材/头像切片79/N12.png,01_世界观/04_统合总卷_20260925/黎黎隆_角色头像总文件_按地方_v0.1.md | 03_角色/角色库/04_线B_60池/黎黎隆_角色头像总文件_按地方_v0.1.md,01_世界观/04_统合总卷_20260925/黎黎隆_角色头像总文件_按地方_v0.1.md | 03_角色/角色库/04_线B_60池/黎黎隆_角色头像总文件_按地方_v0.1.md,Markdown直接引用,,,,未找到图片直接节点,03_角色/角色库/角色总Canvas.canvas,png,308,298,145589,061126a16c1a670b34e6d35e5892a01a9d399666d8ca84f16ead5637464f1c25,PASS_PNG,,沿用原库审核状态；此包不把候选/STAGING提升为定稿
LLL-R-0085,角色库,角色库素材,角色库图片｜05_头像与高清素材｜N13,文件名与目录层级；未逐张人工视觉描述,01_角色库_图片.zip,images/黎黎隆项目/03_角色/角色库/05_头像与高清素材/头像切片79/N13.png,黎黎隆项目/03_角色/角色库/05_头像与高清素材/头像切片79/N13.png,03_角色/角色库/05_头像与高清素材/头像切片79/N13.png,01_世界观/04_统合总卷_20260925/黎黎隆_角色头像总文件_按地方_v0.1.md | 03_角色/角色库/04_线B_60池/黎黎隆_角色头像总文件_按地方_v0.1.md | 自由意志世界观/10_角色/青桶_角色行.md,01_世界观/04_统合总卷_20260925/黎黎隆_角色头像总文件_按地方_v0.1.md | 03_角色/角色库/04_线B_60池/黎黎隆_角色头像总文件_按地方_v0.1.md | 自由意志世界观/10_角色/青桶_角色行.md,Markdown直接引用,主角色Canvas: 03_角色/角色库/角色总Canvas.canvas#cyan_city_N13（邻近文字：⚪ 白桶｜雾与中立（22） 无阵营生活者 · 未觉醒 · 群像）,,主角色Canvas: ⚪ 白桶｜雾与中立（22） 无阵营生活者 · 未觉醒 · 群像,主Canvas有图片直链,03_角色/角色库/角色总Canvas.canvas,png,324,299,158406,8c5d1866c6787212d788b449552ed9af879c83ab16ffd9b962d609f0d128f4e1,PASS_PNG,,沿用原库审核状态；此包不把候选/STAGING提升为定稿
LLL-R-0086,角色库,角色库素材,角色库图片｜05_头像与高清素材｜N14,文件名与目录层级；未逐张人工视觉描述,01_角色库_图片.zip,images/黎黎隆项目/03_角色/角色库/05_头像与高清素材/头像切片79/N14.png,黎黎隆项目/03_角色/角色库/05_头像与高清素材/头像切片79/N14.png,03_角色/角色库/05_头像与高清素材/头像切片79/N14.png,01_世界观/04_统合总卷_20260925/黎黎隆_角色头像总文件_按地方_v0.1.md | 03_角色/角色库/04_线B_60池/黎黎隆_角色头像总文件_按地方_v0.1.md | 自由意志世界观/10_角色/红桶_60池与S卡角色行.md | 自由意志世界观/10_角色/红桶_角色行.md,01_世界观/04_统合总卷_20260925/黎黎隆_角色头像总文件_按地方_v0.1.md | 03_角色/角色库/04_线B_60池/黎黎隆_角色头像总文件_按地方_v0.1.md | 自由意志世界观/10_角色/红桶_60池与S卡角色行.md | 自由意志世界观/10_角色/红桶_角色行.md,Markdown直接引用,主角色Canvas: 03_角色/角色库/角色总Canvas.canvas#red_60_N14（邻近文字：N14 发光罩面代言者｜个人色 灰紫）,,主角色Canvas: N14 发光罩面代言者｜个人色 灰紫,主Canvas有图片直链,03_角色/角色库/角色总Canvas.canvas,png,324,301,166628,20ec779ee6cb94eb31a7d42287e8d1b6cd44a2bdad772ab5076ca04117e2fc45,PASS_PNG,,沿用原库审核状态；此包不把候选/STAGING提升为定稿
LLL-R-0087,角色库,角色库素材,角色库图片｜05_头像与高清素材｜N15,文件名与目录层级；未逐张人工视觉描述,01_角色库_图片.zip,images/黎黎隆项目/03_角色/角色库/05_头像与高清素材/头像切片79/N15.png,黎黎隆项目/03_角色/角色库/05_头像与高清素材/头像切片79/N15.png,03_角色/角色库/05_头像与高清素材/头像切片79/N15.png,01_世界观/04_统合总卷_20260925/黎黎隆_角色头像总文件_按地方_v0.1.md | 03_角色/角色库/04_线B_60池/黎黎隆_角色头像总文件_按地方_v0.1.md | 自由意志世界观/10_角色/白桶_角色行.md,01_世界观/04_统合总卷_20260925/黎黎隆_角色头像总文件_按地方_v0.1.md | 03_角色/角色库/04_线B_60池/黎黎隆_角色头像总文件_按地方_v0.1.md | 自由意志世界观/10_角色/白桶_角色行.md,Markdown直接引用,主角色Canvas: 03_角色/角色库/角色总Canvas.canvas#white_60_N15（邻近文字：⚪ 白桶｜雾与中立（22） 无阵营生活者 · 未觉醒 · 群像）,,主角色Canvas: ⚪ 白桶｜雾与中立（22） 无阵营生活者 · 未觉醒 · 群像,主Canvas有图片直链,03_角色/角色库/角色总Canvas.canvas,png,298,299,160289,5e4a007c56826b6659b6ecdf1bb11cefb770a0a60ce5963039d494300122605f,PASS_PNG,,沿用原库审核状态；此包不把候选/STAGING提升为定稿
LLL-R-0088,角色库,角色库素材,角色库图片｜05_头像与高清素材｜N16,文件名与目录层级；未逐张人工视觉描述,01_角色库_图片.zip,images/黎黎隆项目/03_角色/角色库/05_头像与高清素材/头像切片79/N16.png,黎黎隆项目/03_角色/角色库/05_头像与高清素材/头像切片79/N16.png,03_角色/角色库/05_头像与高清素材/头像切片79/N16.png,01_世界观/04_统合总卷_20260925/黎黎隆_角色头像总文件_按地方_v0.1.md | 03_角色/角色库/04_线B_60池/黎黎隆_角色头像总文件_按地方_v0.1.md | 自由意志世界观/10_角色/青桶_角色行.md,01_世界观/04_统合总卷_20260925/黎黎隆_角色头像总文件_按地方_v0.1.md | 03_角色/角色库/04_线B_60池/黎黎隆_角色头像总文件_按地方_v0.1.md | 自由意志世界观/10_角色/青桶_角色行.md,Markdown直接引用,主角色Canvas: 03_角色/角色库/角色总Canvas.canvas#cyan_border_N16（邻近文字：60池青·边境遗迹6人 H13北回声林·H11东裂隙·N16浮孢·N21暗河·N24遗迹门·N29孢环）,,主角色Canvas: 60池青·边境遗迹6人 H13北回声林·H11东裂隙·N16浮孢·N21暗河·N24遗迹门·N29孢环,主Canvas有图片直链,03_角色/角色库/角色总Canvas.canvas,png,298,305,151685,35a8f0f10ac7c2e746fafebb3dbbfdd7e23438deae5d3976792e9e30f1bf3c59,PASS_PNG,,沿用原库审核状态；此包不把候选/STAGING提升为定稿
LLL-R-0089,角色库,角色库素材,角色库图片｜05_头像与高清素材｜N17,文件名与目录层级；未逐张人工视觉描述,01_角色库_图片.zip,images/黎黎隆项目/03_角色/角色库/05_头像与高清素材/头像切片79/N17.png,黎黎隆项目/03_角色/角色库/05_头像与高清素材/头像切片79/N17.png,03_角色/角色库/05_头像与高清素材/头像切片79/N17.png,01_世界观/04_统合总卷_20260925/黎黎隆_角色头像总文件_按地方_v0.1.md | 03_角色/角色库/04_线B_60池/黎黎隆_角色头像总文件_按地方_v0.1.md | 自由意志世界观/10_角色/红桶_60池与S卡角色行.md | 自由意志世界观/10_角色/红桶_角色行.md,01_世界观/04_统合总卷_20260925/黎黎隆_角色头像总文件_按地方_v0.1.md | 03_角色/角色库/04_线B_60池/黎黎隆_角色头像总文件_按地方_v0.1.md | 自由意志世界观/10_角色/红桶_60池与S卡角色行.md | 自由意志世界观/10_角色/红桶_角色行.md,Markdown直接引用,主角色Canvas: 03_角色/角色库/角色总Canvas.canvas#red_60_N17（邻近文字：N17 裂风回声探子｜个人色 墨青）,,主角色Canvas: N17 裂风回声探子｜个人色 墨青,主Canvas有图片直链,03_角色/角色库/角色总Canvas.canvas,png,323,308,163028,95b4ce4b93d5cd0b4735a8f1b86ca3178e27048c62bc9164d9a008e86132a50d,PASS_PNG,,沿用原库审核状态；此包不把候选/STAGING提升为定稿
LLL-R-0090,角色库,角色库素材,角色库图片｜05_头像与高清素材｜N18,文件名与目录层级；未逐张人工视觉描述,01_角色库_图片.zip,images/黎黎隆项目/03_角色/角色库/05_头像与高清素材/头像切片79/N18.png,黎黎隆项目/03_角色/角色库/05_头像与高清素材/头像切片79/N18.png,03_角色/角色库/05_头像与高清素材/头像切片79/N18.png,01_世界观/04_统合总卷_20260925/黎黎隆_角色头像总文件_按地方_v0.1.md | 03_角色/角色库/04_线B_60池/黎黎隆_角色头像总文件_按地方_v0.1.md | 自由意志世界观/10_角色/粉桶_60池角色行.md | 自由意志世界观/10_角色/粉桶_角色行.md,01_世界观/04_统合总卷_20260925/黎黎隆_角色头像总文件_按地方_v0.1.md | 03_角色/角色库/04_线B_60池/黎黎隆_角色头像总文件_按地方_v0.1.md | 自由意志世界观/10_角色/粉桶_60池角色行.md | 自由意志世界观/10_角色/粉桶_角色行.md,Markdown直接引用,主角色Canvas: 03_角色/角色库/角色总Canvas.canvas#pink_60_N18（邻近文字：🟣 粉桶｜古老派（13） 组织：O5 生态共生 · 诡异魔法 不争霸只交易）,,主角色Canvas: 🟣 粉桶｜古老派（13） 组织：O5 生态共生 · 诡异魔法 不争霸只交易,主Canvas有图片直链,03_角色/角色库/角色总Canvas.canvas,png,306,313,164001,3f90f4adecfb2d6eeb41f19a024666fac176b95801dd7ab41d2575a9221afb91,PASS_PNG,,沿用原库审核状态；此包不把候选/STAGING提升为定稿
LLL-R-0091,角色库,角色库素材,角色库图片｜05_头像与高清素材｜N19,文件名与目录层级；未逐张人工视觉描述,01_角色库_图片.zip,images/黎黎隆项目/03_角色/角色库/05_头像与高清素材/头像切片79/N19.png,黎黎隆项目/03_角色/角色库/05_头像与高清素材/头像切片79/N19.png,03_角色/角色库/05_头像与高清素材/头像切片79/N19.png,01_世界观/04_统合总卷_20260925/黎黎隆_角色头像总文件_按地方_v0.1.md | 03_角色/角色库/04_线B_60池/黎黎隆_角色头像总文件_按地方_v0.1.md | 自由意志世界观/10_角色/黑桶_角色行.md,01_世界观/04_统合总卷_20260925/黎黎隆_角色头像总文件_按地方_v0.1.md | 03_角色/角色库/04_线B_60池/黎黎隆_角色头像总文件_按地方_v0.1.md | 自由意志世界观/10_角色/黑桶_角色行.md,Markdown直接引用,主角色Canvas: 03_角色/角色库/角色总Canvas.canvas#black_m_N19（邻近文字：⬛ 黑桶｜墨青位（6） 骨 · 底 · 暗面 · 不可知）,,主角色Canvas: ⬛ 黑桶｜墨青位（6） 骨 · 底 · 暗面 · 不可知,主Canvas有图片直链,03_角色/角色库/角色总Canvas.canvas,png,324,304,159189,bdf450e7ebd058b20f1b0cfc9d7efa42bd6283d0fa3b52c0080cd259be540b27,PASS_PNG,,沿用原库审核状态；此包不把候选/STAGING提升为定稿
LLL-R-0092,角色库,角色库素材,角色库图片｜05_头像与高清素材｜N20,文件名与目录层级；未逐张人工视觉描述,01_角色库_图片.zip,images/黎黎隆项目/03_角色/角色库/05_头像与高清素材/头像切片79/N20.png,黎黎隆项目/03_角色/角色库/05_头像与高清素材/头像切片79/N20.png,03_角色/角色库/05_头像与高清素材/头像切片79/N20.png,01_世界观/04_统合总卷_20260925/黎黎隆_角色头像总文件_按地方_v0.1.md | 03_角色/角色库/04_线B_60池/黎黎隆_角色头像总文件_按地方_v0.1.md | 自由意志世界观/10_角色/粉桶_60池角色行.md | 自由意志世界观/10_角色/粉桶_角色行.md,01_世界观/04_统合总卷_20260925/黎黎隆_角色头像总文件_按地方_v0.1.md | 03_角色/角色库/04_线B_60池/黎黎隆_角色头像总文件_按地方_v0.1.md | 自由意志世界观/10_角色/粉桶_60池角色行.md | 自由意志世界观/10_角色/粉桶_角色行.md,Markdown直接引用,主角色Canvas: 03_角色/角色库/角色总Canvas.canvas#pink_60_N20（邻近文字：🟣 粉桶｜古老派（13） 组织：O5 生态共生 · 诡异魔法 不争霸只交易）,,主角色Canvas: 🟣 粉桶｜古老派（13） 组织：O5 生态共生 · 诡异魔法 不争霸只交易,主Canvas有图片直链,03_角色/角色库/角色总Canvas.canvas,png,310,315,167733,a1e1f1d69e28173cd1472b55d5e87368cc689ebb9e74f27961818fe1c978146c,PASS_PNG,,沿用原库审核状态；此包不把候选/STAGING提升为定稿
LLL-R-0093,角色库,角色库素材,角色库图片｜05_头像与高清素材｜N21,文件名与目录层级；未逐张人工视觉描述,01_角色库_图片.zip,images/黎黎隆项目/03_角色/角色库/05_头像与高清素材/头像切片79/N21.png,黎黎隆项目/03_角色/角色库/05_头像与高清素材/头像切片79/N21.png,03_角色/角色库/05_头像与高清素材/头像切片79/N21.png,01_世界观/04_统合总卷_20260925/黎黎隆_角色头像总文件_按地方_v0.1.md | 03_角色/角色库/04_线B_60池/黎黎隆_角色头像总文件_按地方_v0.1.md | 自由意志世界观/10_角色/青桶_角色行.md,01_世界观/04_统合总卷_20260925/黎黎隆_角色头像总文件_按地方_v0.1.md | 03_角色/角色库/04_线B_60池/黎黎隆_角色头像总文件_按地方_v0.1.md | 自由意志世界观/10_角色/青桶_角色行.md,Markdown直接引用,主角色Canvas: 03_角色/角色库/角色总Canvas.canvas#cyan_border_N21（邻近文字：60池青·边境遗迹6人 H13北回声林·H11东裂隙·N16浮孢·N21暗河·N24遗迹门·N29孢环）,,主角色Canvas: 60池青·边境遗迹6人 H13北回声林·H11东裂隙·N16浮孢·N21暗河·N24遗迹门·N29孢环,主Canvas有图片直链,03_角色/角色库/角色总Canvas.canvas,png,303,308,156883,0a5701c2095ab65b0cf33bb114c352929aa96cd049c951669ab28c316c89e359,PASS_PNG,,沿用原库审核状态；此包不把候选/STAGING提升为定稿
LLL-R-0094,角色库,角色库素材,角色库图片｜05_头像与高清素材｜N22,文件名与目录层级；未逐张人工视觉描述,01_角色库_图片.zip,images/黎黎隆项目/03_角色/角色库/05_头像与高清素材/头像切片79/N22.png,黎黎隆项目/03_角色/角色库/05_头像与高清素材/头像切片79/N22.png,03_角色/角色库/05_头像与高清素材/头像切片79/N22.png,01_世界观/04_统合总卷_20260925/黎黎隆_角色头像总文件_按地方_v0.1.md | 03_角色/角色库/04_线B_60池/黎黎隆_角色头像总文件_按地方_v0.1.md | 自由意志世界观/10_角色/粉桶_60池角色行.md | 自由意志世界观/10_角色/粉桶_角色行.md,01_世界观/04_统合总卷_20260925/黎黎隆_角色头像总文件_按地方_v0.1.md | 03_角色/角色库/04_线B_60池/黎黎隆_角色头像总文件_按地方_v0.1.md | 自由意志世界观/10_角色/粉桶_60池角色行.md | 自由意志世界观/10_角色/粉桶_角色行.md,Markdown直接引用,主角色Canvas: 03_角色/角色库/角色总Canvas.canvas#pink_60_N22（邻近文字：🟣 粉桶｜古老派（13） 组织：O5 生态共生 · 诡异魔法 不争霸只交易）,,主角色Canvas: 🟣 粉桶｜古老派（13） 组织：O5 生态共生 · 诡异魔法 不争霸只交易,主Canvas有图片直链,03_角色/角色库/角色总Canvas.canvas,png,323,306,158507,ec958ec6ef71712ee6c658fb07811ca11a4061f2a6f0ebfd7cc91af2613fb0d7,PASS_PNG,,沿用原库审核状态；此包不把候选/STAGING提升为定稿
LLL-R-0095,角色库,角色库素材,角色库图片｜05_头像与高清素材｜N23,文件名与目录层级；未逐张人工视觉描述,01_角色库_图片.zip,images/黎黎隆项目/03_角色/角色库/05_头像与高清素材/头像切片79/N23.png,黎黎隆项目/03_角色/角色库/05_头像与高清素材/头像切片79/N23.png,03_角色/角色库/05_头像与高清素材/头像切片79/N23.png,01_世界观/04_统合总卷_20260925/黎黎隆_角色头像总文件_按地方_v0.1.md | 03_角色/角色库/04_线B_60池/黎黎隆_角色头像总文件_按地方_v0.1.md,01_世界观/04_统合总卷_20260925/黎黎隆_角色头像总文件_按地方_v0.1.md | 03_角色/角色库/04_线B_60池/黎黎隆_角色头像总文件_按地方_v0.1.md,Markdown直接引用,,,,未找到图片直接节点,03_角色/角色库/角色总Canvas.canvas,png,309,324,169390,e3ed036778aefbd28adbaed76ef1cf865b8b11ecaafd66d4af41e81f01321707,PASS_PNG,,沿用原库审核状态；此包不把候选/STAGING提升为定稿
LLL-R-0096,角色库,角色库素材,角色库图片｜05_头像与高清素材｜N24,文件名与目录层级；未逐张人工视觉描述,01_角色库_图片.zip,images/黎黎隆项目/03_角色/角色库/05_头像与高清素材/头像切片79/N24.png,黎黎隆项目/03_角色/角色库/05_头像与高清素材/头像切片79/N24.png,03_角色/角色库/05_头像与高清素材/头像切片79/N24.png,01_世界观/04_统合总卷_20260925/黎黎隆_角色头像总文件_按地方_v0.1.md | 03_角色/角色库/04_线B_60池/黎黎隆_角色头像总文件_按地方_v0.1.md | 自由意志世界观/10_角色/青桶_角色行.md,01_世界观/04_统合总卷_20260925/黎黎隆_角色头像总文件_按地方_v0.1.md | 03_角色/角色库/04_线B_60池/黎黎隆_角色头像总文件_按地方_v0.1.md | 自由意志世界观/10_角色/青桶_角色行.md,Markdown直接引用,主角色Canvas: 03_角色/角色库/角色总Canvas.canvas#cyan_border_N24（邻近文字：⚪ 白桶｜雾与中立（22） 无阵营生活者 · 未觉醒 · 群像）,,主角色Canvas: ⚪ 白桶｜雾与中立（22） 无阵营生活者 · 未觉醒 · 群像,主Canvas有图片直链,03_角色/角色库/角色总Canvas.canvas,png,307,312,161723,c8db45d9cb45ae584984d0d0b499ab693928f50a03d8e2d07177593642ba2007,PASS_PNG,,沿用原库审核状态；此包不把候选/STAGING提升为定稿
LLL-R-0097,角色库,角色库素材,角色库图片｜05_头像与高清素材｜N25,文件名与目录层级；未逐张人工视觉描述,01_角色库_图片.zip,images/黎黎隆项目/03_角色/角色库/05_头像与高清素材/头像切片79/N25.png,黎黎隆项目/03_角色/角色库/05_头像与高清素材/头像切片79/N25.png,03_角色/角色库/05_头像与高清素材/头像切片79/N25.png,01_世界观/04_统合总卷_20260925/黎黎隆_角色头像总文件_按地方_v0.1.md | 03_角色/角色库/04_线B_60池/黎黎隆_角色头像总文件_按地方_v0.1.md | 自由意志世界观/10_角色/粉桶_60池角色行.md | 自由意志世界观/10_角色/粉桶_角色行.md,01_世界观/04_统合总卷_20260925/黎黎隆_角色头像总文件_按地方_v0.1.md | 03_角色/角色库/04_线B_60池/黎黎隆_角色头像总文件_按地方_v0.1.md | 自由意志世界观/10_角色/粉桶_60池角色行.md | 自由意志世界观/10_角色/粉桶_角色行.md,Markdown直接引用,主角色Canvas: 03_角色/角色库/角色总Canvas.canvas#pink_60_N25（邻近文字：🟣 粉桶｜古老派（13） 组织：O5 生态共生 · 诡异魔法 不争霸只交易）,,主角色Canvas: 🟣 粉桶｜古老派（13） 组织：O5 生态共生 · 诡异魔法 不争霸只交易,主Canvas有图片直链,03_角色/角色库/角色总Canvas.canvas,png,303,324,164418,02835ffac18b1d99b7f90b49a4a7d4a7fd47400f4fac81b7e7444b3b6b899f45,PASS_PNG,,沿用原库审核状态；此包不把候选/STAGING提升为定稿
LLL-R-0098,角色库,角色库素材,角色库图片｜05_头像与高清素材｜N26,文件名与目录层级；未逐张人工视觉描述,01_角色库_图片.zip,images/黎黎隆项目/03_角色/角色库/05_头像与高清素材/头像切片79/N26.png,黎黎隆项目/03_角色/角色库/05_头像与高清素材/头像切片79/N26.png,03_角色/角色库/05_头像与高清素材/头像切片79/N26.png,01_世界观/04_统合总卷_20260925/黎黎隆_角色头像总文件_按地方_v0.1.md | 03_角色/角色库/04_线B_60池/黎黎隆_角色头像总文件_按地方_v0.1.md | 自由意志世界观/10_角色/红桶_60池与S卡角色行.md | 自由意志世界观/10_角色/红桶_角色行.md,01_世界观/04_统合总卷_20260925/黎黎隆_角色头像总文件_按地方_v0.1.md | 03_角色/角色库/04_线B_60池/黎黎隆_角色头像总文件_按地方_v0.1.md | 自由意志世界观/10_角色/红桶_60池与S卡角色行.md | 自由意志世界观/10_角色/红桶_角色行.md,Markdown直接引用,主角色Canvas: 03_角色/角色库/角色总Canvas.canvas#red_60_N26（邻近文字：N26 褪地迁路人｜个人色 淡青灰）,,主角色Canvas: N26 褪地迁路人｜个人色 淡青灰,主Canvas有图片直链,03_角色/角色库/角色总Canvas.canvas,png,296,302,154468,faed95ec0b24ee3c4762ac071c57f5022bb3e8abe48f0088e807d34e7e363a53,PASS_PNG,,沿用原库审核状态；此包不把候选/STAGING提升为定稿
LLL-R-0099,角色库,角色库素材,角色库图片｜05_头像与高清素材｜N27,文件名与目录层级；未逐张人工视觉描述,01_角色库_图片.zip,images/黎黎隆项目/03_角色/角色库/05_头像与高清素材/头像切片79/N27.png,黎黎隆项目/03_角色/角色库/05_头像与高清素材/头像切片79/N27.png,03_角色/角色库/05_头像与高清素材/头像切片79/N27.png,01_世界观/04_统合总卷_20260925/黎黎隆_角色头像总文件_按地方_v0.1.md | 03_角色/角色库/04_线B_60池/黎黎隆_角色头像总文件_按地方_v0.1.md | 自由意志世界观/10_角色/黑桶_角色行.md,01_世界观/04_统合总卷_20260925/黎黎隆_角色头像总文件_按地方_v0.1.md | 03_角色/角色库/04_线B_60池/黎黎隆_角色头像总文件_按地方_v0.1.md | 自由意志世界观/10_角色/黑桶_角色行.md,Markdown直接引用,主角色Canvas: 03_角色/角色库/角色总Canvas.canvas#black_m_N27（邻近文字：⬛ 黑桶｜墨青位（6） 骨 · 底 · 暗面 · 不可知）,,主角色Canvas: ⬛ 黑桶｜墨青位（6） 骨 · 底 · 暗面 · 不可知,主Canvas有图片直链,03_角色/角色库/角色总Canvas.canvas,png,309,301,156042,7f6b1a873085317ec6f2cde75e466a5bcbd7020d378852263e7e512e81ef1c2b,PASS_PNG,,沿用原库审核状态；此包不把候选/STAGING提升为定稿
LLL-R-0100,角色库,角色库素材,角色库图片｜05_头像与高清素材｜N28,文件名与目录层级；未逐张人工视觉描述,01_角色库_图片.zip,images/黎黎隆项目/03_角色/角色库/05_头像与高清素材/头像切片79/N28.png,黎黎隆项目/03_角色/角色库/05_头像与高清素材/头像切片79/N28.png,03_角色/角色库/05_头像与高清素材/头像切片79/N28.png,01_世界观/04_统合总卷_20260925/黎黎隆_角色头像总文件_按地方_v0.1.md | 03_角色/角色库/04_线B_60池/黎黎隆_角色头像总文件_按地方_v0.1.md | 自由意志世界观/10_角色/粉桶_60池角色行.md | 自由意志世界观/10_角色/粉桶_角色行.md,01_世界观/04_统合总卷_20260925/黎黎隆_角色头像总文件_按地方_v0.1.md | 03_角色/角色库/04_线B_60池/黎黎隆_角色头像总文件_按地方_v0.1.md | 自由意志世界观/10_角色/粉桶_60池角色行.md | 自由意志世界观/10_角色/粉桶_角色行.md,Markdown直接引用,主角色Canvas: 03_角色/角色库/角色总Canvas.canvas#pink_60_N28（邻近文字：🟣 粉桶｜古老派（13） 组织：O5 生态共生 · 诡异魔法 不争霸只交易）,,主角色Canvas: 🟣 粉桶｜古老派（13） 组织：O5 生态共生 · 诡异魔法 不争霸只交易,主Canvas有图片直链,03_角色/角色库/角色总Canvas.canvas,png,324,301,160175,aed64780d4de0d641de15aa9082081b1471fad76c7ebac22ce2c1c3c01411788,PASS_PNG,,沿用原库审核状态；此包不把候选/STAGING提升为定稿
LLL-R-0101,角色库,角色库素材,角色库图片｜05_头像与高清素材｜N29,文件名与目录层级；未逐张人工视觉描述,01_角色库_图片.zip,images/黎黎隆项目/03_角色/角色库/05_头像与高清素材/头像切片79/N29.png,黎黎隆项目/03_角色/角色库/05_头像与高清素材/头像切片79/N29.png,03_角色/角色库/05_头像与高清素材/头像切片79/N29.png,01_世界观/04_统合总卷_20260925/黎黎隆_角色头像总文件_按地方_v0.1.md | 03_角色/角色库/04_线B_60池/黎黎隆_角色头像总文件_按地方_v0.1.md | 自由意志世界观/10_角色/青桶_角色行.md,01_世界观/04_统合总卷_20260925/黎黎隆_角色头像总文件_按地方_v0.1.md | 03_角色/角色库/04_线B_60池/黎黎隆_角色头像总文件_按地方_v0.1.md | 自由意志世界观/10_角色/青桶_角色行.md,Markdown直接引用,主角色Canvas: 03_角色/角色库/角色总Canvas.canvas#cyan_border_N29（邻近文字：⚪ 白桶｜雾与中立（22） 无阵营生活者 · 未觉醒 · 群像）,,主角色Canvas: ⚪ 白桶｜雾与中立（22） 无阵营生活者 · 未觉醒 · 群像,主Canvas有图片直链,03_角色/角色库/角色总Canvas.canvas,png,302,303,165326,0c8edfe6a8efea94df46a7426c2041851133a9e7c0aff39c736f328427656e71,PASS_PNG,,沿用原库审核状态；此包不把候选/STAGING提升为定稿
LLL-R-0102,角色库,角色库素材,角色库图片｜05_头像与高清素材｜N30,文件名与目录层级；未逐张人工视觉描述,01_角色库_图片.zip,images/黎黎隆项目/03_角色/角色库/05_头像与高清素材/头像切片79/N30.png,黎黎隆项目/03_角色/角色库/05_头像与高清素材/头像切片79/N30.png,03_角色/角色库/05_头像与高清素材/头像切片79/N30.png,01_世界观/04_统合总卷_20260925/黎黎隆_角色头像总文件_按地方_v0.1.md | 03_角色/角色库/04_线B_60池/黎黎隆_角色头像总文件_按地方_v0.1.md | 自由意志世界观/10_角色/红桶_60池与S卡角色行.md | 自由意志世界观/10_角色/红桶_角色行.md,01_世界观/04_统合总卷_20260925/黎黎隆_角色头像总文件_按地方_v0.1.md | 03_角色/角色库/04_线B_60池/黎黎隆_角色头像总文件_按地方_v0.1.md | 自由意志世界观/10_角色/红桶_60池与S卡角色行.md | 自由意志世界观/10_角色/红桶_角色行.md,Markdown直接引用,主角色Canvas: 03_角色/角色库/角色总Canvas.canvas#red_60_N30（邻近文字：N30 顺巢漂居者｜个人色 淡青灰）,,主角色Canvas: N30 顺巢漂居者｜个人色 淡青灰,主Canvas有图片直链,03_角色/角色库/角色总Canvas.canvas,png,290,301,146867,eec90399b9b75dbf2b747c9bd542ae537d323ebe0b2cc71becf0824a384604fc,PASS_PNG,,沿用原库审核状态；此包不把候选/STAGING提升为定稿
LLL-R-0103,角色库,角色库素材,角色库图片｜05_头像与高清素材｜S01,文件名与目录层级；未逐张人工视觉描述,01_角色库_图片.zip,images/黎黎隆项目/03_角色/角色库/05_头像与高清素材/头像切片79/S01.png,黎黎隆项目/03_角色/角色库/05_头像与高清素材/头像切片79/S01.png,03_角色/角色库/05_头像与高清素材/头像切片79/S01.png,,03_角色/角色库/00_角色总索引.md,最近目录索引/说明（非逐图直引）,主角色Canvas: 03_角色/角色库/角色总Canvas.canvas#white_s_S01（邻近文字：S卡白9人（未定级/群像））,,主角色Canvas: S卡白9人（未定级/群像）,主Canvas有图片直链,03_角色/角色库/角色总Canvas.canvas,png,137,134,32740,3481ea1bfff66afafdd8b9aad98cd6ff78d6d0014807564a8ae3868c9faea611,PASS_PNG,黎黎隆项目/03_角色/角色库/03_线A_S卡19人/S01.png,沿用原库审核状态；此包不把候选/STAGING提升为定稿
LLL-R-0104,角色库,角色库素材,角色库图片｜05_头像与高清素材｜S01 new,文件名与目录层级；未逐张人工视觉描述,01_角色库_图片.zip,images/黎黎隆项目/03_角色/角色库/05_头像与高清素材/头像切片79/S01_new.png,黎黎隆项目/03_角色/角色库/05_头像与高清素材/头像切片79/S01_new.png,03_角色/角色库/05_头像与高清素材/头像切片79/S01_new.png,,03_角色/角色库/00_角色总索引.md,最近目录索引/说明（非逐图直引）,,,,未找到图片直接节点,03_角色/角色库/角色总Canvas.canvas,png,311,310,123896,68a657c6b3507f90a44fb5ceee562165aa89fd2b9412ea0365bb23400c13e797,PASS_PNG,黎黎隆项目/03_角色/角色库/03_线A_S卡19人/S01_new.png,沿用原库审核状态；此包不把候选/STAGING提升为定稿
LLL-R-0105,角色库,角色库素材,角色库图片｜05_头像与高清素材｜S02,文件名与目录层级；未逐张人工视觉描述,01_角色库_图片.zip,images/黎黎隆项目/03_角色/角色库/05_头像与高清素材/头像切片79/S02.png,黎黎隆项目/03_角色/角色库/05_头像与高清素材/头像切片79/S02.png,03_角色/角色库/05_头像与高清素材/头像切片79/S02.png,,03_角色/角色库/00_角色总索引.md,最近目录索引/说明（非逐图直引）,主角色Canvas: 03_角色/角色库/角色总Canvas.canvas#white_s_S02（邻近文字：S卡白9人（未定级/群像））,,主角色Canvas: S卡白9人（未定级/群像）,主Canvas有图片直链,03_角色/角色库/角色总Canvas.canvas,png,134,145,41160,f5507017b155d1bab1e268163dd6bcb7bfd1bc91f8a71d67ca7c34ef5d57028c,PASS_PNG,黎黎隆项目/03_角色/角色库/03_线A_S卡19人/S02.png,沿用原库审核状态；此包不把候选/STAGING提升为定稿
LLL-R-0106,角色库,角色库素材,角色库图片｜05_头像与高清素材｜S03,文件名与目录层级；未逐张人工视觉描述,01_角色库_图片.zip,images/黎黎隆项目/03_角色/角色库/05_头像与高清素材/头像切片79/S03.png,黎黎隆项目/03_角色/角色库/05_头像与高清素材/头像切片79/S03.png,03_角色/角色库/05_头像与高清素材/头像切片79/S03.png,,03_角色/角色库/00_角色总索引.md,最近目录索引/说明（非逐图直引）,主角色Canvas: 03_角色/角色库/角色总Canvas.canvas#white_s_S03（邻近文字：S卡白9人（未定级/群像））,,主角色Canvas: S卡白9人（未定级/群像）,主Canvas有图片直链,03_角色/角色库/角色总Canvas.canvas,png,128,146,32499,81bdfb23ea2cf99d18aec0640f4e21b95ef1933e218d6206d525ed3ceeb3ac52,PASS_PNG,黎黎隆项目/03_角色/角色库/03_线A_S卡19人/S03.png,沿用原库审核状态；此包不把候选/STAGING提升为定稿
LLL-R-0107,角色库,角色库素材,角色库图片｜05_头像与高清素材｜S03 new,文件名与目录层级；未逐张人工视觉描述,01_角色库_图片.zip,images/黎黎隆项目/03_角色/角色库/05_头像与高清素材/头像切片79/S03_new.png,黎黎隆项目/03_角色/角色库/05_头像与高清素材/头像切片79/S03_new.png,03_角色/角色库/05_头像与高清素材/头像切片79/S03_new.png,,03_角色/角色库/00_角色总索引.md,最近目录索引/说明（非逐图直引）,,,,未找到图片直接节点,03_角色/角色库/角色总Canvas.canvas,png,311,311,129735,b6ed42b70307ff9e995008f0b607c2f5a978272914e6d8a41a8462c09fd8d678,PASS_PNG,黎黎隆项目/03_角色/角色库/03_线A_S卡19人/S03_new.png,沿用原库审核状态；此包不把候选/STAGING提升为定稿
LLL-R-0108,角色库,角色库素材,角色库图片｜05_头像与高清素材｜S03b new,文件名与目录层级；未逐张人工视觉描述,01_角色库_图片.zip,images/黎黎隆项目/03_角色/角色库/05_头像与高清素材/头像切片79/S03b_new.png,黎黎隆项目/03_角色/角色库/05_头像与高清素材/头像切片79/S03b_new.png,03_角色/角色库/05_头像与高清素材/头像切片79/S03b_new.png,,03_角色/角色库/00_角色总索引.md,最近目录索引/说明（非逐图直引）,,,,未找到图片直接节点,03_角色/角色库/角色总Canvas.canvas,png,311,310,145478,fb1706a7314d9062a749475821bb9d9c1432fe61aa8c4b13a8f9ea6ea3da001e,PASS_PNG,黎黎隆项目/03_角色/角色库/03_线A_S卡19人/S03b_new.png,沿用原库审核状态；此包不把候选/STAGING提升为定稿
LLL-R-0109,角色库,角色库素材,角色库图片｜05_头像与高清素材｜S04,文件名与目录层级；未逐张人工视觉描述,01_角色库_图片.zip,images/黎黎隆项目/03_角色/角色库/05_头像与高清素材/头像切片79/S04.png,黎黎隆项目/03_角色/角色库/05_头像与高清素材/头像切片79/S04.png,03_角色/角色库/05_头像与高清素材/头像切片79/S04.png,,03_角色/角色库/00_角色总索引.md,最近目录索引/说明（非逐图直引）,主角色Canvas: 03_角色/角色库/角色总Canvas.canvas#cyan_s_S04（邻近文字：S卡青6人（教皇/主教/记录机制））,,主角色Canvas: S卡青6人（教皇/主教/记录机制）,主Canvas有图片直链,03_角色/角色库/角色总Canvas.canvas,png,150,153,37783,2a3228a4fe2dba7863b34dde2bfae45ef8bd1005e61353f133385a76b88e086a,PASS_PNG,黎黎隆项目/03_角色/角色库/03_线A_S卡19人/S04.png,沿用原库审核状态；此包不把候选/STAGING提升为定稿
LLL-R-0110,角色库,角色库素材,角色库图片｜05_头像与高清素材｜S05,文件名与目录层级；未逐张人工视觉描述,01_角色库_图片.zip,images/黎黎隆项目/03_角色/角色库/05_头像与高清素材/头像切片79/S05.png,黎黎隆项目/03_角色/角色库/05_头像与高清素材/头像切片79/S05.png,03_角色/角色库/05_头像与高清素材/头像切片79/S05.png,,03_角色/角色库/00_角色总索引.md,最近目录索引/说明（非逐图直引）,主角色Canvas: 03_角色/角色库/角色总Canvas.canvas#white_s_S05（邻近文字：S卡白9人（未定级/群像））,,主角色Canvas: S卡白9人（未定级/群像）,主Canvas有图片直链,03_角色/角色库/角色总Canvas.canvas,png,158,130,38400,8d703e63d39ccd1f51390293bdcdbbae0680c266ea7ddb183bdfaadd57be5966,PASS_PNG,黎黎隆项目/03_角色/角色库/03_线A_S卡19人/S05.png,沿用原库审核状态；此包不把候选/STAGING提升为定稿
LLL-R-0111,角色库,角色库素材,角色库图片｜05_头像与高清素材｜S06,文件名与目录层级；未逐张人工视觉描述,01_角色库_图片.zip,images/黎黎隆项目/03_角色/角色库/05_头像与高清素材/头像切片79/S06.png,黎黎隆项目/03_角色/角色库/05_头像与高清素材/头像切片79/S06.png,03_角色/角色库/05_头像与高清素材/头像切片79/S06.png,,03_角色/角色库/00_角色总索引.md,最近目录索引/说明（非逐图直引）,,,,未找到图片直接节点,03_角色/角色库/角色总Canvas.canvas,png,152,144,44660,2739273937edd65ceb7110047bf7a0cd740c280ab0311e57b85bb88494b493ce,PASS_PNG,黎黎隆项目/03_角色/角色库/03_线A_S卡19人/S06.png,沿用原库审核状态；此包不把候选/STAGING提升为定稿
LLL-R-0112,角色库,角色库素材,角色库图片｜05_头像与高清素材｜S07,文件名与目录层级；未逐张人工视觉描述,01_角色库_图片.zip,images/黎黎隆项目/03_角色/角色库/05_头像与高清素材/头像切片79/S07.png,黎黎隆项目/03_角色/角色库/05_头像与高清素材/头像切片79/S07.png,03_角色/角色库/05_头像与高清素材/头像切片79/S07.png,,03_角色/角色库/00_角色总索引.md,最近目录索引/说明（非逐图直引）,主角色Canvas: 03_角色/角色库/角色总Canvas.canvas#white_s_S07（邻近文字：⚪ 白桶｜雾与中立（22） 无阵营生活者 · 未觉醒 · 群像）,,主角色Canvas: ⚪ 白桶｜雾与中立（22） 无阵营生活者 · 未觉醒 · 群像,主Canvas有图片直链,03_角色/角色库/角色总Canvas.canvas,png,158,145,42313,042145a5a4a6695b9acce4f45325b59d5faaedce36d101b249e62632078ccc87,PASS_PNG,黎黎隆项目/03_角色/角色库/03_线A_S卡19人/S07.png,沿用原库审核状态；此包不把候选/STAGING提升为定稿
LLL-R-0113,角色库,角色库素材,角色库图片｜05_头像与高清素材｜S08,文件名与目录层级；未逐张人工视觉描述,01_角色库_图片.zip,images/黎黎隆项目/03_角色/角色库/05_头像与高清素材/头像切片79/S08.png,黎黎隆项目/03_角色/角色库/05_头像与高清素材/头像切片79/S08.png,03_角色/角色库/05_头像与高清素材/头像切片79/S08.png,,03_角色/角色库/00_角色总索引.md,最近目录索引/说明（非逐图直引）,主角色Canvas: 03_角色/角色库/角色总Canvas.canvas#cyan_s_S08（邻近文字：🟢 青桶｜接口社会（32） 组织：O1 钢铁教派 · O6 青色商会 维护/记录/门站/识别=公共接口）,,主角色Canvas: 🟢 青桶｜接口社会（32） 组织：O1 钢铁教派 · O6 青色商会 维护/记录/门站/识别=公共接口,主Canvas有图片直链,03_角色/角色库/角色总Canvas.canvas,png,143,146,35583,219a391376c15a235909e6fc0d8138c335586505b78b517771712ad010d754b8,PASS_PNG,黎黎隆项目/03_角色/角色库/03_线A_S卡19人/S08.png,沿用原库审核状态；此包不把候选/STAGING提升为定稿
LLL-R-0114,角色库,角色库素材,角色库图片｜05_头像与高清素材｜S09,文件名与目录层级；未逐张人工视觉描述,01_角色库_图片.zip,images/黎黎隆项目/03_角色/角色库/05_头像与高清素材/头像切片79/S09.png,黎黎隆项目/03_角色/角色库/05_头像与高清素材/头像切片79/S09.png,03_角色/角色库/05_头像与高清素材/头像切片79/S09.png,,03_角色/角色库/00_角色总索引.md,最近目录索引/说明（非逐图直引）,主角色Canvas: 03_角色/角色库/角色总Canvas.canvas#red_o4_S09（邻近文字：S09 赤罩主角｜个人色 暗红）,,主角色Canvas: S09 赤罩主角｜个人色 暗红,主Canvas有图片直链,03_角色/角色库/角色总Canvas.canvas,png,340,310,174115,3fb5d1735086f389e803c8796f2831217075407c2d416095045673beb884a865,PASS_PNG,黎黎隆项目/03_角色/角色库/03_线A_S卡19人/S09.png,沿用原库审核状态；此包不把候选/STAGING提升为定稿
LLL-R-0115,角色库,角色库素材,角色库图片｜05_头像与高清素材｜S10,文件名与目录层级；未逐张人工视觉描述,01_角色库_图片.zip,images/黎黎隆项目/03_角色/角色库/05_头像与高清素材/头像切片79/S10.png,黎黎隆项目/03_角色/角色库/05_头像与高清素材/头像切片79/S10.png,03_角色/角色库/05_头像与高清素材/头像切片79/S10.png,,03_角色/角色库/00_角色总索引.md,最近目录索引/说明（非逐图直引）,主角色Canvas: 03_角色/角色库/角色总Canvas.canvas#cyan_s_S10（邻近文字：S卡青6人（教皇/主教/记录机制））,,主角色Canvas: S卡青6人（教皇/主教/记录机制）,主Canvas有图片直链,03_角色/角色库/角色总Canvas.canvas,png,263,319,146286,21db31fe107d3246128bbafb0dc2d58c0c99cf6b8f1409918db3669bd677da2f,PASS_PNG,黎黎隆项目/03_角色/角色库/03_线A_S卡19人/S10.png,沿用原库审核状态；此包不把候选/STAGING提升为定稿
LLL-R-0116,角色库,角色库素材,角色库图片｜05_头像与高清素材｜S11,文件名与目录层级；未逐张人工视觉描述,01_角色库_图片.zip,images/黎黎隆项目/03_角色/角色库/05_头像与高清素材/头像切片79/S11.png,黎黎隆项目/03_角色/角色库/05_头像与高清素材/头像切片79/S11.png,03_角色/角色库/05_头像与高清素材/头像切片79/S11.png,,03_角色/角色库/00_角色总索引.md,最近目录索引/说明（非逐图直引）,主角色Canvas: 03_角色/角色库/角色总Canvas.canvas#red_o4_S11（邻近文字：S11 青角红发者｜个人色 青绿）,,主角色Canvas: S11 青角红发者｜个人色 青绿,主Canvas有图片直链,03_角色/角色库/角色总Canvas.canvas,png,320,345,191825,69c862089d7aa48402366c8ef716f4cf3fb88e7bf23e4a35309adfbbe005b108,PASS_PNG,黎黎隆项目/03_角色/角色库/03_线A_S卡19人/S11.png,沿用原库审核状态；此包不把候选/STAGING提升为定稿
LLL-R-0117,角色库,角色库素材,角色库图片｜05_头像与高清素材｜S12,文件名与目录层级；未逐张人工视觉描述,01_角色库_图片.zip,images/黎黎隆项目/03_角色/角色库/05_头像与高清素材/头像切片79/S12.png,黎黎隆项目/03_角色/角色库/05_头像与高清素材/头像切片79/S12.png,03_角色/角色库/05_头像与高清素材/头像切片79/S12.png,,03_角色/角色库/00_角色总索引.md,最近目录索引/说明（非逐图直引）,主角色Canvas: 03_角色/角色库/角色总Canvas.canvas#red_o3_S12（邻近文字：S12 红罩关键人物｜个人色 墨青）,,主角色Canvas: S12 红罩关键人物｜个人色 墨青,主Canvas有图片直链,03_角色/角色库/角色总Canvas.canvas,png,295,350,174006,2770f841616161be8f36df87ad20eae2c55c341b0c356e6efcd0401f1552f471,PASS_PNG,黎黎隆项目/03_角色/角色库/03_线A_S卡19人/S12.png,沿用原库审核状态；此包不把候选/STAGING提升为定稿
LLL-R-0118,角色库,角色库素材,角色库图片｜05_头像与高清素材｜S13,文件名与目录层级；未逐张人工视觉描述,01_角色库_图片.zip,images/黎黎隆项目/03_角色/角色库/05_头像与高清素材/头像切片79/S13.png,黎黎隆项目/03_角色/角色库/05_头像与高清素材/头像切片79/S13.png,03_角色/角色库/05_头像与高清素材/头像切片79/S13.png,,03_角色/角色库/00_角色总索引.md,最近目录索引/说明（非逐图直引）,主角色Canvas: 03_角色/角色库/角色总Canvas.canvas#white_s_S13（邻近文字：⚪ 白桶｜雾与中立（22） 无阵营生活者 · 未觉醒 · 群像）,,主角色Canvas: ⚪ 白桶｜雾与中立（22） 无阵营生活者 · 未觉醒 · 群像,主Canvas有图片直链,03_角色/角色库/角色总Canvas.canvas,png,135,132,35994,d0f323fb83bcd1a27c72d22271077c2039a9707bf19b9651cba7734135b40b4e,PASS_PNG,黎黎隆项目/03_角色/角色库/03_线A_S卡19人/S13.png,沿用原库审核状态；此包不把候选/STAGING提升为定稿
LLL-R-0119,角色库,角色库素材,角色库图片｜05_头像与高清素材｜S13 new,文件名与目录层级；未逐张人工视觉描述,01_角色库_图片.zip,images/黎黎隆项目/03_角色/角色库/05_头像与高清素材/头像切片79/S13_new.png,黎黎隆项目/03_角色/角色库/05_头像与高清素材/头像切片79/S13_new.png,03_角色/角色库/05_头像与高清素材/头像切片79/S13_new.png,,03_角色/角色库/00_角色总索引.md,最近目录索引/说明（非逐图直引）,,,,未找到图片直接节点,03_角色/角色库/角色总Canvas.canvas,png,311,311,148036,153122005a6b8e9896999aa2b4b400c5baec8003be86a92d1bf89604d1bb10bc,PASS_PNG,黎黎隆项目/03_角色/角色库/03_线A_S卡19人/S13_new.png,沿用原库审核状态；此包不把候选/STAGING提升为定稿
LLL-R-0120,角色库,角色库素材,角色库图片｜05_头像与高清素材｜S14,文件名与目录层级；未逐张人工视觉描述,01_角色库_图片.zip,images/黎黎隆项目/03_角色/角色库/05_头像与高清素材/头像切片79/S14.png,黎黎隆项目/03_角色/角色库/05_头像与高清素材/头像切片79/S14.png,03_角色/角色库/05_头像与高清素材/头像切片79/S14.png,,03_角色/角色库/00_角色总索引.md,最近目录索引/说明（非逐图直引）,主角色Canvas: 03_角色/角色库/角色总Canvas.canvas#white_s_S14（邻近文字：⚪ 白桶｜雾与中立（22） 无阵营生活者 · 未觉醒 · 群像）,,主角色Canvas: ⚪ 白桶｜雾与中立（22） 无阵营生活者 · 未觉醒 · 群像,主Canvas有图片直链,03_角色/角色库/角色总Canvas.canvas,png,145,132,38520,645717a228c01a656866a40c94761b3d8d46d987f7d020f6ccfbc9b92e3fa425,PASS_PNG,黎黎隆项目/03_角色/角色库/03_线A_S卡19人/S14.png,沿用原库审核状态；此包不把候选/STAGING提升为定稿
LLL-R-0121,角色库,角色库素材,角色库图片｜05_头像与高清素材｜S14 new,文件名与目录层级；未逐张人工视觉描述,01_角色库_图片.zip,images/黎黎隆项目/03_角色/角色库/05_头像与高清素材/头像切片79/S14_new.png,黎黎隆项目/03_角色/角色库/05_头像与高清素材/头像切片79/S14_new.png,03_角色/角色库/05_头像与高清素材/头像切片79/S14_new.png,,03_角色/角色库/00_角色总索引.md,最近目录索引/说明（非逐图直引）,,,,未找到图片直接节点,03_角色/角色库/角色总Canvas.canvas,png,311,311,153487,64bcf3195e0d76f12b8df1efa77309d3cba95069aca8fe25eba51515b3e7e791,PASS_PNG,黎黎隆项目/03_角色/角色库/03_线A_S卡19人/S14_new.png,沿用原库审核状态；此包不把候选/STAGING提升为定稿
LLL-R-0122,角色库,角色库素材,角色库图片｜05_头像与高清素材｜S15,文件名与目录层级；未逐张人工视觉描述,01_角色库_图片.zip,images/黎黎隆项目/03_角色/角色库/05_头像与高清素材/头像切片79/S15.png,黎黎隆项目/03_角色/角色库/05_头像与高清素材/头像切片79/S15.png,03_角色/角色库/05_头像与高清素材/头像切片79/S15.png,,03_角色/角色库/00_角色总索引.md,最近目录索引/说明（非逐图直引）,主角色Canvas: 03_角色/角色库/角色总Canvas.canvas#white_s_S15（邻近文字：⚪ 白桶｜雾与中立（22） 无阵营生活者 · 未觉醒 · 群像）,,主角色Canvas: ⚪ 白桶｜雾与中立（22） 无阵营生活者 · 未觉醒 · 群像,主Canvas有图片直链,03_角色/角色库/角色总Canvas.canvas,png,148,132,32236,f3946898daa6bcaf33461d3b60cdeff783f4f67641e9a52ef237b45f46c1d42b,PASS_PNG,黎黎隆项目/03_角色/角色库/03_线A_S卡19人/S15.png,沿用原库审核状态；此包不把候选/STAGING提升为定稿
LLL-R-0123,角色库,角色库素材,角色库图片｜05_头像与高清素材｜S16,文件名与目录层级；未逐张人工视觉描述,01_角色库_图片.zip,images/黎黎隆项目/03_角色/角色库/05_头像与高清素材/头像切片79/S16.png,黎黎隆项目/03_角色/角色库/05_头像与高清素材/头像切片79/S16.png,03_角色/角色库/05_头像与高清素材/头像切片79/S16.png,,03_角色/角色库/00_角色总索引.md,最近目录索引/说明（非逐图直引）,主角色Canvas: 03_角色/角色库/角色总Canvas.canvas#cyan_s_S16（邻近文字：🟢 青桶｜接口社会（32） 组织：O1 钢铁教派 · O6 青色商会 维护/记录/门站/识别=公共接口）,,主角色Canvas: 🟢 青桶｜接口社会（32） 组织：O1 钢铁教派 · O6 青色商会 维护/记录/门站/识别=公共接口,主Canvas有图片直链,03_角色/角色库/角色总Canvas.canvas,png,145,155,36239,3d69f0049ba3f2a1809f048197eb99c4891329916f6a51f10123ac1237d1cd8e,PASS_PNG,黎黎隆项目/03_角色/角色库/03_线A_S卡19人/S16.png,沿用原库审核状态；此包不把候选/STAGING提升为定稿
LLL-R-0124,角色库,角色库素材,角色库图片｜05_头像与高清素材｜S16 new,文件名与目录层级；未逐张人工视觉描述,01_角色库_图片.zip,images/黎黎隆项目/03_角色/角色库/05_头像与高清素材/头像切片79/S16_new.png,黎黎隆项目/03_角色/角色库/05_头像与高清素材/头像切片79/S16_new.png,03_角色/角色库/05_头像与高清素材/头像切片79/S16_new.png,,03_角色/角色库/00_角色总索引.md,最近目录索引/说明（非逐图直引）,,,,未找到图片直接节点,03_角色/角色库/角色总Canvas.canvas,png,311,311,145424,b2566cc7fed7dd64bfdac95bd4d5321df4cf53995ac07108703f71d861ecc165,PASS_PNG,黎黎隆项目/03_角色/角色库/03_线A_S卡19人/S16_new.png,沿用原库审核状态；此包不把候选/STAGING提升为定稿
LLL-R-0125,角色库,角色库素材,角色库图片｜05_头像与高清素材｜S17,文件名与目录层级；未逐张人工视觉描述,01_角色库_图片.zip,images/黎黎隆项目/03_角色/角色库/05_头像与高清素材/头像切片79/S17.png,黎黎隆项目/03_角色/角色库/05_头像与高清素材/头像切片79/S17.png,03_角色/角色库/05_头像与高清素材/头像切片79/S17.png,,03_角色/角色库/00_角色总索引.md,最近目录索引/说明（非逐图直引）,主角色Canvas: 03_角色/角色库/角色总Canvas.canvas#cyan_s_S17（邻近文字：S卡青6人（教皇/主教/记录机制））,,主角色Canvas: S卡青6人（教皇/主教/记录机制）,主Canvas有图片直链,03_角色/角色库/角色总Canvas.canvas,png,166,188,59580,2fb806cfda988deaaaa94ba564e9ebbdc8ecd429cd9aa9d2476e43c0b3cd1f82,PASS_PNG,黎黎隆项目/03_角色/角色库/03_线A_S卡19人/S17.png,沿用原库审核状态；此包不把候选/STAGING提升为定稿
LLL-R-0126,角色库,角色库素材,角色库图片｜05_头像与高清素材｜S17 new,文件名与目录层级；未逐张人工视觉描述,01_角色库_图片.zip,images/黎黎隆项目/03_角色/角色库/05_头像与高清素材/头像切片79/S17_new.png,黎黎隆项目/03_角色/角色库/05_头像与高清素材/头像切片79/S17_new.png,03_角色/角色库/05_头像与高清素材/头像切片79/S17_new.png,,03_角色/角色库/00_角色总索引.md,最近目录索引/说明（非逐图直引）,,,,未找到图片直接节点,03_角色/角色库/角色总Canvas.canvas,png,402,451,258029,4db434ec9a11981095cb4e34cd22ecd7e4327f05190bd30dbde68f58d93740f3,PASS_PNG,黎黎隆项目/03_角色/角色库/03_线A_S卡19人/S17_new.png,沿用原库审核状态；此包不把候选/STAGING提升为定稿
LLL-R-0127,角色库,角色库素材,角色库图片｜05_头像与高清素材｜S18,文件名与目录层级；未逐张人工视觉描述,01_角色库_图片.zip,images/黎黎隆项目/03_角色/角色库/05_头像与高清素材/头像切片79/S18.png,黎黎隆项目/03_角色/角色库/05_头像与高清素材/头像切片79/S18.png,03_角色/角色库/05_头像与高清素材/头像切片79/S18.png,,03_角色/角色库/00_角色总索引.md,最近目录索引/说明（非逐图直引）,主角色Canvas: 03_角色/角色库/角色总Canvas.canvas#white_s_S18（邻近文字：⚪ 白桶｜雾与中立（22） 无阵营生活者 · 未觉醒 · 群像）,,主角色Canvas: ⚪ 白桶｜雾与中立（22） 无阵营生活者 · 未觉醒 · 群像,主Canvas有图片直链,03_角色/角色库/角色总Canvas.canvas,png,170,175,53807,2b43700347286daf067588073afb0edd0660a2ff97c7f8d8eb613bf491d85610,PASS_PNG,黎黎隆项目/03_角色/角色库/03_线A_S卡19人/S18.png,沿用原库审核状态；此包不把候选/STAGING提升为定稿
LLL-R-0128,角色库,角色库素材,角色库图片｜05_头像与高清素材｜S18 new,文件名与目录层级；未逐张人工视觉描述,01_角色库_图片.zip,images/黎黎隆项目/03_角色/角色库/05_头像与高清素材/头像切片79/S18_new.png,黎黎隆项目/03_角色/角色库/05_头像与高清素材/头像切片79/S18_new.png,03_角色/角色库/05_头像与高清素材/头像切片79/S18_new.png,,03_角色/角色库/00_角色总索引.md,最近目录索引/说明（非逐图直引）,,,,未找到图片直接节点,03_角色/角色库/角色总Canvas.canvas,png,402,451,218172,0d12e25840b9e8d48e571ea2ecfe924af4475b8549c01f04bc8b9186baa85dc4,PASS_PNG,黎黎隆项目/03_角色/角色库/03_线A_S卡19人/S18_new.png,沿用原库审核状态；此包不把候选/STAGING提升为定稿
LLL-R-0129,角色库,角色库素材,角色库图片｜05_头像与高清素材｜S19,文件名与目录层级；未逐张人工视觉描述,01_角色库_图片.zip,images/黎黎隆项目/03_角色/角色库/05_头像与高清素材/头像切片79/S19.png,黎黎隆项目/03_角色/角色库/05_头像与高清素材/头像切片79/S19.png,03_角色/角色库/05_头像与高清素材/头像切片79/S19.png,,03_角色/角色库/00_角色总索引.md,最近目录索引/说明（非逐图直引）,主角色Canvas: 03_角色/角色库/角色总Canvas.canvas#cyan_s_S19（邻近文字：S卡青6人（教皇/主教/记录机制））,,主角色Canvas: S卡青6人（教皇/主教/记录机制）,主Canvas有图片直链,03_角色/角色库/角色总Canvas.canvas,png,405,451,233166,62650b688b3b2d182a2230917206b38ad1dc5e6fb80b93f6e8e522c059cee3b1,PASS_PNG,黎黎隆项目/03_角色/角色库/03_线A_S卡19人/S19.png,沿用原库审核状态；此包不把候选/STAGING提升为定稿
LLL-R-0130,角色库,角色库素材,角色库图片｜05_头像与高清素材｜S19 legacy 162x180,文件名与目录层级；未逐张人工视觉描述,01_角色库_图片.zip,images/黎黎隆项目/03_角色/角色库/05_头像与高清素材/头像切片79/S19_legacy_162x180.png,黎黎隆项目/03_角色/角色库/05_头像与高清素材/头像切片79/S19_legacy_162x180.png,03_角色/角色库/05_头像与高清素材/头像切片79/S19_legacy_162x180.png,,03_角色/角色库/00_角色总索引.md,最近目录索引/说明（非逐图直引）,,,,未找到图片直接节点,03_角色/角色库/角色总Canvas.canvas,png,162,180,49908,780a94c96daa7516c605413f788089c9c2f7542968a0c7560ba75a312ad22fda,PASS_PNG,黎黎隆项目/03_角色/角色库/03_线A_S卡19人/S19_legacy_162x180.png,沿用原库审核状态；此包不把候选/STAGING提升为定稿
LLL-R-0131,角色库,角色库素材,角色库图片｜05_头像与高清素材｜exec-351c04aa-b162-43da-b5ff-1112fbf27aa1,文件名与目录层级；未逐张人工视觉描述,01_角色库_图片.zip,images/黎黎隆项目/03_角色/角色库/05_头像与高清素材/高清重绘12/exec-351c04aa-b162-43da-b5ff-1112fbf27aa1.png,黎黎隆项目/03_角色/角色库/05_头像与高清素材/高清重绘12/exec-351c04aa-b162-43da-b5ff-1112fbf27aa1.png,03_角色/角色库/05_头像与高清素材/高清重绘12/exec-351c04aa-b162-43da-b5ff-1112fbf27aa1.png,,03_角色/角色库/00_角色总索引.md,最近目录索引/说明（非逐图直引）,,,,未找到图片直接节点,03_角色/角色库/角色总Canvas.canvas,png,2032,774,1497976,a72691dc1908eafd281e601d91165ae52dd0f5291909b899901771faf17da185,PASS_PNG,,沿用原库审核状态；此包不把候选/STAGING提升为定稿
LLL-R-0132,角色库,角色库素材,角色库图片｜05_头像与高清素材｜exec-3b622ee6-c2b5-44be-be67-f2cad86f0360,文件名与目录层级；未逐张人工视觉描述,01_角色库_图片.zip,images/黎黎隆项目/03_角色/角色库/05_头像与高清素材/高清重绘12/exec-3b622ee6-c2b5-44be-be67-f2cad86f0360.png,黎黎隆项目/03_角色/角色库/05_头像与高清素材/高清重绘12/exec-3b622ee6-c2b5-44be-be67-f2cad86f0360.png,03_角色/角色库/05_头像与高清素材/高清重绘12/exec-3b622ee6-c2b5-44be-be67-f2cad86f0360.png,,03_角色/角色库/00_角色总索引.md,最近目录索引/说明（非逐图直引）,,,,未找到图片直接节点,03_角色/角色库/角色总Canvas.canvas,png,1254,1254,1495113,f5ec1b68b5bbb5a9bd71565544b0083045ffff0f36bda11bc8552e298995abb5,PASS_PNG,,沿用原库审核状态；此包不把候选/STAGING提升为定稿
LLL-R-0133,角色库,角色库素材,角色库图片｜05_头像与高清素材｜exec-520ce96b-44f5-4045-959e-5f52358bc0ba,文件名与目录层级；未逐张人工视觉描述,01_角色库_图片.zip,images/黎黎隆项目/03_角色/角色库/05_头像与高清素材/高清重绘12/exec-520ce96b-44f5-4045-959e-5f52358bc0ba.png,黎黎隆项目/03_角色/角色库/05_头像与高清素材/高清重绘12/exec-520ce96b-44f5-4045-959e-5f52358bc0ba.png,03_角色/角色库/05_头像与高清素材/高清重绘12/exec-520ce96b-44f5-4045-959e-5f52358bc0ba.png,,03_角色/角色库/00_角色总索引.md,最近目录索引/说明（非逐图直引）,,,,未找到图片直接节点,03_角色/角色库/角色总Canvas.canvas,png,1675,939,2139132,ed05eda4f1c7fc929eb914ac151a2e13a1139604d7348a737bf0eb29dc0de2aa,PASS_PNG,黎黎隆项目/03_角色/角色库/05_头像与高清素材/大头联想源页/大头联想角色_八款候选02.png,沿用原库审核状态；此包不把候选/STAGING提升为定稿
LLL-R-0134,角色库,角色库素材,角色库图片｜05_头像与高清素材｜exec-676e36c2-06c9-4d9d-937f-9a84aef2060e,文件名与目录层级；未逐张人工视觉描述,01_角色库_图片.zip,images/黎黎隆项目/03_角色/角色库/05_头像与高清素材/高清重绘12/exec-676e36c2-06c9-4d9d-937f-9a84aef2060e.png,黎黎隆项目/03_角色/角色库/05_头像与高清素材/高清重绘12/exec-676e36c2-06c9-4d9d-937f-9a84aef2060e.png,03_角色/角色库/05_头像与高清素材/高清重绘12/exec-676e36c2-06c9-4d9d-937f-9a84aef2060e.png,,03_角色/角色库/00_角色总索引.md,最近目录索引/说明（非逐图直引）,,,,未找到图片直接节点,03_角色/角色库/角色总Canvas.canvas,png,1674,939,1812701,51a451f10f75a0f80c0f1ac590bc89965ab57384d3d376f1e1ace2cf089a34c6,PASS_PNG,黎黎隆项目/03_角色/角色库/05_头像与高清素材/大头联想源页/大头联想角色_八款候选01.png,沿用原库审核状态；此包不把候选/STAGING提升为定稿
LLL-R-0135,角色库,角色库素材,角色库图片｜05_头像与高清素材｜exec-92995ec2-40d6-4706-9cd0-a69eb2de8d3b,文件名与目录层级；未逐张人工视觉描述,01_角色库_图片.zip,images/黎黎隆项目/03_角色/角色库/05_头像与高清素材/高清重绘12/exec-92995ec2-40d6-4706-9cd0-a69eb2de8d3b.png,黎黎隆项目/03_角色/角色库/05_头像与高清素材/高清重绘12/exec-92995ec2-40d6-4706-9cd0-a69eb2de8d3b.png,03_角色/角色库/05_头像与高清素材/高清重绘12/exec-92995ec2-40d6-4706-9cd0-a69eb2de8d3b.png,,03_角色/角色库/00_角色总索引.md,最近目录索引/说明（非逐图直引）,,,,未找到图片直接节点,03_角色/角色库/角色总Canvas.canvas,png,1254,1254,1674870,a4d7235842a388d761d870e90b95ff03245d5a83483cddb3933f64bc299808b2,PASS_PNG,,沿用原库审核状态；此包不把候选/STAGING提升为定稿
LLL-R-0136,角色库,角色库素材,角色库图片｜05_头像与高清素材｜exec-9f0699b9-9c8c-409a-ab72-28dfdce8d68d,文件名与目录层级；未逐张人工视觉描述,01_角色库_图片.zip,images/黎黎隆项目/03_角色/角色库/05_头像与高清素材/高清重绘12/exec-9f0699b9-9c8c-409a-ab72-28dfdce8d68d.png,黎黎隆项目/03_角色/角色库/05_头像与高清素材/高清重绘12/exec-9f0699b9-9c8c-409a-ab72-28dfdce8d68d.png,03_角色/角色库/05_头像与高清素材/高清重绘12/exec-9f0699b9-9c8c-409a-ab72-28dfdce8d68d.png,,03_角色/角色库/00_角色总索引.md,最近目录索引/说明（非逐图直引）,,,,未找到图片直接节点,03_角色/角色库/角色总Canvas.canvas,png,1619,971,2287445,44f188724da1f347757c4994e5d5a7aaf4bbb3aa1f8c56be2fd5804edff88b81,PASS_PNG,黎黎隆项目/03_角色/角色库/05_头像与高清素材/大头联想源页/大头联想角色_十五款3x5_候选03.png,沿用原库审核状态；此包不把候选/STAGING提升为定稿
LLL-R-0137,角色库,角色库素材,角色库图片｜05_头像与高清素材｜exec-c12e4fa3-037d-42d5-a901-6b199e448ba0,文件名与目录层级；未逐张人工视觉描述,01_角色库_图片.zip,images/黎黎隆项目/03_角色/角色库/05_头像与高清素材/高清重绘12/exec-c12e4fa3-037d-42d5-a901-6b199e448ba0.png,黎黎隆项目/03_角色/角色库/05_头像与高清素材/高清重绘12/exec-c12e4fa3-037d-42d5-a901-6b199e448ba0.png,03_角色/角色库/05_头像与高清素材/高清重绘12/exec-c12e4fa3-037d-42d5-a901-6b199e448ba0.png,,03_角色/角色库/00_角色总索引.md,最近目录索引/说明（非逐图直引）,,,,未找到图片直接节点,03_角色/角色库/角色总Canvas.canvas,png,1619,971,2239426,8f765e01e03e474e208eaef6f37601e14da386e6fc102afecd71bf1cc743ca79,PASS_PNG,,沿用原库审核状态；此包不把候选/STAGING提升为定稿
LLL-R-0138,角色库,角色库素材,角色库图片｜05_头像与高清素材｜exec-dbedebee-912f-4c24-8bad-1a9f49c52f1d,文件名与目录层级；未逐张人工视觉描述,01_角色库_图片.zip,images/黎黎隆项目/03_角色/角色库/05_头像与高清素材/高清重绘12/exec-dbedebee-912f-4c24-8bad-1a9f49c52f1d.png,黎黎隆项目/03_角色/角色库/05_头像与高清素材/高清重绘12/exec-dbedebee-912f-4c24-8bad-1a9f49c52f1d.png,03_角色/角色库/05_头像与高清素材/高清重绘12/exec-dbedebee-912f-4c24-8bad-1a9f49c52f1d.png,,03_角色/角色库/00_角色总索引.md,最近目录索引/说明（非逐图直引）,,,,未找到图片直接节点,03_角色/角色库/角色总Canvas.canvas,png,1619,971,2234857,fc502c930df2a7d676ae77851af0f778d9b0154abdf52f365e82b8a21dfe76f0,PASS_PNG,黎黎隆项目/03_角色/角色库/05_头像与高清素材/大头联想源页/第二批_十五头像_3x5_候选01.png,沿用原库审核状态；此包不把候选/STAGING提升为定稿
LLL-R-0139,角色库,角色库素材,角色库图片｜05_头像与高清素材｜exec-f95119e9-ba3c-4184-8fdc-a3dd13f1b8a9,文件名与目录层级；未逐张人工视觉描述,01_角色库_图片.zip,images/黎黎隆项目/03_角色/角色库/05_头像与高清素材/高清重绘12/exec-f95119e9-ba3c-4184-8fdc-a3dd13f1b8a9.png,黎黎隆项目/03_角色/角色库/05_头像与高清素材/高清重绘12/exec-f95119e9-ba3c-4184-8fdc-a3dd13f1b8a9.png,03_角色/角色库/05_头像与高清素材/高清重绘12/exec-f95119e9-ba3c-4184-8fdc-a3dd13f1b8a9.png,,03_角色/角色库/00_角色总索引.md,最近目录索引/说明（非逐图直引）,,,,未找到图片直接节点,03_角色/角色库/角色总Canvas.canvas,png,1254,1254,1696849,3bfa3aaa88b46330de67393a110064882f8295fba8146409cc82bb8cc1587525,PASS_PNG,,沿用原库审核状态；此包不把候选/STAGING提升为定稿
LLL-R-0140,角色库,角色库素材,角色库图片｜06_assets｜CH-001 澈 9x16 四宫格设定稿 单人 v1,文件名与目录层级；未逐张人工视觉描述,01_角色库_图片.zip,images/黎黎隆项目/03_角色/角色库/06_assets/CH-001/CH-001_澈_9x16_四宫格设定稿_单人_v1.png,黎黎隆项目/03_角色/角色库/06_assets/CH-001/CH-001_澈_9x16_四宫格设定稿_单人_v1.png,03_角色/角色库/06_assets/CH-001/CH-001_澈_9x16_四宫格设定稿_单人_v1.png,,03_角色/角色库/00_角色总索引.md,最近目录索引/说明（非逐图直引）,,,,未找到图片直接节点,03_角色/角色库/角色总Canvas.canvas,png,941,1672,1889409,120545b1b88130761267dffc2c37ce946fb25c160d311f426a97aef60bad6252,PASS_PNG,,沿用原库审核状态；此包不把候选/STAGING提升为定稿
LLL-R-0141,角色库,角色库素材,角色库图片｜06_assets｜澈 城市守护者 主视觉设定图,文件名与目录层级；未逐张人工视觉描述,01_角色库_图片.zip,images/黎黎隆项目/03_角色/角色库/06_assets/CH-001/澈_城市守护者_主视觉设定图.png,黎黎隆项目/03_角色/角色库/06_assets/CH-001/澈_城市守护者_主视觉设定图.png,03_角色/角色库/06_assets/CH-001/澈_城市守护者_主视觉设定图.png,03_角色/角色库/01_角色卡/CH-001_澈.md,03_角色/角色库/01_角色卡/CH-001_澈.md,Markdown直接引用,,,,未找到图片直接节点,03_角色/角色库/角色总Canvas.canvas,png,1086,1448,2262752,05eb5e1763bd60f64f25b3461d8b9be8ad1eda6a5f36a089dd04ef644160d5a1,PASS_PNG,,沿用原库审核状态；此包不把候选/STAGING提升为定稿
LLL-R-0142,角色库,角色库素材,角色库图片｜06_assets｜澈 城市守护者 全量参考与状态探索,文件名与目录层级；未逐张人工视觉描述,01_角色库_图片.zip,images/黎黎隆项目/03_角色/角色库/06_assets/CH-001/澈_城市守护者_全量参考与状态探索.png,黎黎隆项目/03_角色/角色库/06_assets/CH-001/澈_城市守护者_全量参考与状态探索.png,03_角色/角色库/06_assets/CH-001/澈_城市守护者_全量参考与状态探索.png,03_角色/角色库/01_角色卡/CH-001_澈.md,03_角色/角色库/01_角色卡/CH-001_澈.md,Markdown直接引用,,,,未找到图片直接节点,03_角色/角色库/角色总Canvas.canvas,png,1241,1268,2429659,0a3c4b139c614612687aefc7cc8557a0e8363e86c8b3de320558ba97ca31d086,PASS_PNG,黎黎隆项目/03_角色/角色库/06_assets/CH-001/澈_城市守护者_全量参考与状态探索_重复上传.png,沿用原库审核状态；此包不把候选/STAGING提升为定稿
LLL-R-0143,角色库,角色库素材,角色库图片｜06_assets｜澈 城市守护者 全量参考与状态探索 重复上传,文件名与目录层级；未逐张人工视觉描述,01_角色库_图片.zip,images/黎黎隆项目/03_角色/角色库/06_assets/CH-001/澈_城市守护者_全量参考与状态探索_重复上传.png,黎黎隆项目/03_角色/角色库/06_assets/CH-001/澈_城市守护者_全量参考与状态探索_重复上传.png,03_角色/角色库/06_assets/CH-001/澈_城市守护者_全量参考与状态探索_重复上传.png,,03_角色/角色库/00_角色总索引.md,最近目录索引/说明（非逐图直引）,,,,未找到图片直接节点,03_角色/角色库/角色总Canvas.canvas,png,1241,1268,2429659,0a3c4b139c614612687aefc7cc8557a0e8363e86c8b3de320558ba97ca31d086,PASS_PNG,黎黎隆项目/03_角色/角色库/06_assets/CH-001/澈_城市守护者_全量参考与状态探索.png,沿用原库审核状态；此包不把候选/STAGING提升为定稿
LLL-R-0144,角色库,角色库素材,角色库图片｜06_assets｜澈 城市守护者 动作与关系设定,文件名与目录层级；未逐张人工视觉描述,01_角色库_图片.zip,images/黎黎隆项目/03_角色/角色库/06_assets/CH-001/澈_城市守护者_动作与关系设定.png,黎黎隆项目/03_角色/角色库/06_assets/CH-001/澈_城市守护者_动作与关系设定.png,03_角色/角色库/06_assets/CH-001/澈_城市守护者_动作与关系设定.png,03_角色/角色库/01_角色卡/CH-001_澈.md,03_角色/角色库/01_角色卡/CH-001_澈.md,Markdown直接引用,,,,未找到图片直接节点,03_角色/角色库/角色总Canvas.canvas,png,1086,1448,2409873,f011af82d335960ded9f5b10b810bffe155a617e992f0d1bfb4d9676f4108e5f,PASS_PNG,,沿用原库审核状态；此包不把候选/STAGING提升为定稿
LLL-R-0145,角色库,角色库素材,角色库图片｜06_assets｜澈 城市守护者 四视图与能力动作,文件名与目录层级；未逐张人工视觉描述,01_角色库_图片.zip,images/黎黎隆项目/03_角色/角色库/06_assets/CH-001/澈_城市守护者_四视图与能力动作.png,黎黎隆项目/03_角色/角色库/06_assets/CH-001/澈_城市守护者_四视图与能力动作.png,03_角色/角色库/06_assets/CH-001/澈_城市守护者_四视图与能力动作.png,03_角色/角色库/01_角色卡/CH-001_澈.md,03_角色/角色库/01_角色卡/CH-001_澈.md,Markdown直接引用,,,,未找到图片直接节点,03_角色/角色库/角色总Canvas.canvas,png,1122,1402,1824297,c8166c6026838b6f80dc096bd17371a163e59335c236f56cfe38f290ca4eba2f,PASS_PNG,,沿用原库审核状态；此包不把候选/STAGING提升为定稿
LLL-R-0146,角色库,角色库素材,角色库图片｜06_assets｜澈 姿态探索 01,文件名与目录层级；未逐张人工视觉描述,01_角色库_图片.zip,images/黎黎隆项目/03_角色/角色库/06_assets/CH-001/澈_姿态探索_01.png,黎黎隆项目/03_角色/角色库/06_assets/CH-001/澈_姿态探索_01.png,03_角色/角色库/06_assets/CH-001/澈_姿态探索_01.png,03_角色/角色库/01_角色卡/CH-001_澈.md,03_角色/角色库/01_角色卡/CH-001_澈.md,Markdown直接引用,,,,未找到图片直接节点,03_角色/角色库/角色总Canvas.canvas,png,1086,1448,2352586,7a116af65a6ab5f13a68730dc55806b5a24bc866ccb835525b1b1dc621461f0b,PASS_PNG,,沿用原库审核状态；此包不把候选/STAGING提升为定稿
LLL-R-0147,角色库,角色库素材,角色库图片｜06_assets｜澈 姿态探索 02,文件名与目录层级；未逐张人工视觉描述,01_角色库_图片.zip,images/黎黎隆项目/03_角色/角色库/06_assets/CH-001/澈_姿态探索_02.png,黎黎隆项目/03_角色/角色库/06_assets/CH-001/澈_姿态探索_02.png,03_角色/角色库/06_assets/CH-001/澈_姿态探索_02.png,03_角色/角色库/01_角色卡/CH-001_澈.md,03_角色/角色库/01_角色卡/CH-001_澈.md,Markdown直接引用,,,,未找到图片直接节点,03_角色/角色库/角色总Canvas.canvas,png,1086,1448,2339087,93c9f8f34415838060d531d5ab1a20ca3b8276197f90d418ef0b7b560a548b59,PASS_PNG,,沿用原库审核状态；此包不把候选/STAGING提升为定稿
LLL-R-0148,角色库,角色库素材,角色库图片｜06_assets｜CH-001 CH-003 9x16 四宫格设定稿 v1,文件名与目录层级；未逐张人工视觉描述,01_角色库_图片.zip,images/黎黎隆项目/03_角色/角色库/06_assets/CH-001_CH-003/CH-001_CH-003_9x16_四宫格设定稿_v1.png,黎黎隆项目/03_角色/角色库/06_assets/CH-001_CH-003/CH-001_CH-003_9x16_四宫格设定稿_v1.png,03_角色/角色库/06_assets/CH-001_CH-003/CH-001_CH-003_9x16_四宫格设定稿_v1.png,,03_角色/角色库/00_角色总索引.md,最近目录索引/说明（非逐图直引）,,,,未找到图片直接节点,03_角色/角色库/角色总Canvas.canvas,png,941,1672,2027617,eff9f52fba0cb06f46659dd606e28b6abaab317736fca45d15a34f29f8583e14,PASS_PNG,,沿用原库审核状态；此包不把候选/STAGING提升为定稿
LLL-R-0149,角色库,角色库素材,角色库图片｜06_assets｜洛维恩 姿态参考 整理手套与背手站立,文件名与目录层级；未逐张人工视觉描述,01_角色库_图片.zip,images/黎黎隆项目/03_角色/角色库/06_assets/CH-002/洛维恩_姿态参考_整理手套与背手站立.png,黎黎隆项目/03_角色/角色库/06_assets/CH-002/洛维恩_姿态参考_整理手套与背手站立.png,03_角色/角色库/06_assets/CH-002/洛维恩_姿态参考_整理手套与背手站立.png,03_角色/角色库/01_角色卡/CH-002_洛维恩.md,03_角色/角色库/01_角色卡/CH-002_洛维恩.md,Markdown直接引用,,,,未找到图片直接节点,03_角色/角色库/角色总Canvas.canvas,png,438,436,299567,c33f1eeceee17206caf60558af046453b8f0a64b31c0a22a6add073cbea8e036,PASS_PNG,,沿用原库审核状态；此包不把候选/STAGING提升为定稿
LLL-R-0150,角色库,角色库素材,角色库图片｜06_assets｜洛维恩 日常服装 折袖与窄袖参考,文件名与目录层级；未逐张人工视觉描述,01_角色库_图片.zip,images/黎黎隆项目/03_角色/角色库/06_assets/CH-002/洛维恩_日常服装_折袖与窄袖参考.png,黎黎隆项目/03_角色/角色库/06_assets/CH-002/洛维恩_日常服装_折袖与窄袖参考.png,03_角色/角色库/06_assets/CH-002/洛维恩_日常服装_折袖与窄袖参考.png,03_角色/角色库/01_角色卡/CH-002_洛维恩.md,03_角色/角色库/01_角色卡/CH-002_洛维恩.md,Markdown直接引用,,,,未找到图片直接节点,03_角色/角色库/角色总Canvas.canvas,png,375,544,336853,8d25be2d2793243a1264fc4d6c7e494f5c6a51f0d89938c1e56e5a79b3c5d6f0,PASS_PNG,,沿用原库审核状态；此包不把候选/STAGING提升为定稿
LLL-R-0151,角色库,角色库素材,角色库图片｜06_assets｜洛维恩 日常服装 正面站立参考,文件名与目录层级；未逐张人工视觉描述,01_角色库_图片.zip,images/黎黎隆项目/03_角色/角色库/06_assets/CH-002/洛维恩_日常服装_正面站立参考.png,黎黎隆项目/03_角色/角色库/06_assets/CH-002/洛维恩_日常服装_正面站立参考.png,03_角色/角色库/06_assets/CH-002/洛维恩_日常服装_正面站立参考.png,03_角色/角色库/01_角色卡/CH-002_洛维恩.md,03_角色/角色库/01_角色卡/CH-002_洛维恩.md,Markdown直接引用,,,,未找到图片直接节点,03_角色/角色库/角色总Canvas.canvas,png,450,532,311527,a2346af8be01812a3bdb4acebb1554e5a774d1fde255de4ccaf4be236af57c83,PASS_PNG,,沿用原库审核状态；此包不把候选/STAGING提升为定稿
LLL-R-0152,角色库,角色库素材,角色库图片｜06_assets｜CH-003 逃票魔法学徒 06x08设定融合版 主参考,文件名与目录层级；未逐张人工视觉描述,01_角色库_图片.zip,images/黎黎隆项目/03_角色/角色库/06_assets/CH-003/CH-003_逃票魔法学徒_06x08设定融合版_主参考.png,黎黎隆项目/03_角色/角色库/06_assets/CH-003/CH-003_逃票魔法学徒_06x08设定融合版_主参考.png,03_角色/角色库/06_assets/CH-003/CH-003_逃票魔法学徒_06x08设定融合版_主参考.png,03_角色/角色库/01_角色卡/CH-003_逃票魔法学徒.md,03_角色/角色库/01_角色卡/CH-003_逃票魔法学徒.md,Markdown直接引用,,,,未找到图片直接节点,03_角色/角色库/角色总Canvas.canvas,png,1312,1199,2688925,8f4bb563e8123b958631d163a0298687509d29e62d5bd82bf327c8e06b4970f0,PASS_PNG,黎黎隆项目/03_角色/角色库/06_assets/style_versions/LLL-CHAR-STYLE-v0.2/LLL-CHAR-STYLE-v0.2_源参考_逃票魔法师资料页.png,沿用原库审核状态；此包不把候选/STAGING提升为定稿
LLL-R-0153,角色库,角色库素材,角色库图片｜06_assets｜CH-003 逃票魔法学徒 9x16 四宫格设定稿 单人 v1,文件名与目录层级；未逐张人工视觉描述,01_角色库_图片.zip,images/黎黎隆项目/03_角色/角色库/06_assets/CH-003/CH-003_逃票魔法学徒_9x16_四宫格设定稿_单人_v1.png,黎黎隆项目/03_角色/角色库/06_assets/CH-003/CH-003_逃票魔法学徒_9x16_四宫格设定稿_单人_v1.png,03_角色/角色库/06_assets/CH-003/CH-003_逃票魔法学徒_9x16_四宫格设定稿_单人_v1.png,,03_角色/角色库/00_角色总索引.md,最近目录索引/说明（非逐图直引）,,,,未找到图片直接节点,03_角色/角色库/角色总Canvas.canvas,png,941,1672,1897635,e6071ac0e593d95ae8887e910eb3954e7d351e38c53156dd5e9b4fc1f97279ec,PASS_PNG,,沿用原库审核状态；此包不把候选/STAGING提升为定稿
LLL-R-0154,角色库,角色库素材,角色库图片｜06_assets｜CH-003 逃票魔法学徒 9x16 四格 灰纸水彩校准 v1,文件名与目录层级；未逐张人工视觉描述,01_角色库_图片.zip,images/黎黎隆项目/03_角色/角色库/06_assets/CH-003/CH-003_逃票魔法学徒_9x16_四格_灰纸水彩校准_v1.png,黎黎隆项目/03_角色/角色库/06_assets/CH-003/CH-003_逃票魔法学徒_9x16_四格_灰纸水彩校准_v1.png,03_角色/角色库/06_assets/CH-003/CH-003_逃票魔法学徒_9x16_四格_灰纸水彩校准_v1.png,03_角色/角色库/01_角色卡/CH-003_逃票魔法学徒.md | 03_角色/角色库/07_工具/角色画风版本记录.md,03_角色/角色库/01_角色卡/CH-003_逃票魔法学徒.md | 03_角色/角色库/07_工具/角色画风版本记录.md,Markdown直接引用,,,,未找到图片直接节点,03_角色/角色库/角色总Canvas.canvas,png,941,1672,2543144,10bf021cfafe7d58e67af03c33a153bd527922b637087da1d29d5a973c06f9ef,PASS_PNG,,沿用原库审核状态；此包不把候选/STAGING提升为定稿
LLL-R-0155,角色库,角色库素材,角色库图片｜06_assets｜大叔 单侧巨臂 候选01,文件名与目录层级；未逐张人工视觉描述,01_角色库_图片.zip,images/黎黎隆项目/03_角色/角色库/06_assets/CH-004/大叔_单侧巨臂_候选01.png,黎黎隆项目/03_角色/角色库/06_assets/CH-004/大叔_单侧巨臂_候选01.png,03_角色/角色库/06_assets/CH-004/大叔_单侧巨臂_候选01.png,03_角色/角色库/01_角色卡/CH-004_大叔.md,03_角色/角色库/01_角色卡/CH-004_大叔.md,Markdown直接引用,,其他Canvas: 黎黎隆_角色总览_素材汇总_v0.1.canvas#a202ffb317ec4718（邻近文字：大叔｜候选01）,其他Canvas: 大叔｜候选01,仅其他Canvas有图片直链,03_角色/角色库/角色总Canvas.canvas,png,1536,1024,2089653,3a2bea4a97e79abeecc6f4068fff2dc6545ec6737bd9bb2211fd0b21eb606651,PASS_PNG,,沿用原库审核状态；此包不把候选/STAGING提升为定稿
LLL-R-0156,角色库,角色库素材,角色库图片｜06_assets｜大叔 原稿 角色配色,文件名与目录层级；未逐张人工视觉描述,01_角色库_图片.zip,images/黎黎隆项目/03_角色/角色库/06_assets/CH-004/大叔_原稿_角色配色.jpg,黎黎隆项目/03_角色/角色库/06_assets/CH-004/大叔_原稿_角色配色.jpg,03_角色/角色库/06_assets/CH-004/大叔_原稿_角色配色.jpg,03_角色/角色库/01_角色卡/CH-004_大叔.md,03_角色/角色库/01_角色卡/CH-004_大叔.md,Markdown直接引用,,,,未找到图片直接节点,03_角色/角色库/角色总Canvas.canvas,jpg,6119,3492,2819697,3cbc5a86444427d240643483c25c3c586747c0f857f27be0447ffa855cf83945,PASS_JPEG,,沿用原库审核状态；此包不把候选/STAGING提升为定稿
LLL-R-0157,角色库,角色库素材,角色库图片｜06_assets｜黎黎 原稿 角色配色,文件名与目录层级；未逐张人工视觉描述,01_角色库_图片.zip,images/黎黎隆项目/03_角色/角色库/06_assets/CH-005/黎黎_原稿_角色配色.jpg,黎黎隆项目/03_角色/角色库/06_assets/CH-005/黎黎_原稿_角色配色.jpg,03_角色/角色库/06_assets/CH-005/黎黎_原稿_角色配色.jpg,03_角色/角色库/01_角色卡/CH-005_黎黎.md,03_角色/角色库/01_角色卡/CH-005_黎黎.md,Markdown直接引用,,,,未找到图片直接节点,03_角色/角色库/角色总Canvas.canvas,jpg,8395,4618,2179242,cb78d33b803e7e962440a5cd8676533f50f1f6803385c8678d0adbe9d85b9406,PASS_JPEG,,沿用原库审核状态；此包不把候选/STAGING提升为定稿
LLL-R-0158,角色库,角色库素材,角色库图片｜06_assets｜黎黎 尾体三段拆解设定页 候选01 20260929,文件名与目录层级；未逐张人工视觉描述,01_角色库_图片.zip,images/黎黎隆项目/03_角色/角色库/06_assets/CH-005/黎黎_尾体三段拆解设定页_候选01_20260929.png,黎黎隆项目/03_角色/角色库/06_assets/CH-005/黎黎_尾体三段拆解设定页_候选01_20260929.png,03_角色/角色库/06_assets/CH-005/黎黎_尾体三段拆解设定页_候选01_20260929.png,,03_角色/角色库/00_角色总索引.md,最近目录索引/说明（非逐图直引）,,,,未找到图片直接节点,03_角色/角色库/角色总Canvas.canvas,png,972,1619,2738211,8103e6ce90680613744c2eb746be5071af4a82b92342f30a24e8c1c7bae635ba,PASS_PNG,,沿用原库审核状态；此包不把候选/STAGING提升为定稿
LLL-R-0159,角色库,角色库素材,角色库图片｜06_assets｜黎黎 机械尾 候选01,文件名与目录层级；未逐张人工视觉描述,01_角色库_图片.zip,images/黎黎隆项目/03_角色/角色库/06_assets/CH-005/黎黎_机械尾_候选01.png,黎黎隆项目/03_角色/角色库/06_assets/CH-005/黎黎_机械尾_候选01.png,03_角色/角色库/06_assets/CH-005/黎黎_机械尾_候选01.png,03_角色/角色库/01_角色卡/CH-005_黎黎.md,03_角色/角色库/01_角色卡/CH-005_黎黎.md,Markdown直接引用,,其他Canvas: 黎黎隆_角色总览_素材汇总_v0.1.canvas#5f6f32f93c8e4c3a（邻近文字：黎黎｜候选01）,其他Canvas: 黎黎｜候选01,仅其他Canvas有图片直链,03_角色/角色库/角色总Canvas.canvas,png,1690,931,2609262,466695613baaf0c43fa55a906a894d1d43383f43b43fab760f84a4de18be2778,PASS_PNG,,沿用原库审核状态；此包不把候选/STAGING提升为定稿
LLL-R-0160,角色库,角色库素材,角色库图片｜06_assets｜黎黎隆 夺路尾 候选01,文件名与目录层级；未逐张人工视觉描述,01_角色库_图片.zip,images/黎黎隆项目/03_角色/角色库/06_assets/CH-005/黎黎隆_夺路尾_候选01.png,黎黎隆项目/03_角色/角色库/06_assets/CH-005/黎黎隆_夺路尾_候选01.png,03_角色/角色库/06_assets/CH-005/黎黎隆_夺路尾_候选01.png,03_角色/角色库/01_角色卡/CH-005_黎黎.md,03_角色/角色库/01_角色卡/CH-005_黎黎.md,Markdown直接引用,,,,未找到图片直接节点,03_角色/角色库/角色总Canvas.canvas,png,1536,1024,2559189,f8e481f640dbe7442b3a85b1c6ef6d5e0e179c5db6659765face540b4de326c9,PASS_PNG,,沿用原库审核状态；此包不把候选/STAGING提升为定稿
LLL-R-0161,角色库,角色库素材,角色库图片｜06_assets｜黎黎隆 用户参考 新基准原始截图,文件名与目录层级；未逐张人工视觉描述,01_角色库_图片.zip,images/黎黎隆项目/03_角色/角色库/06_assets/CH-005/黎黎隆_用户参考_新基准原始截图.png,黎黎隆项目/03_角色/角色库/06_assets/CH-005/黎黎隆_用户参考_新基准原始截图.png,03_角色/角色库/06_assets/CH-005/黎黎隆_用户参考_新基准原始截图.png,03_角色/角色库/01_角色卡/CH-005_黎黎.md,03_角色/角色库/01_角色卡/CH-005_黎黎.md,Markdown直接引用,,,,未找到图片直接节点,03_角色/角色库/角色总Canvas.canvas,png,1711,1457,3028410,6d6718918891eb170c656503794de24fb138d4731a53903dab3ddaf52e89c8e9,PASS_PNG,,沿用原库审核状态；此包不把候选/STAGING提升为定稿
LLL-R-0162,角色库,角色库素材,角色库图片｜06_assets｜黎黎隆 角色风格总规验证 候选01,文件名与目录层级；未逐张人工视觉描述,01_角色库_图片.zip,images/黎黎隆项目/03_角色/角色库/06_assets/CH-005/黎黎隆_角色风格总规验证_候选01.png,黎黎隆项目/03_角色/角色库/06_assets/CH-005/黎黎隆_角色风格总规验证_候选01.png,03_角色/角色库/06_assets/CH-005/黎黎隆_角色风格总规验证_候选01.png,,03_角色/角色库/00_角色总索引.md,最近目录索引/说明（非逐图直引）,,,,未找到图片直接节点,03_角色/角色库/角色总Canvas.canvas,png,1024,1536,2568936,9bfff495803062cf29ad772aaa97b1fd576f99b3906ab82e188d1347bdf920c5,PASS_PNG,黎黎隆项目/03_角色/角色库/02_H3专用角色库/assets/CH-014/CH-014_用户图二_原始参考副本.png,沿用原库审核状态；此包不把候选/STAGING提升为定稿
LLL-R-0163,角色库,角色库素材,角色库图片｜06_assets｜奇美拉 原稿 角色配色,文件名与目录层级；未逐张人工视觉描述,01_角色库_图片.zip,images/黎黎隆项目/03_角色/角色库/06_assets/CH-006/奇美拉_原稿_角色配色.jpg,黎黎隆项目/03_角色/角色库/06_assets/CH-006/奇美拉_原稿_角色配色.jpg,03_角色/角色库/06_assets/CH-006/奇美拉_原稿_角色配色.jpg,03_角色/角色库/01_角色卡/CH-006_奇美拉.md,03_角色/角色库/01_角色卡/CH-006_奇美拉.md,Markdown直接引用,,,,未找到图片直接节点,03_角色/角色库/角色总Canvas.canvas,jpg,6637,3508,1082192,57ee6823d4ea75a464d9f2c9c725af56b744bf3a198dd7e73546513d08e6b793,PASS_JPEG,,沿用原库审核状态；此包不把候选/STAGING提升为定稿
LLL-R-0164,角色库,角色库素材,角色库图片｜06_assets｜奇美拉 翼臂 候选01,文件名与目录层级；未逐张人工视觉描述,01_角色库_图片.zip,images/黎黎隆项目/03_角色/角色库/06_assets/CH-006/奇美拉_翼臂_候选01.png,黎黎隆项目/03_角色/角色库/06_assets/CH-006/奇美拉_翼臂_候选01.png,03_角色/角色库/06_assets/CH-006/奇美拉_翼臂_候选01.png,,03_角色/角色库/00_角色总索引.md,最近目录索引/说明（非逐图直引）,,其他Canvas: 黎黎隆_角色总览_素材汇总_v0.1.canvas#4482cd16374146bc（邻近文字：奇美拉｜候选01）,其他Canvas: 奇美拉｜候选01,仅其他Canvas有图片直链,03_角色/角色库/角色总Canvas.canvas,png,1536,1024,1898616,11366538b78100829547c3d88298286fb7b5200eee9ef081b18d85bd8f9fc538,PASS_PNG,,沿用原库审核状态；此包不把候选/STAGING提升为定稿
LLL-R-0165,角色库,角色库素材,角色库图片｜06_assets｜小和尚 四视图 原稿,文件名与目录层级；未逐张人工视觉描述,01_角色库_图片.zip,images/黎黎隆项目/03_角色/角色库/06_assets/CH-007/小和尚_四视图_原稿.png,黎黎隆项目/03_角色/角色库/06_assets/CH-007/小和尚_四视图_原稿.png,03_角色/角色库/06_assets/CH-007/小和尚_四视图_原稿.png,03_角色/角色库/01_角色卡/CH-007_小和尚.md,03_角色/角色库/01_角色卡/CH-007_小和尚.md,Markdown直接引用,,,,未找到图片直接节点,03_角色/角色库/角色总Canvas.canvas,png,941,1672,2353830,c4906d962353173d5293e1495a04557b78c77bcdf36cfabe7ee2dc7480019c1e,PASS_PNG,,沿用原库审核状态；此包不把候选/STAGING提升为定稿
LLL-R-0166,角色库,角色库素材,角色库图片｜06_assets｜裂缝听者 设定稿 候选01,文件名与目录层级；未逐张人工视觉描述,01_角色库_图片.zip,images/黎黎隆项目/03_角色/角色库/06_assets/CH-008/裂缝听者_设定稿_候选01.png,黎黎隆项目/03_角色/角色库/06_assets/CH-008/裂缝听者_设定稿_候选01.png,03_角色/角色库/06_assets/CH-008/裂缝听者_设定稿_候选01.png,03_角色/角色库/01_角色卡/CH-008_裂缝听者.md,03_角色/角色库/01_角色卡/CH-008_裂缝听者.md,Markdown直接引用,,其他Canvas: 黎黎隆_角色总览_素材汇总_v0.1.canvas#222116c4d1e84347（邻近文字：裂缝听者｜新增候选） | 其他Canvas: 黎黎隆_角色总览_素材汇总_v0.1.canvas#30dcacb74974444d（邻近文字：裂缝听者｜设定稿01）,其他Canvas: 裂缝听者｜新增候选 | 其他Canvas: 裂缝听者｜设定稿01,仅其他Canvas有图片直链,03_角色/角色库/角色总Canvas.canvas,png,1536,1024,2956891,b2d69654cbc41529bfba7aec647feec8b86695b0f958f22cb0883a3e1354b53b,PASS_PNG,,沿用原库审核状态；此包不把候选/STAGING提升为定稿
LLL-R-0167,角色库,角色库素材,角色库图片｜06_assets｜旧轨引路员 候选01,文件名与目录层级；未逐张人工视觉描述,01_角色库_图片.zip,images/黎黎隆项目/03_角色/角色库/06_assets/CH-009/旧轨引路员_候选01.png,黎黎隆项目/03_角色/角色库/06_assets/CH-009/旧轨引路员_候选01.png,03_角色/角色库/06_assets/CH-009/旧轨引路员_候选01.png,03_角色/角色库/01_角色卡/CH-009_旧轨引路员.md,03_角色/角色库/01_角色卡/CH-009_旧轨引路员.md,Markdown直接引用,,,,未找到图片直接节点,03_角色/角色库/角色总Canvas.canvas,png,1536,1024,2430247,4101ceac1dda87d16a017dc92bd62caa3b86c92d4c93621b384ac10fb05095af,PASS_PNG,,沿用原库审核状态；此包不把候选/STAGING提升为定稿
LLL-R-0168,角色库,角色库素材,角色库图片｜06_assets｜潮膜采集员 候选01,文件名与目录层级；未逐张人工视觉描述,01_角色库_图片.zip,images/黎黎隆项目/03_角色/角色库/06_assets/CH-010/潮膜采集员_候选01.png,黎黎隆项目/03_角色/角色库/06_assets/CH-010/潮膜采集员_候选01.png,03_角色/角色库/06_assets/CH-010/潮膜采集员_候选01.png,03_角色/角色库/01_角色卡/CH-010_潮膜采集员.md,03_角色/角色库/01_角色卡/CH-010_潮膜采集员.md,Markdown直接引用,,,,未找到图片直接节点,03_角色/角色库/角色总Canvas.canvas,png,1536,1024,2505882,019b85c77b8a0cc9a00bb1bb17b5b4d6603347b73369b1e007662c6be25e4ee6,PASS_PNG,,沿用原库审核状态；此包不把候选/STAGING提升为定稿
LLL-R-0169,角色库,角色库素材,角色库图片｜06_assets｜壳缝检修员 候选01,文件名与目录层级；未逐张人工视觉描述,01_角色库_图片.zip,images/黎黎隆项目/03_角色/角色库/06_assets/CH-011/壳缝检修员_候选01.png,黎黎隆项目/03_角色/角色库/06_assets/CH-011/壳缝检修员_候选01.png,03_角色/角色库/06_assets/CH-011/壳缝检修员_候选01.png,03_角色/角色库/01_角色卡/CH-011_壳缝检修员.md,03_角色/角色库/01_角色卡/CH-011_壳缝检修员.md,Markdown直接引用,,,,未找到图片直接节点,03_角色/角色库/角色总Canvas.canvas,png,1536,1024,2310135,267415c41fe92ebc65d33bc160ddce24466b890b5b76c0268d556a3f41d2535b,PASS_PNG,,沿用原库审核状态；此包不把候选/STAGING提升为定稿
LLL-R-0170,角色库,角色库素材,角色库图片｜06_assets｜夜渡摆渡员 候选01,文件名与目录层级；未逐张人工视觉描述,01_角色库_图片.zip,images/黎黎隆项目/03_角色/角色库/06_assets/CH-012/夜渡摆渡员_候选01.png,黎黎隆项目/03_角色/角色库/06_assets/CH-012/夜渡摆渡员_候选01.png,03_角色/角色库/06_assets/CH-012/夜渡摆渡员_候选01.png,03_角色/角色库/01_角色卡/CH-012_夜渡摆渡员.md,03_角色/角色库/01_角色卡/CH-012_夜渡摆渡员.md,Markdown直接引用,,,,未找到图片直接节点,03_角色/角色库/角色总Canvas.canvas,png,1536,1024,2471232,ccdc4a503c26b63cdbbb8752b57cc6866e34e304f53043e0573afe83fffafd84,PASS_PNG,,沿用原库审核状态；此包不把候选/STAGING提升为定稿
LLL-R-0171,角色库,角色库素材,角色库图片｜06_assets｜LLL-CHAR-STYLE-v0.2 源参考 逃票魔法师资料页,文件名与目录层级；未逐张人工视觉描述,01_角色库_图片.zip,images/黎黎隆项目/03_角色/角色库/06_assets/style_versions/LLL-CHAR-STYLE-v0.2/LLL-CHAR-STYLE-v0.2_源参考_逃票魔法师资料页.png,黎黎隆项目/03_角色/角色库/06_assets/style_versions/LLL-CHAR-STYLE-v0.2/LLL-CHAR-STYLE-v0.2_源参考_逃票魔法师资料页.png,03_角色/角色库/06_assets/style_versions/LLL-CHAR-STYLE-v0.2/LLL-CHAR-STYLE-v0.2_源参考_逃票魔法师资料页.png,03_角色/角色库/07_工具/角色画风版本记录.md,03_角色/角色库/07_工具/角色画风版本记录.md,Markdown直接引用,,,,未找到图片直接节点,03_角色/角色库/角色总Canvas.canvas,png,1312,1199,2688925,8f4bb563e8123b958631d163a0298687509d29e62d5bd82bf327c8e06b4970f0,PASS_PNG,黎黎隆项目/03_角色/角色库/06_assets/CH-003/CH-003_逃票魔法学徒_06x08设定融合版_主参考.png,沿用原库审核状态；此包不把候选/STAGING提升为定稿
LLL-R-0172,角色库,角色库素材,角色库图片｜体型模板_十元体型发散｜体型模板 01 男女体型十元发散 16格 CANDIDATE,文件名与目录层级；未逐张人工视觉描述,01_角色库_图片.zip,images/黎黎隆项目/03_角色/角色库/体型模板_十元体型发散/体型模板_01_男女体型十元发散_16格_CANDIDATE.png,黎黎隆项目/03_角色/角色库/体型模板_十元体型发散/体型模板_01_男女体型十元发散_16格_CANDIDATE.png,03_角色/角色库/体型模板_十元体型发散/体型模板_01_男女体型十元发散_16格_CANDIDATE.png,03_角色/角色库/体型模板_十元体型发散/00_体型模板_十元体型发散_说明.md,03_角色/角色库/体型模板_十元体型发散/00_体型模板_十元体型发散_说明.md,Markdown直接引用,主角色Canvas: 03_角色/角色库/角色总Canvas.canvas#body_templates_01_img（邻近文字：体型模板 01｜男女体型十元发散 先看比例、重心、肩胯、四肢和结构；不绑定角色身份。）,,主角色Canvas: 体型模板 01｜男女体型十元发散 先看比例、重心、肩胯、四肢和结构；不绑定角色身份。,主Canvas有图片直链,03_角色/角色库/角色总Canvas.canvas,png,1024,1536,1600447,74ffb14e1cd221ab935472d68386b42674b268bdaf2940260fbb6c6df5792dbd,PASS_PNG,,沿用原库审核状态；此包不把候选/STAGING提升为定稿
LLL-R-0173,角色库,角色库素材,角色库图片｜红桶头像四宫格候选_20260928｜H05 四宫格候选,文件名与目录层级；未逐张人工视觉描述,01_角色库_图片.zip,images/黎黎隆项目/03_角色/角色库/红桶头像四宫格候选_20260928/H05_四宫格候选.png,黎黎隆项目/03_角色/角色库/红桶头像四宫格候选_20260928/H05_四宫格候选.png,03_角色/角色库/红桶头像四宫格候选_20260928/H05_四宫格候选.png,,03_角色/角色库/红桶头像四宫格候选_20260928/00_候选索引.md | 03_角色/角色库/红桶头像四宫格候选_20260928/00_红桶四宫格候选总览.md | 03_角色/角色库/00_角色总索引.md,最近目录索引/说明（非逐图直引）,主角色Canvas: 03_角色/角色库/角色总Canvas.canvas#band_H05_grid（邻近文字：H05 折层递送者｜个人色 暗红） | 主角色Canvas: 03_角色/角色库/角色总Canvas.canvas#red4_H05（邻近文字：H05）,,主角色Canvas: H05 折层递送者｜个人色 暗红 | 主角色Canvas: H05,主Canvas有图片直链,03_角色/角色库/角色总Canvas.canvas,png,941,1672,2497364,886fdfe486c1daad0d8bab5bd21f61a849c534b3ce2bac962837537795425493,PASS_PNG,,沿用原库审核状态；此包不把候选/STAGING提升为定稿
LLL-R-0174,角色库,角色库素材,角色库图片｜红桶头像四宫格候选_20260928｜H25 四宫格候选,文件名与目录层级；未逐张人工视觉描述,01_角色库_图片.zip,images/黎黎隆项目/03_角色/角色库/红桶头像四宫格候选_20260928/H25_四宫格候选.png,黎黎隆项目/03_角色/角色库/红桶头像四宫格候选_20260928/H25_四宫格候选.png,03_角色/角色库/红桶头像四宫格候选_20260928/H25_四宫格候选.png,,03_角色/角色库/红桶头像四宫格候选_20260928/00_候选索引.md | 03_角色/角色库/红桶头像四宫格候选_20260928/00_红桶四宫格候选总览.md | 03_角色/角色库/00_角色总索引.md,最近目录索引/说明（非逐图直引）,主角色Canvas: 03_角色/角色库/角色总Canvas.canvas#band_H25_grid（邻近文字：🎬 红桶角色素材带｜每小时故事素材 / H3 可用 每角色 = 头像 + 单人半身（P1裁切·CANDIDATE）+ 四宫格缩略；大图在右侧候选区。故事发散每小时产出可直接引用本带节点。） | 主角色Canvas: 03_角色/角色库/角色总Canvas.canvas#red4_H25（邻近文字：H25）,,主角色Canvas: 🎬 红桶角色素材带｜每小时故事素材 / H3 可用 每角色 = 头像 + 单人半身（P1裁切·CANDIDATE）+ 四宫格缩略；大图在右侧候选区。故事发散每小时产出可直接引用本带节点。 | 主角色Canvas: H25,主Canvas有图片直链,03_角色/角色库/角色总Canvas.canvas,png,941,1672,2589604,fdb6b0cdc7d9c0c292c120981f58e7e7e46e8b60a67b1af7bcb36c2814e17ade,PASS_PNG,,沿用原库审核状态；此包不把候选/STAGING提升为定稿
LLL-R-0175,角色库,角色库素材,角色库图片｜红桶头像四宫格候选_20260928｜H26 四宫格候选,文件名与目录层级；未逐张人工视觉描述,01_角色库_图片.zip,images/黎黎隆项目/03_角色/角色库/红桶头像四宫格候选_20260928/H26_四宫格候选.png,黎黎隆项目/03_角色/角色库/红桶头像四宫格候选_20260928/H26_四宫格候选.png,03_角色/角色库/红桶头像四宫格候选_20260928/H26_四宫格候选.png,,03_角色/角色库/红桶头像四宫格候选_20260928/00_候选索引.md | 03_角色/角色库/红桶头像四宫格候选_20260928/00_红桶四宫格候选总览.md | 03_角色/角色库/00_角色总索引.md,最近目录索引/说明（非逐图直引）,主角色Canvas: 03_角色/角色库/角色总Canvas.canvas#red4_H26（邻近文字：H26） | 主角色Canvas: 03_角色/角色库/角色总Canvas.canvas#band_H26_grid（邻近文字：H26 迁名旅者｜个人色 灰紫）,,主角色Canvas: H26 | 主角色Canvas: H26 迁名旅者｜个人色 灰紫,主Canvas有图片直链,03_角色/角色库/角色总Canvas.canvas,png,941,1672,3453867,63066720761f6cc533ccdb218b22772084b973a6077545391f047978959ce507,PASS_PNG,,沿用原库审核状态；此包不把候选/STAGING提升为定稿
LLL-R-0176,角色库,角色库素材,角色库图片｜红桶头像四宫格候选_20260928｜H29 四宫格候选,文件名与目录层级；未逐张人工视觉描述,01_角色库_图片.zip,images/黎黎隆项目/03_角色/角色库/红桶头像四宫格候选_20260928/H29_四宫格候选.png,黎黎隆项目/03_角色/角色库/红桶头像四宫格候选_20260928/H29_四宫格候选.png,03_角色/角色库/红桶头像四宫格候选_20260928/H29_四宫格候选.png,,03_角色/角色库/红桶头像四宫格候选_20260928/00_候选索引.md | 03_角色/角色库/红桶头像四宫格候选_20260928/00_红桶四宫格候选总览.md | 03_角色/角色库/00_角色总索引.md,最近目录索引/说明（非逐图直引）,主角色Canvas: 03_角色/角色库/角色总Canvas.canvas#red4_H29（邻近文字：H29） | 主角色Canvas: 03_角色/角色库/角色总Canvas.canvas#band_H29_grid（邻近文字：H29 多身共鸣体｜个人色 青绿）,,主角色Canvas: H29 | 主角色Canvas: H29 多身共鸣体｜个人色 青绿,主Canvas有图片直链,03_角色/角色库/角色总Canvas.canvas,png,941,1672,2510082,f1935eaf0adadcb17704f4bcc261e9139a4ade097c9ca9db6b020745b78ecf22,PASS_PNG,,沿用原库审核状态；此包不把候选/STAGING提升为定稿
LLL-R-0177,角色库,角色库素材,角色库图片｜红桶头像四宫格候选_20260928｜N01 四宫格候选,文件名与目录层级；未逐张人工视觉描述,01_角色库_图片.zip,images/黎黎隆项目/03_角色/角色库/红桶头像四宫格候选_20260928/N01_四宫格候选.png,黎黎隆项目/03_角色/角色库/红桶头像四宫格候选_20260928/N01_四宫格候选.png,03_角色/角色库/红桶头像四宫格候选_20260928/N01_四宫格候选.png,,03_角色/角色库/红桶头像四宫格候选_20260928/00_候选索引.md | 03_角色/角色库/红桶头像四宫格候选_20260928/00_红桶四宫格候选总览.md | 03_角色/角色库/00_角色总索引.md,最近目录索引/说明（非逐图直引）,主角色Canvas: 03_角色/角色库/角色总Canvas.canvas#red4_N01（邻近文字：N01） | 主角色Canvas: 03_角色/角色库/角色总Canvas.canvas#band_N01_grid（邻近文字：N01 潮标拨路人｜个人色 青绿）,,主角色Canvas: N01 | 主角色Canvas: N01 潮标拨路人｜个人色 青绿,主Canvas有图片直链,03_角色/角色库/角色总Canvas.canvas,png,941,1672,2522620,bbe56caff6b87842d8aadd374cd03921e2231ecd83c9a6264786f99a3ecbb53e,PASS_PNG,,沿用原库审核状态；此包不把候选/STAGING提升为定稿
LLL-R-0178,角色库,角色库素材,角色库图片｜红桶头像四宫格候选_20260928｜N14 四宫格候选,文件名与目录层级；未逐张人工视觉描述,01_角色库_图片.zip,images/黎黎隆项目/03_角色/角色库/红桶头像四宫格候选_20260928/N14_四宫格候选.png,黎黎隆项目/03_角色/角色库/红桶头像四宫格候选_20260928/N14_四宫格候选.png,03_角色/角色库/红桶头像四宫格候选_20260928/N14_四宫格候选.png,,03_角色/角色库/红桶头像四宫格候选_20260928/00_候选索引.md | 03_角色/角色库/红桶头像四宫格候选_20260928/00_红桶四宫格候选总览.md | 03_角色/角色库/00_角色总索引.md,最近目录索引/说明（非逐图直引）,主角色Canvas: 03_角色/角色库/角色总Canvas.canvas#red4_N14（邻近文字：N14） | 主角色Canvas: 03_角色/角色库/角色总Canvas.canvas#band_N14_grid（邻近文字：N14 发光罩面代言者｜个人色 灰紫）,,主角色Canvas: N14 | 主角色Canvas: N14 发光罩面代言者｜个人色 灰紫,主Canvas有图片直链,03_角色/角色库/角色总Canvas.canvas,png,941,1672,2758853,e983ef6b3ded987150286934eed6a4c494878c071e85575d299224d0692db292,PASS_PNG,,沿用原库审核状态；此包不把候选/STAGING提升为定稿
LLL-R-0179,角色库,角色库素材,角色库图片｜红桶头像四宫格候选_20260928｜N17 四宫格候选,文件名与目录层级；未逐张人工视觉描述,01_角色库_图片.zip,images/黎黎隆项目/03_角色/角色库/红桶头像四宫格候选_20260928/N17_四宫格候选.png,黎黎隆项目/03_角色/角色库/红桶头像四宫格候选_20260928/N17_四宫格候选.png,03_角色/角色库/红桶头像四宫格候选_20260928/N17_四宫格候选.png,,03_角色/角色库/红桶头像四宫格候选_20260928/00_候选索引.md | 03_角色/角色库/红桶头像四宫格候选_20260928/00_红桶四宫格候选总览.md | 03_角色/角色库/00_角色总索引.md,最近目录索引/说明（非逐图直引）,主角色Canvas: 03_角色/角色库/角色总Canvas.canvas#red4_N17（邻近文字：N17） | 主角色Canvas: 03_角色/角色库/角色总Canvas.canvas#band_N17_grid（邻近文字：N17 裂风回声探子｜个人色 墨青）,,主角色Canvas: N17 | 主角色Canvas: N17 裂风回声探子｜个人色 墨青,主Canvas有图片直链,03_角色/角色库/角色总Canvas.canvas,png,941,1672,2805768,995a2b2f947d25e59edecc40be57c2a3293ce56520acb8718892692cfa2bdbc7,PASS_PNG,,沿用原库审核状态；此包不把候选/STAGING提升为定稿
LLL-R-0180,角色库,角色库素材,角色库图片｜红桶头像四宫格候选_20260928｜N26 四宫格候选,文件名与目录层级；未逐张人工视觉描述,01_角色库_图片.zip,images/黎黎隆项目/03_角色/角色库/红桶头像四宫格候选_20260928/N26_四宫格候选.png,黎黎隆项目/03_角色/角色库/红桶头像四宫格候选_20260928/N26_四宫格候选.png,03_角色/角色库/红桶头像四宫格候选_20260928/N26_四宫格候选.png,,03_角色/角色库/红桶头像四宫格候选_20260928/00_候选索引.md | 03_角色/角色库/红桶头像四宫格候选_20260928/00_红桶四宫格候选总览.md | 03_角色/角色库/00_角色总索引.md,最近目录索引/说明（非逐图直引）,主角色Canvas: 03_角色/角色库/角色总Canvas.canvas#red4_N26（邻近文字：H05） | 主角色Canvas: 03_角色/角色库/角色总Canvas.canvas#band_N26_grid（邻近文字：N26 褪地迁路人｜个人色 淡青灰）,,主角色Canvas: H05 | 主角色Canvas: N26 褪地迁路人｜个人色 淡青灰,主Canvas有图片直链,03_角色/角色库/角色总Canvas.canvas,png,941,1672,2524824,bdb937ac929b0fbe3c575843d6a6fc08f7e632a9f117c39536d993da4a609680,PASS_PNG,,沿用原库审核状态；此包不把候选/STAGING提升为定稿
LLL-R-0181,角色库,角色库素材,角色库图片｜红桶头像四宫格候选_20260928｜N30 四宫格候选,文件名与目录层级；未逐张人工视觉描述,01_角色库_图片.zip,images/黎黎隆项目/03_角色/角色库/红桶头像四宫格候选_20260928/N30_四宫格候选.png,黎黎隆项目/03_角色/角色库/红桶头像四宫格候选_20260928/N30_四宫格候选.png,03_角色/角色库/红桶头像四宫格候选_20260928/N30_四宫格候选.png,,03_角色/角色库/红桶头像四宫格候选_20260928/00_候选索引.md | 03_角色/角色库/红桶头像四宫格候选_20260928/00_红桶四宫格候选总览.md | 03_角色/角色库/00_角色总索引.md,最近目录索引/说明（非逐图直引）,主角色Canvas: 03_角色/角色库/角色总Canvas.canvas#band_N30_grid（邻近文字：N30 顺巢漂居者｜个人色 淡青灰） | 主角色Canvas: 03_角色/角色库/角色总Canvas.canvas#red4_N30（邻近文字：H25）,,主角色Canvas: N30 顺巢漂居者｜个人色 淡青灰 | 主角色Canvas: H25,主Canvas有图片直链,03_角色/角色库/角色总Canvas.canvas,png,941,1672,2585367,41b9f721b343b07496270e78b7f2be4da41e6428f622f80ab08da31076d14515,PASS_PNG,,沿用原库审核状态；此包不把候选/STAGING提升为定稿
LLL-R-0182,角色库,角色库素材,角色库图片｜红桶头像四宫格候选_20260928｜S06 四宫格候选,文件名与目录层级；未逐张人工视觉描述,01_角色库_图片.zip,images/黎黎隆项目/03_角色/角色库/红桶头像四宫格候选_20260928/S06_四宫格候选.png,黎黎隆项目/03_角色/角色库/红桶头像四宫格候选_20260928/S06_四宫格候选.png,03_角色/角色库/红桶头像四宫格候选_20260928/S06_四宫格候选.png,,03_角色/角色库/红桶头像四宫格候选_20260928/00_候选索引.md | 03_角色/角色库/红桶头像四宫格候选_20260928/00_红桶四宫格候选总览.md | 03_角色/角色库/00_角色总索引.md,最近目录索引/说明（非逐图直引）,主角色Canvas: 03_角色/角色库/角色总Canvas.canvas#band_S06_grid（邻近文字：S06 红发垂饰者｜个人色 暗红） | 主角色Canvas: 03_角色/角色库/角色总Canvas.canvas#red4_S06（邻近文字：H26）,,主角色Canvas: S06 红发垂饰者｜个人色 暗红 | 主角色Canvas: H26,主Canvas有图片直链,03_角色/角色库/角色总Canvas.canvas,png,941,1672,3029192,dd4f96a31b63ee62b9228ed5c3739ba8ce914bf2ebdc207ca0e2e63cd674677c,PASS_PNG,,沿用原库审核状态；此包不把候选/STAGING提升为定稿
LLL-R-0183,角色库,角色库素材,角色库图片｜红桶头像四宫格候选_20260928｜S09 四宫格候选,文件名与目录层级；未逐张人工视觉描述,01_角色库_图片.zip,images/黎黎隆项目/03_角色/角色库/红桶头像四宫格候选_20260928/S09_四宫格候选.png,黎黎隆项目/03_角色/角色库/红桶头像四宫格候选_20260928/S09_四宫格候选.png,03_角色/角色库/红桶头像四宫格候选_20260928/S09_四宫格候选.png,,03_角色/角色库/红桶头像四宫格候选_20260928/00_候选索引.md | 03_角色/角色库/红桶头像四宫格候选_20260928/00_红桶四宫格候选总览.md | 03_角色/角色库/00_角色总索引.md,最近目录索引/说明（非逐图直引）,主角色Canvas: 03_角色/角色库/角色总Canvas.canvas#band_S09_grid（邻近文字：S09 赤罩主角｜个人色 暗红） | 主角色Canvas: 03_角色/角色库/角色总Canvas.canvas#red4_S09（邻近文字：H29）,,主角色Canvas: S09 赤罩主角｜个人色 暗红 | 主角色Canvas: H29,主Canvas有图片直链,03_角色/角色库/角色总Canvas.canvas,png,941,1672,2656768,59d091096580dde11653ad2eff25dd137ae24efc21d944066c377749675189fc,PASS_PNG,,沿用原库审核状态；此包不把候选/STAGING提升为定稿
LLL-R-0184,角色库,角色库素材,角色库图片｜红桶头像四宫格候选_20260928｜S11 四宫格候选,文件名与目录层级；未逐张人工视觉描述,01_角色库_图片.zip,images/黎黎隆项目/03_角色/角色库/红桶头像四宫格候选_20260928/S11_四宫格候选.png,黎黎隆项目/03_角色/角色库/红桶头像四宫格候选_20260928/S11_四宫格候选.png,03_角色/角色库/红桶头像四宫格候选_20260928/S11_四宫格候选.png,,03_角色/角色库/红桶头像四宫格候选_20260928/00_候选索引.md | 03_角色/角色库/红桶头像四宫格候选_20260928/00_红桶四宫格候选总览.md | 03_角色/角色库/00_角色总索引.md,最近目录索引/说明（非逐图直引）,主角色Canvas: 03_角色/角色库/角色总Canvas.canvas#band_S11_grid（邻近文字：S11 青角红发者｜个人色 青绿） | 主角色Canvas: 03_角色/角色库/角色总Canvas.canvas#red4_S11（邻近文字：N01）,,主角色Canvas: S11 青角红发者｜个人色 青绿 | 主角色Canvas: N01,主Canvas有图片直链,03_角色/角色库/角色总Canvas.canvas,png,941,1672,2503067,30d7662ee4155ffc83c2a77db24f64813ae99ca280e2a770ef644ce3d0a99dc1,PASS_PNG,,沿用原库审核状态；此包不把候选/STAGING提升为定稿
LLL-R-0185,角色库,角色库素材,角色库图片｜红桶头像四宫格候选_20260928｜S12 四宫格候选,文件名与目录层级；未逐张人工视觉描述,01_角色库_图片.zip,images/黎黎隆项目/03_角色/角色库/红桶头像四宫格候选_20260928/S12_四宫格候选.png,黎黎隆项目/03_角色/角色库/红桶头像四宫格候选_20260928/S12_四宫格候选.png,03_角色/角色库/红桶头像四宫格候选_20260928/S12_四宫格候选.png,,03_角色/角色库/红桶头像四宫格候选_20260928/00_候选索引.md | 03_角色/角色库/红桶头像四宫格候选_20260928/00_红桶四宫格候选总览.md | 03_角色/角色库/00_角色总索引.md,最近目录索引/说明（非逐图直引）,主角色Canvas: 03_角色/角色库/角色总Canvas.canvas#band_S12_grid（邻近文字：S12 红罩关键人物｜个人色 墨青） | 主角色Canvas: 03_角色/角色库/角色总Canvas.canvas#red4_S12（邻近文字：N14）,,主角色Canvas: S12 红罩关键人物｜个人色 墨青 | 主角色Canvas: N14,主Canvas有图片直链,03_角色/角色库/角色总Canvas.canvas,png,941,1672,2578017,aaeb24b5c5cc1e702d61236f084172c08dea227447c514d1bc0db0cca0cf9ebe,PASS_PNG,,沿用原库审核状态；此包不把候选/STAGING提升为定稿
LLL-R-0186,角色库,角色库素材,角色库图片｜红桶头像四宫格候选_20260928｜H05 P1 单人 CANDIDATE,文件名与目录层级；未逐张人工视觉描述,01_角色库_图片.zip,images/黎黎隆项目/03_角色/角色库/红桶头像四宫格候选_20260928/单人半身裁切/H05_P1_单人_CANDIDATE.png,黎黎隆项目/03_角色/角色库/红桶头像四宫格候选_20260928/单人半身裁切/H05_P1_单人_CANDIDATE.png,03_角色/角色库/红桶头像四宫格候选_20260928/单人半身裁切/H05_P1_单人_CANDIDATE.png,,03_角色/角色库/红桶头像四宫格候选_20260928/00_候选索引.md | 03_角色/角色库/红桶头像四宫格候选_20260928/00_红桶四宫格候选总览.md | 03_角色/角色库/00_角色总索引.md,最近目录索引/说明（非逐图直引）,,,,未找到图片直接节点,03_角色/角色库/角色总Canvas.canvas,png,470,836,616129,4f8273b136ce813a5e9bc3a761ce53b423c7b417258c737c303e7a14f815c928,PASS_PNG,,沿用原库审核状态；此包不把候选/STAGING提升为定稿
LLL-R-0187,角色库,角色库素材,角色库图片｜红桶头像四宫格候选_20260928｜H05 单人半身 CANDIDATE,文件名与目录层级；未逐张人工视觉描述,01_角色库_图片.zip,images/黎黎隆项目/03_角色/角色库/红桶头像四宫格候选_20260928/单人半身裁切/H05_单人半身_CANDIDATE.png,黎黎隆项目/03_角色/角色库/红桶头像四宫格候选_20260928/单人半身裁切/H05_单人半身_CANDIDATE.png,03_角色/角色库/红桶头像四宫格候选_20260928/单人半身裁切/H05_单人半身_CANDIDATE.png,,03_角色/角色库/红桶头像四宫格候选_20260928/00_候选索引.md | 03_角色/角色库/红桶头像四宫格候选_20260928/00_红桶四宫格候选总览.md | 03_角色/角色库/00_角色总索引.md,最近目录索引/说明（非逐图直引）,主角色Canvas: 03_角色/角色库/角色总Canvas.canvas#band_H05_hb（邻近文字：H05 折层递送者｜个人色 暗红）,,主角色Canvas: H05 折层递送者｜个人色 暗红,主Canvas有图片直链,03_角色/角色库/角色总Canvas.canvas,png,470,460,326553,049ab8dd50e43c1a5c73b28e628a399f97b55f8210d6db2cab4fa3503969aee4,PASS_PNG,,沿用原库审核状态；此包不把候选/STAGING提升为定稿
LLL-R-0188,角色库,角色库素材,角色库图片｜红桶头像四宫格候选_20260928｜H25 P1 单人 CANDIDATE,文件名与目录层级；未逐张人工视觉描述,01_角色库_图片.zip,images/黎黎隆项目/03_角色/角色库/红桶头像四宫格候选_20260928/单人半身裁切/H25_P1_单人_CANDIDATE.png,黎黎隆项目/03_角色/角色库/红桶头像四宫格候选_20260928/单人半身裁切/H25_P1_单人_CANDIDATE.png,03_角色/角色库/红桶头像四宫格候选_20260928/单人半身裁切/H25_P1_单人_CANDIDATE.png,,03_角色/角色库/红桶头像四宫格候选_20260928/00_候选索引.md | 03_角色/角色库/红桶头像四宫格候选_20260928/00_红桶四宫格候选总览.md | 03_角色/角色库/00_角色总索引.md,最近目录索引/说明（非逐图直引）,,,,未找到图片直接节点,03_角色/角色库/角色总Canvas.canvas,png,470,836,635708,9febc04ef516a80ab5a064d74bfa29688ea5affd602e7131f25f33c6cacc1a35,PASS_PNG,,沿用原库审核状态；此包不把候选/STAGING提升为定稿
LLL-R-0189,角色库,角色库素材,角色库图片｜红桶头像四宫格候选_20260928｜H25 单人半身 CANDIDATE,文件名与目录层级；未逐张人工视觉描述,01_角色库_图片.zip,images/黎黎隆项目/03_角色/角色库/红桶头像四宫格候选_20260928/单人半身裁切/H25_单人半身_CANDIDATE.png,黎黎隆项目/03_角色/角色库/红桶头像四宫格候选_20260928/单人半身裁切/H25_单人半身_CANDIDATE.png,03_角色/角色库/红桶头像四宫格候选_20260928/单人半身裁切/H25_单人半身_CANDIDATE.png,,03_角色/角色库/红桶头像四宫格候选_20260928/00_候选索引.md | 03_角色/角色库/红桶头像四宫格候选_20260928/00_红桶四宫格候选总览.md | 03_角色/角色库/00_角色总索引.md,最近目录索引/说明（非逐图直引）,主角色Canvas: 03_角色/角色库/角色总Canvas.canvas#band_H25_hb（邻近文字：H25 灯影演者｜个人色 暗红）,,主角色Canvas: H25 灯影演者｜个人色 暗红,主Canvas有图片直链,03_角色/角色库/角色总Canvas.canvas,png,470,460,337416,18a0a40ccd0515f716d4afac84d25bee059d3308216d2f2e5f02aea4d154cc31,PASS_PNG,,沿用原库审核状态；此包不把候选/STAGING提升为定稿
LLL-R-0190,角色库,角色库素材,角色库图片｜红桶头像四宫格候选_20260928｜H26 P1 单人 CANDIDATE,文件名与目录层级；未逐张人工视觉描述,01_角色库_图片.zip,images/黎黎隆项目/03_角色/角色库/红桶头像四宫格候选_20260928/单人半身裁切/H26_P1_单人_CANDIDATE.png,黎黎隆项目/03_角色/角色库/红桶头像四宫格候选_20260928/单人半身裁切/H26_P1_单人_CANDIDATE.png,03_角色/角色库/红桶头像四宫格候选_20260928/单人半身裁切/H26_P1_单人_CANDIDATE.png,,03_角色/角色库/红桶头像四宫格候选_20260928/00_候选索引.md | 03_角色/角色库/红桶头像四宫格候选_20260928/00_红桶四宫格候选总览.md | 03_角色/角色库/00_角色总索引.md,最近目录索引/说明（非逐图直引）,,,,未找到图片直接节点,03_角色/角色库/角色总Canvas.canvas,png,470,836,888482,9dd9a7a900b8fc37c27cf2af9d3ef1cddd3e65b9eba0d66725c25870298cc4eb,PASS_PNG,,沿用原库审核状态；此包不把候选/STAGING提升为定稿
LLL-R-0191,角色库,角色库素材,角色库图片｜红桶头像四宫格候选_20260928｜H26 单人半身 CANDIDATE,文件名与目录层级；未逐张人工视觉描述,01_角色库_图片.zip,images/黎黎隆项目/03_角色/角色库/红桶头像四宫格候选_20260928/单人半身裁切/H26_单人半身_CANDIDATE.png,黎黎隆项目/03_角色/角色库/红桶头像四宫格候选_20260928/单人半身裁切/H26_单人半身_CANDIDATE.png,03_角色/角色库/红桶头像四宫格候选_20260928/单人半身裁切/H26_单人半身_CANDIDATE.png,,03_角色/角色库/红桶头像四宫格候选_20260928/00_候选索引.md | 03_角色/角色库/红桶头像四宫格候选_20260928/00_红桶四宫格候选总览.md | 03_角色/角色库/00_角色总索引.md,最近目录索引/说明（非逐图直引）,主角色Canvas: 03_角色/角色库/角色总Canvas.canvas#band_H26_hb（邻近文字：H26 迁名旅者｜个人色 灰紫）,,主角色Canvas: H26 迁名旅者｜个人色 灰紫,主Canvas有图片直链,03_角色/角色库/角色总Canvas.canvas,png,470,460,497674,99b3c15fb055bf88a7b9851ba2dd5e09c8d406bec7563de2dfa3255621071c08,PASS_PNG,,沿用原库审核状态；此包不把候选/STAGING提升为定稿
LLL-R-0192,角色库,角色库素材,角色库图片｜红桶头像四宫格候选_20260928｜H29 P1 单人 CANDIDATE,文件名与目录层级；未逐张人工视觉描述,01_角色库_图片.zip,images/黎黎隆项目/03_角色/角色库/红桶头像四宫格候选_20260928/单人半身裁切/H29_P1_单人_CANDIDATE.png,黎黎隆项目/03_角色/角色库/红桶头像四宫格候选_20260928/单人半身裁切/H29_P1_单人_CANDIDATE.png,03_角色/角色库/红桶头像四宫格候选_20260928/单人半身裁切/H29_P1_单人_CANDIDATE.png,,03_角色/角色库/红桶头像四宫格候选_20260928/00_候选索引.md | 03_角色/角色库/红桶头像四宫格候选_20260928/00_红桶四宫格候选总览.md | 03_角色/角色库/00_角色总索引.md,最近目录索引/说明（非逐图直引）,,,,未找到图片直接节点,03_角色/角色库/角色总Canvas.canvas,png,470,836,634477,4accac8ef278bf0572686fa42a25a5cf9ce3168c095f36ae11916eafc054131e,PASS_PNG,,沿用原库审核状态；此包不把候选/STAGING提升为定稿
LLL-R-0193,角色库,角色库素材,角色库图片｜红桶头像四宫格候选_20260928｜H29 单人半身 CANDIDATE,文件名与目录层级；未逐张人工视觉描述,01_角色库_图片.zip,images/黎黎隆项目/03_角色/角色库/红桶头像四宫格候选_20260928/单人半身裁切/H29_单人半身_CANDIDATE.png,黎黎隆项目/03_角色/角色库/红桶头像四宫格候选_20260928/单人半身裁切/H29_单人半身_CANDIDATE.png,03_角色/角色库/红桶头像四宫格候选_20260928/单人半身裁切/H29_单人半身_CANDIDATE.png,,03_角色/角色库/红桶头像四宫格候选_20260928/00_候选索引.md | 03_角色/角色库/红桶头像四宫格候选_20260928/00_红桶四宫格候选总览.md | 03_角色/角色库/00_角色总索引.md,最近目录索引/说明（非逐图直引）,主角色Canvas: 03_角色/角色库/角色总Canvas.canvas#band_H29_hb（邻近文字：H29 多身共鸣体｜个人色 青绿）,,主角色Canvas: H29 多身共鸣体｜个人色 青绿,主Canvas有图片直链,03_角色/角色库/角色总Canvas.canvas,png,470,460,356428,657baa052c6357e6c78237e9fa61b74436faeac1d3b4c6256debc7a8ef7529ad,PASS_PNG,,沿用原库审核状态；此包不把候选/STAGING提升为定稿
LLL-R-0194,角色库,角色库素材,角色库图片｜红桶头像四宫格候选_20260928｜N01 P1 单人 CANDIDATE,文件名与目录层级；未逐张人工视觉描述,01_角色库_图片.zip,images/黎黎隆项目/03_角色/角色库/红桶头像四宫格候选_20260928/单人半身裁切/N01_P1_单人_CANDIDATE.png,黎黎隆项目/03_角色/角色库/红桶头像四宫格候选_20260928/单人半身裁切/N01_P1_单人_CANDIDATE.png,03_角色/角色库/红桶头像四宫格候选_20260928/单人半身裁切/N01_P1_单人_CANDIDATE.png,,03_角色/角色库/红桶头像四宫格候选_20260928/00_候选索引.md | 03_角色/角色库/红桶头像四宫格候选_20260928/00_红桶四宫格候选总览.md | 03_角色/角色库/00_角色总索引.md,最近目录索引/说明（非逐图直引）,,,,未找到图片直接节点,03_角色/角色库/角色总Canvas.canvas,png,470,836,635002,820646d2f3f2f5baad13cac44f0962597d4d77b5904e184f0e3c7bb6736d43b9,PASS_PNG,,沿用原库审核状态；此包不把候选/STAGING提升为定稿
LLL-R-0195,角色库,角色库素材,角色库图片｜红桶头像四宫格候选_20260928｜N01 单人半身 CANDIDATE,文件名与目录层级；未逐张人工视觉描述,01_角色库_图片.zip,images/黎黎隆项目/03_角色/角色库/红桶头像四宫格候选_20260928/单人半身裁切/N01_单人半身_CANDIDATE.png,黎黎隆项目/03_角色/角色库/红桶头像四宫格候选_20260928/单人半身裁切/N01_单人半身_CANDIDATE.png,03_角色/角色库/红桶头像四宫格候选_20260928/单人半身裁切/N01_单人半身_CANDIDATE.png,,03_角色/角色库/红桶头像四宫格候选_20260928/00_候选索引.md | 03_角色/角色库/红桶头像四宫格候选_20260928/00_红桶四宫格候选总览.md | 03_角色/角色库/00_角色总索引.md,最近目录索引/说明（非逐图直引）,主角色Canvas: 03_角色/角色库/角色总Canvas.canvas#band_N01_hb（邻近文字：N01 潮标拨路人｜个人色 青绿）,,主角色Canvas: N01 潮标拨路人｜个人色 青绿,主Canvas有图片直链,03_角色/角色库/角色总Canvas.canvas,png,470,460,337139,15b0b220f77ca7fca528e1d2ba71832b10e794a6accd83380b5a10d8bdf0dd51,PASS_PNG,,沿用原库审核状态；此包不把候选/STAGING提升为定稿
LLL-R-0196,角色库,角色库素材,角色库图片｜红桶头像四宫格候选_20260928｜N14 P1 单人 CANDIDATE,文件名与目录层级；未逐张人工视觉描述,01_角色库_图片.zip,images/黎黎隆项目/03_角色/角色库/红桶头像四宫格候选_20260928/单人半身裁切/N14_P1_单人_CANDIDATE.png,黎黎隆项目/03_角色/角色库/红桶头像四宫格候选_20260928/单人半身裁切/N14_P1_单人_CANDIDATE.png,03_角色/角色库/红桶头像四宫格候选_20260928/单人半身裁切/N14_P1_单人_CANDIDATE.png,,03_角色/角色库/红桶头像四宫格候选_20260928/00_候选索引.md | 03_角色/角色库/红桶头像四宫格候选_20260928/00_红桶四宫格候选总览.md | 03_角色/角色库/00_角色总索引.md,最近目录索引/说明（非逐图直引）,,,,未找到图片直接节点,03_角色/角色库/角色总Canvas.canvas,png,470,836,692858,360bcb6dcccd7bba0a31711583c82e7350abf8df977aad2f82cb86a785ab9fce,PASS_PNG,,沿用原库审核状态；此包不把候选/STAGING提升为定稿
LLL-R-0197,角色库,角色库素材,角色库图片｜红桶头像四宫格候选_20260928｜N14 单人半身 CANDIDATE,文件名与目录层级；未逐张人工视觉描述,01_角色库_图片.zip,images/黎黎隆项目/03_角色/角色库/红桶头像四宫格候选_20260928/单人半身裁切/N14_单人半身_CANDIDATE.png,黎黎隆项目/03_角色/角色库/红桶头像四宫格候选_20260928/单人半身裁切/N14_单人半身_CANDIDATE.png,03_角色/角色库/红桶头像四宫格候选_20260928/单人半身裁切/N14_单人半身_CANDIDATE.png,,03_角色/角色库/红桶头像四宫格候选_20260928/00_候选索引.md | 03_角色/角色库/红桶头像四宫格候选_20260928/00_红桶四宫格候选总览.md | 03_角色/角色库/00_角色总索引.md,最近目录索引/说明（非逐图直引）,主角色Canvas: 03_角色/角色库/角色总Canvas.canvas#band_N14_hb（邻近文字：N14 发光罩面代言者｜个人色 灰紫）,,主角色Canvas: N14 发光罩面代言者｜个人色 灰紫,主Canvas有图片直链,03_角色/角色库/角色总Canvas.canvas,png,470,460,405764,fa3e04f593194ce6155f5f684cea170abea6026cadceb64b2cb59c984b6f9e4f,PASS_PNG,,沿用原库审核状态；此包不把候选/STAGING提升为定稿
LLL-R-0198,角色库,角色库素材,角色库图片｜红桶头像四宫格候选_20260928｜N17 P1 单人 CANDIDATE,文件名与目录层级；未逐张人工视觉描述,01_角色库_图片.zip,images/黎黎隆项目/03_角色/角色库/红桶头像四宫格候选_20260928/单人半身裁切/N17_P1_单人_CANDIDATE.png,黎黎隆项目/03_角色/角色库/红桶头像四宫格候选_20260928/单人半身裁切/N17_P1_单人_CANDIDATE.png,03_角色/角色库/红桶头像四宫格候选_20260928/单人半身裁切/N17_P1_单人_CANDIDATE.png,,03_角色/角色库/红桶头像四宫格候选_20260928/00_候选索引.md | 03_角色/角色库/红桶头像四宫格候选_20260928/00_红桶四宫格候选总览.md | 03_角色/角色库/00_角色总索引.md,最近目录索引/说明（非逐图直引）,,,,未找到图片直接节点,03_角色/角色库/角色总Canvas.canvas,png,470,836,695432,ff5cebdc58b268df7712e0bb96fd0104a94559c649d477aacf748b2516509ffa,PASS_PNG,,沿用原库审核状态；此包不把候选/STAGING提升为定稿
LLL-R-0199,角色库,角色库素材,角色库图片｜红桶头像四宫格候选_20260928｜N17 单人半身 CANDIDATE,文件名与目录层级；未逐张人工视觉描述,01_角色库_图片.zip,images/黎黎隆项目/03_角色/角色库/红桶头像四宫格候选_20260928/单人半身裁切/N17_单人半身_CANDIDATE.png,黎黎隆项目/03_角色/角色库/红桶头像四宫格候选_20260928/单人半身裁切/N17_单人半身_CANDIDATE.png,03_角色/角色库/红桶头像四宫格候选_20260928/单人半身裁切/N17_单人半身_CANDIDATE.png,,03_角色/角色库/红桶头像四宫格候选_20260928/00_候选索引.md | 03_角色/角色库/红桶头像四宫格候选_20260928/00_红桶四宫格候选总览.md | 03_角色/角色库/00_角色总索引.md,最近目录索引/说明（非逐图直引）,主角色Canvas: 03_角色/角色库/角色总Canvas.canvas#band_N17_hb（邻近文字：N17 裂风回声探子｜个人色 墨青）,,主角色Canvas: N17 裂风回声探子｜个人色 墨青,主Canvas有图片直链,03_角色/角色库/角色总Canvas.canvas,png,470,460,379635,d106d1ed3cff3bc6dd95a59f43fc3ba9b1535fafb4e9d920af3f4f278497b4ba,PASS_PNG,,沿用原库审核状态；此包不把候选/STAGING提升为定稿
LLL-R-0200,角色库,角色库素材,角色库图片｜红桶头像四宫格候选_20260928｜N26 P1 单人 CANDIDATE,文件名与目录层级；未逐张人工视觉描述,01_角色库_图片.zip,images/黎黎隆项目/03_角色/角色库/红桶头像四宫格候选_20260928/单人半身裁切/N26_P1_单人_CANDIDATE.png,黎黎隆项目/03_角色/角色库/红桶头像四宫格候选_20260928/单人半身裁切/N26_P1_单人_CANDIDATE.png,03_角色/角色库/红桶头像四宫格候选_20260928/单人半身裁切/N26_P1_单人_CANDIDATE.png,,03_角色/角色库/红桶头像四宫格候选_20260928/00_候选索引.md | 03_角色/角色库/红桶头像四宫格候选_20260928/00_红桶四宫格候选总览.md | 03_角色/角色库/00_角色总索引.md,最近目录索引/说明（非逐图直引）,,,,未找到图片直接节点,03_角色/角色库/角色总Canvas.canvas,png,470,836,640078,d0f8bbd443dcd1882e4960cf2aba51d4f7b2894a45f6ee814c0b1e4a76e75a12,PASS_PNG,,沿用原库审核状态；此包不把候选/STAGING提升为定稿
LLL-R-0201,角色库,角色库素材,角色库图片｜红桶头像四宫格候选_20260928｜N26 单人半身 CANDIDATE,文件名与目录层级；未逐张人工视觉描述,01_角色库_图片.zip,images/黎黎隆项目/03_角色/角色库/红桶头像四宫格候选_20260928/单人半身裁切/N26_单人半身_CANDIDATE.png,黎黎隆项目/03_角色/角色库/红桶头像四宫格候选_20260928/单人半身裁切/N26_单人半身_CANDIDATE.png,03_角色/角色库/红桶头像四宫格候选_20260928/单人半身裁切/N26_单人半身_CANDIDATE.png,,03_角色/角色库/红桶头像四宫格候选_20260928/00_候选索引.md | 03_角色/角色库/红桶头像四宫格候选_20260928/00_红桶四宫格候选总览.md | 03_角色/角色库/00_角色总索引.md,最近目录索引/说明（非逐图直引）,主角色Canvas: 03_角色/角色库/角色总Canvas.canvas#band_N26_hb（邻近文字：N26 褪地迁路人｜个人色 淡青灰）,,主角色Canvas: N26 褪地迁路人｜个人色 淡青灰,主Canvas有图片直链,03_角色/角色库/角色总Canvas.canvas,png,470,460,345641,1f792348285811a84750f16facf8a30e3d2abf58f2aad621b2c54ec039b0441e,PASS_PNG,,沿用原库审核状态；此包不把候选/STAGING提升为定稿
LLL-R-0202,角色库,角色库素材,角色库图片｜红桶头像四宫格候选_20260928｜N30 P1 单人 CANDIDATE,文件名与目录层级；未逐张人工视觉描述,01_角色库_图片.zip,images/黎黎隆项目/03_角色/角色库/红桶头像四宫格候选_20260928/单人半身裁切/N30_P1_单人_CANDIDATE.png,黎黎隆项目/03_角色/角色库/红桶头像四宫格候选_20260928/单人半身裁切/N30_P1_单人_CANDIDATE.png,03_角色/角色库/红桶头像四宫格候选_20260928/单人半身裁切/N30_P1_单人_CANDIDATE.png,,03_角色/角色库/红桶头像四宫格候选_20260928/00_候选索引.md | 03_角色/角色库/红桶头像四宫格候选_20260928/00_红桶四宫格候选总览.md | 03_角色/角色库/00_角色总索引.md,最近目录索引/说明（非逐图直引）,,,,未找到图片直接节点,03_角色/角色库/角色总Canvas.canvas,png,470,836,644517,cb66ac5981aba5676ce3a1b9b32b99415b478355df0338efc433396019d080e2,PASS_PNG,,沿用原库审核状态；此包不把候选/STAGING提升为定稿
LLL-R-0203,角色库,角色库素材,角色库图片｜红桶头像四宫格候选_20260928｜N30 单人半身 CANDIDATE,文件名与目录层级；未逐张人工视觉描述,01_角色库_图片.zip,images/黎黎隆项目/03_角色/角色库/红桶头像四宫格候选_20260928/单人半身裁切/N30_单人半身_CANDIDATE.png,黎黎隆项目/03_角色/角色库/红桶头像四宫格候选_20260928/单人半身裁切/N30_单人半身_CANDIDATE.png,03_角色/角色库/红桶头像四宫格候选_20260928/单人半身裁切/N30_单人半身_CANDIDATE.png,,03_角色/角色库/红桶头像四宫格候选_20260928/00_候选索引.md | 03_角色/角色库/红桶头像四宫格候选_20260928/00_红桶四宫格候选总览.md | 03_角色/角色库/00_角色总索引.md,最近目录索引/说明（非逐图直引）,主角色Canvas: 03_角色/角色库/角色总Canvas.canvas#band_N30_hb（邻近文字：N30 顺巢漂居者｜个人色 淡青灰）,,主角色Canvas: N30 顺巢漂居者｜个人色 淡青灰,主Canvas有图片直链,03_角色/角色库/角色总Canvas.canvas,png,470,460,350570,e3d58a99ea91c41238eafccedadfd9581292491bf405aaaddc4f795abae43027,PASS_PNG,,沿用原库审核状态；此包不把候选/STAGING提升为定稿
LLL-R-0204,角色库,角色库素材,角色库图片｜红桶头像四宫格候选_20260928｜S06 P1 单人 CANDIDATE,文件名与目录层级；未逐张人工视觉描述,01_角色库_图片.zip,images/黎黎隆项目/03_角色/角色库/红桶头像四宫格候选_20260928/单人半身裁切/S06_P1_单人_CANDIDATE.png,黎黎隆项目/03_角色/角色库/红桶头像四宫格候选_20260928/单人半身裁切/S06_P1_单人_CANDIDATE.png,03_角色/角色库/红桶头像四宫格候选_20260928/单人半身裁切/S06_P1_单人_CANDIDATE.png,,03_角色/角色库/红桶头像四宫格候选_20260928/00_候选索引.md | 03_角色/角色库/红桶头像四宫格候选_20260928/00_红桶四宫格候选总览.md | 03_角色/角色库/00_角色总索引.md,最近目录索引/说明（非逐图直引）,,,,未找到图片直接节点,03_角色/角色库/角色总Canvas.canvas,png,470,836,742594,1e56d3e4d32b58caf41b3bb802031af715b8af4f9ac3f5a3c38811f514f44741,PASS_PNG,,沿用原库审核状态；此包不把候选/STAGING提升为定稿
LLL-R-0205,角色库,角色库素材,角色库图片｜红桶头像四宫格候选_20260928｜S06 单人半身 CANDIDATE,文件名与目录层级；未逐张人工视觉描述,01_角色库_图片.zip,images/黎黎隆项目/03_角色/角色库/红桶头像四宫格候选_20260928/单人半身裁切/S06_单人半身_CANDIDATE.png,黎黎隆项目/03_角色/角色库/红桶头像四宫格候选_20260928/单人半身裁切/S06_单人半身_CANDIDATE.png,03_角色/角色库/红桶头像四宫格候选_20260928/单人半身裁切/S06_单人半身_CANDIDATE.png,,03_角色/角色库/红桶头像四宫格候选_20260928/00_候选索引.md | 03_角色/角色库/红桶头像四宫格候选_20260928/00_红桶四宫格候选总览.md | 03_角色/角色库/00_角色总索引.md,最近目录索引/说明（非逐图直引）,主角色Canvas: 03_角色/角色库/角色总Canvas.canvas#band_S06_hb（邻近文字：S06 红发垂饰者｜个人色 暗红）,,主角色Canvas: S06 红发垂饰者｜个人色 暗红,主Canvas有图片直链,03_角色/角色库/角色总Canvas.canvas,png,470,460,408408,d4add86fbd948e5c30bbdeea1d8bbbd5e5dd9ddc3d61f47c408d5058be140028,PASS_PNG,,沿用原库审核状态；此包不把候选/STAGING提升为定稿
LLL-R-0206,角色库,角色库素材,角色库图片｜红桶头像四宫格候选_20260928｜S09 P1 单人 CANDIDATE,文件名与目录层级；未逐张人工视觉描述,01_角色库_图片.zip,images/黎黎隆项目/03_角色/角色库/红桶头像四宫格候选_20260928/单人半身裁切/S09_P1_单人_CANDIDATE.png,黎黎隆项目/03_角色/角色库/红桶头像四宫格候选_20260928/单人半身裁切/S09_P1_单人_CANDIDATE.png,03_角色/角色库/红桶头像四宫格候选_20260928/单人半身裁切/S09_P1_单人_CANDIDATE.png,,03_角色/角色库/红桶头像四宫格候选_20260928/00_候选索引.md | 03_角色/角色库/红桶头像四宫格候选_20260928/00_红桶四宫格候选总览.md | 03_角色/角色库/00_角色总索引.md,最近目录索引/说明（非逐图直引）,,,,未找到图片直接节点,03_角色/角色库/角色总Canvas.canvas,png,470,836,686912,324471c66235a69c53a383d9bf611eeb75a7ca9514c21d6d6a5ae377732ba1b2,PASS_PNG,,沿用原库审核状态；此包不把候选/STAGING提升为定稿
LLL-R-0207,角色库,角色库素材,角色库图片｜红桶头像四宫格候选_20260928｜S09 单人半身 CANDIDATE,文件名与目录层级；未逐张人工视觉描述,01_角色库_图片.zip,images/黎黎隆项目/03_角色/角色库/红桶头像四宫格候选_20260928/单人半身裁切/S09_单人半身_CANDIDATE.png,黎黎隆项目/03_角色/角色库/红桶头像四宫格候选_20260928/单人半身裁切/S09_单人半身_CANDIDATE.png,03_角色/角色库/红桶头像四宫格候选_20260928/单人半身裁切/S09_单人半身_CANDIDATE.png,,03_角色/角色库/红桶头像四宫格候选_20260928/00_候选索引.md | 03_角色/角色库/红桶头像四宫格候选_20260928/00_红桶四宫格候选总览.md | 03_角色/角色库/00_角色总索引.md,最近目录索引/说明（非逐图直引）,主角色Canvas: 03_角色/角色库/角色总Canvas.canvas#band_S09_hb（邻近文字：S09 赤罩主角｜个人色 暗红）,,主角色Canvas: S09 赤罩主角｜个人色 暗红,主Canvas有图片直链,03_角色/角色库/角色总Canvas.canvas,png,470,460,372359,9c2a85dc554d2f4eb1687136400a62a2393ef542ddab02ba6f67148738204ab3,PASS_PNG,,沿用原库审核状态；此包不把候选/STAGING提升为定稿
LLL-R-0208,角色库,角色库素材,角色库图片｜红桶头像四宫格候选_20260928｜S11 P1 单人 CANDIDATE,文件名与目录层级；未逐张人工视觉描述,01_角色库_图片.zip,images/黎黎隆项目/03_角色/角色库/红桶头像四宫格候选_20260928/单人半身裁切/S11_P1_单人_CANDIDATE.png,黎黎隆项目/03_角色/角色库/红桶头像四宫格候选_20260928/单人半身裁切/S11_P1_单人_CANDIDATE.png,03_角色/角色库/红桶头像四宫格候选_20260928/单人半身裁切/S11_P1_单人_CANDIDATE.png,,03_角色/角色库/红桶头像四宫格候选_20260928/00_候选索引.md | 03_角色/角色库/红桶头像四宫格候选_20260928/00_红桶四宫格候选总览.md | 03_角色/角色库/00_角色总索引.md,最近目录索引/说明（非逐图直引）,,,,未找到图片直接节点,03_角色/角色库/角色总Canvas.canvas,png,470,836,628088,5673b05341401ef3027131080f77f7b9219d791322266f4758df620f5d4d90bb,PASS_PNG,,沿用原库审核状态；此包不把候选/STAGING提升为定稿
LLL-R-0209,角色库,角色库素材,角色库图片｜红桶头像四宫格候选_20260928｜S11 单人半身 CANDIDATE,文件名与目录层级；未逐张人工视觉描述,01_角色库_图片.zip,images/黎黎隆项目/03_角色/角色库/红桶头像四宫格候选_20260928/单人半身裁切/S11_单人半身_CANDIDATE.png,黎黎隆项目/03_角色/角色库/红桶头像四宫格候选_20260928/单人半身裁切/S11_单人半身_CANDIDATE.png,03_角色/角色库/红桶头像四宫格候选_20260928/单人半身裁切/S11_单人半身_CANDIDATE.png,,03_角色/角色库/红桶头像四宫格候选_20260928/00_候选索引.md | 03_角色/角色库/红桶头像四宫格候选_20260928/00_红桶四宫格候选总览.md | 03_角色/角色库/00_角色总索引.md,最近目录索引/说明（非逐图直引）,主角色Canvas: 03_角色/角色库/角色总Canvas.canvas#band_S11_hb（邻近文字：S11 青角红发者｜个人色 青绿）,,主角色Canvas: S11 青角红发者｜个人色 青绿,主Canvas有图片直链,03_角色/角色库/角色总Canvas.canvas,png,470,460,350712,bcc4e463ff18662fb2a2c643149777b1a9046efcec8490faefba15f6f354d04f,PASS_PNG,,沿用原库审核状态；此包不把候选/STAGING提升为定稿
LLL-R-0210,角色库,角色库素材,角色库图片｜红桶头像四宫格候选_20260928｜S12 P1 单人 CANDIDATE,文件名与目录层级；未逐张人工视觉描述,01_角色库_图片.zip,images/黎黎隆项目/03_角色/角色库/红桶头像四宫格候选_20260928/单人半身裁切/S12_P1_单人_CANDIDATE.png,黎黎隆项目/03_角色/角色库/红桶头像四宫格候选_20260928/单人半身裁切/S12_P1_单人_CANDIDATE.png,03_角色/角色库/红桶头像四宫格候选_20260928/单人半身裁切/S12_P1_单人_CANDIDATE.png,,03_角色/角色库/红桶头像四宫格候选_20260928/00_候选索引.md | 03_角色/角色库/红桶头像四宫格候选_20260928/00_红桶四宫格候选总览.md | 03_角色/角色库/00_角色总索引.md,最近目录索引/说明（非逐图直引）,,,,未找到图片直接节点,03_角色/角色库/角色总Canvas.canvas,png,470,836,655972,8ceeff8b3e4298867ca603c241b2e407cc032797b63e66e93ea69e831897a5c9,PASS_PNG,,沿用原库审核状态；此包不把候选/STAGING提升为定稿
LLL-R-0211,角色库,角色库素材,角色库图片｜红桶头像四宫格候选_20260928｜S12 单人半身 CANDIDATE,文件名与目录层级；未逐张人工视觉描述,01_角色库_图片.zip,images/黎黎隆项目/03_角色/角色库/红桶头像四宫格候选_20260928/单人半身裁切/S12_单人半身_CANDIDATE.png,黎黎隆项目/03_角色/角色库/红桶头像四宫格候选_20260928/单人半身裁切/S12_单人半身_CANDIDATE.png,03_角色/角色库/红桶头像四宫格候选_20260928/单人半身裁切/S12_单人半身_CANDIDATE.png,,03_角色/角色库/红桶头像四宫格候选_20260928/00_候选索引.md | 03_角色/角色库/红桶头像四宫格候选_20260928/00_红桶四宫格候选总览.md | 03_角色/角色库/00_角色总索引.md,最近目录索引/说明（非逐图直引）,主角色Canvas: 03_角色/角色库/角色总Canvas.canvas#band_S12_hb（邻近文字：S12 红罩关键人物｜个人色 墨青）,,主角色Canvas: S12 红罩关键人物｜个人色 墨青,主Canvas有图片直链,03_角色/角色库/角色总Canvas.canvas,png,470,460,360103,6337173da6a2272923b1fec8f2516fc834b89d2d0896b1d621d4b58b0d57aace,PASS_PNG,,沿用原库审核状态；此包不把候选/STAGING提升为定稿
LLL-R-0212,角色库,角色库素材,角色库图片｜青桶头像四宫格候选_20260928｜H04 四宫格候选,文件名与目录层级；未逐张人工视觉描述,01_角色库_图片.zip,images/黎黎隆项目/03_角色/角色库/青桶头像四宫格候选_20260928/H04_四宫格候选.png,黎黎隆项目/03_角色/角色库/青桶头像四宫格候选_20260928/H04_四宫格候选.png,03_角色/角色库/青桶头像四宫格候选_20260928/H04_四宫格候选.png,,03_角色/角色库/00_角色总索引.md,最近目录索引/说明（非逐图直引）,,,,未找到图片直接节点,03_角色/角色库/角色总Canvas.canvas,png,941,1672,2873836,c8db71cb1526abcdcc104558b3daddd28d9e6b0623c72e7bdf8b0080f61a1e71,PASS_PNG,,沿用原库审核状态；此包不把候选/STAGING提升为定稿
LLL-R-0213,角色库,角色库素材,角色库图片｜青桶头像四宫格候选_20260928｜H06 四宫格候选,文件名与目录层级；未逐张人工视觉描述,01_角色库_图片.zip,images/黎黎隆项目/03_角色/角色库/青桶头像四宫格候选_20260928/H06_四宫格候选.png,黎黎隆项目/03_角色/角色库/青桶头像四宫格候选_20260928/H06_四宫格候选.png,03_角色/角色库/青桶头像四宫格候选_20260928/H06_四宫格候选.png,,03_角色/角色库/00_角色总索引.md,最近目录索引/说明（非逐图直引）,,,,未找到图片直接节点,03_角色/角色库/角色总Canvas.canvas,png,941,1672,2756797,e2b251054c727ca0e87f3b38b3ba1957c5e6edf83ac89e0fbb6c6c2f4948f494,PASS_PNG,,沿用原库审核状态；此包不把候选/STAGING提升为定稿
LLL-R-0214,角色库,角色库素材,角色库图片｜青桶头像四宫格候选_20260929｜H02 四宫格候选 首稿,文件名与目录层级；未逐张人工视觉描述,01_角色库_图片.zip,images/黎黎隆项目/03_角色/角色库/青桶头像四宫格候选_20260929/99_比例景别校正版前稿/H02_四宫格候选_首稿.png,黎黎隆项目/03_角色/角色库/青桶头像四宫格候选_20260929/99_比例景别校正版前稿/H02_四宫格候选_首稿.png,03_角色/角色库/青桶头像四宫格候选_20260929/99_比例景别校正版前稿/H02_四宫格候选_首稿.png,,03_角色/角色库/青桶头像四宫格候选_20260929/00_候选索引.md | 03_角色/角色库/青桶头像四宫格候选_20260929/青桶四宫格执行报告_20260929.md | 03_角色/角色库/00_角色总索引.md,最近目录索引/说明（非逐图直引）,,,,未找到图片直接节点,03_角色/角色库/角色总Canvas.canvas,png,941,1672,2779229,44a105d6bf7fe2f2f9f0dbb79d692c143dbaf5897be4417a8c845b3e0fc5c313,PASS_PNG,,沿用原库审核状态；此包不把候选/STAGING提升为定稿
LLL-R-0215,角色库,角色库素材,角色库图片｜青桶头像四宫格候选_20260929｜H03 四宫格候选 首稿,文件名与目录层级；未逐张人工视觉描述,01_角色库_图片.zip,images/黎黎隆项目/03_角色/角色库/青桶头像四宫格候选_20260929/99_比例景别校正版前稿/H03_四宫格候选_首稿.png,黎黎隆项目/03_角色/角色库/青桶头像四宫格候选_20260929/99_比例景别校正版前稿/H03_四宫格候选_首稿.png,03_角色/角色库/青桶头像四宫格候选_20260929/99_比例景别校正版前稿/H03_四宫格候选_首稿.png,,03_角色/角色库/青桶头像四宫格候选_20260929/00_候选索引.md | 03_角色/角色库/青桶头像四宫格候选_20260929/青桶四宫格执行报告_20260929.md | 03_角色/角色库/00_角色总索引.md,最近目录索引/说明（非逐图直引）,,,,未找到图片直接节点,03_角色/角色库/角色总Canvas.canvas,png,941,1672,2896738,5d96f150a4d0bb8893170ff036adcc9fc080452db7fe3f60738c62aeee29e91a,PASS_PNG,,沿用原库审核状态；此包不把候选/STAGING提升为定稿
LLL-R-0216,角色库,角色库素材,角色库图片｜青桶头像四宫格候选_20260929｜H07 四宫格候选 首稿,文件名与目录层级；未逐张人工视觉描述,01_角色库_图片.zip,images/黎黎隆项目/03_角色/角色库/青桶头像四宫格候选_20260929/99_比例景别校正版前稿/H07_四宫格候选_首稿.png,黎黎隆项目/03_角色/角色库/青桶头像四宫格候选_20260929/99_比例景别校正版前稿/H07_四宫格候选_首稿.png,03_角色/角色库/青桶头像四宫格候选_20260929/99_比例景别校正版前稿/H07_四宫格候选_首稿.png,,03_角色/角色库/青桶头像四宫格候选_20260929/00_候选索引.md | 03_角色/角色库/青桶头像四宫格候选_20260929/青桶四宫格执行报告_20260929.md | 03_角色/角色库/00_角色总索引.md,最近目录索引/说明（非逐图直引）,,,,未找到图片直接节点,03_角色/角色库/角色总Canvas.canvas,png,941,1672,2775218,b78dd594a3250c59b4086b1f746f4b49539eb540ee215d8a18cb261eca138741,PASS_PNG,,沿用原库审核状态；此包不把候选/STAGING提升为定稿
LLL-R-0217,角色库,角色库素材,角色库图片｜青桶头像四宫格候选_20260929｜H13 四宫格候选 首稿,文件名与目录层级；未逐张人工视觉描述,01_角色库_图片.zip,images/黎黎隆项目/03_角色/角色库/青桶头像四宫格候选_20260929/99_比例景别校正版前稿/H13_四宫格候选_首稿.png,黎黎隆项目/03_角色/角色库/青桶头像四宫格候选_20260929/99_比例景别校正版前稿/H13_四宫格候选_首稿.png,03_角色/角色库/青桶头像四宫格候选_20260929/99_比例景别校正版前稿/H13_四宫格候选_首稿.png,,03_角色/角色库/青桶头像四宫格候选_20260929/00_候选索引.md | 03_角色/角色库/青桶头像四宫格候选_20260929/青桶四宫格执行报告_20260929.md | 03_角色/角色库/00_角色总索引.md,最近目录索引/说明（非逐图直引）,,,,未找到图片直接节点,03_角色/角色库/角色总Canvas.canvas,png,940,1672,2818040,138405a1447cf5a828084319d0d0a3b5535d28fd138c2fcb53444da71d0034ba,PASS_PNG,,沿用原库审核状态；此包不把候选/STAGING提升为定稿
LLL-R-0218,角色库,角色库素材,角色库图片｜青桶头像四宫格候选_20260929｜N03 四宫格候选 首稿,文件名与目录层级；未逐张人工视觉描述,01_角色库_图片.zip,images/黎黎隆项目/03_角色/角色库/青桶头像四宫格候选_20260929/99_比例景别校正版前稿/N03_四宫格候选_首稿.png,黎黎隆项目/03_角色/角色库/青桶头像四宫格候选_20260929/99_比例景别校正版前稿/N03_四宫格候选_首稿.png,03_角色/角色库/青桶头像四宫格候选_20260929/99_比例景别校正版前稿/N03_四宫格候选_首稿.png,,03_角色/角色库/青桶头像四宫格候选_20260929/00_候选索引.md | 03_角色/角色库/青桶头像四宫格候选_20260929/青桶四宫格执行报告_20260929.md | 03_角色/角色库/00_角色总索引.md,最近目录索引/说明（非逐图直引）,,,,未找到图片直接节点,03_角色/角色库/角色总Canvas.canvas,png,941,1672,2817558,3ced500bdb736de510d2e96838a484c9210b9694adf4f4f2678862c7ed62adb7,PASS_PNG,,沿用原库审核状态；此包不把候选/STAGING提升为定稿
LLL-R-0219,角色库,角色库素材,角色库图片｜青桶头像四宫格候选_20260929｜N04 四宫格候选 首稿,文件名与目录层级；未逐张人工视觉描述,01_角色库_图片.zip,images/黎黎隆项目/03_角色/角色库/青桶头像四宫格候选_20260929/99_比例景别校正版前稿/N04_四宫格候选_首稿.png,黎黎隆项目/03_角色/角色库/青桶头像四宫格候选_20260929/99_比例景别校正版前稿/N04_四宫格候选_首稿.png,03_角色/角色库/青桶头像四宫格候选_20260929/99_比例景别校正版前稿/N04_四宫格候选_首稿.png,,03_角色/角色库/青桶头像四宫格候选_20260929/00_候选索引.md | 03_角色/角色库/青桶头像四宫格候选_20260929/青桶四宫格执行报告_20260929.md | 03_角色/角色库/00_角色总索引.md,最近目录索引/说明（非逐图直引）,,,,未找到图片直接节点,03_角色/角色库/角色总Canvas.canvas,png,940,1672,3010227,430b76dfd49349080b5ca60c773bf39217a33333450bb29114c32669b6853ffa,PASS_PNG,,沿用原库审核状态；此包不把候选/STAGING提升为定稿
LLL-R-0220,角色库,角色库素材,角色库图片｜青桶头像四宫格候选_20260929｜N05 四宫格候选 首稿,文件名与目录层级；未逐张人工视觉描述,01_角色库_图片.zip,images/黎黎隆项目/03_角色/角色库/青桶头像四宫格候选_20260929/99_比例景别校正版前稿/N05_四宫格候选_首稿.png,黎黎隆项目/03_角色/角色库/青桶头像四宫格候选_20260929/99_比例景别校正版前稿/N05_四宫格候选_首稿.png,03_角色/角色库/青桶头像四宫格候选_20260929/99_比例景别校正版前稿/N05_四宫格候选_首稿.png,,03_角色/角色库/青桶头像四宫格候选_20260929/00_候选索引.md | 03_角色/角色库/青桶头像四宫格候选_20260929/青桶四宫格执行报告_20260929.md | 03_角色/角色库/00_角色总索引.md,最近目录索引/说明（非逐图直引）,,,,未找到图片直接节点,03_角色/角色库/角色总Canvas.canvas,png,941,1672,3035827,61807279c646a607ba08d9782eab6da5023506b9bc20c721cfa45505c3262205,PASS_PNG,,沿用原库审核状态；此包不把候选/STAGING提升为定稿
LLL-R-0221,角色库,角色库素材,角色库图片｜青桶头像四宫格候选_20260929｜N24 四宫格候选 首稿,文件名与目录层级；未逐张人工视觉描述,01_角色库_图片.zip,images/黎黎隆项目/03_角色/角色库/青桶头像四宫格候选_20260929/99_比例景别校正版前稿/N24_四宫格候选_首稿.png,黎黎隆项目/03_角色/角色库/青桶头像四宫格候选_20260929/99_比例景别校正版前稿/N24_四宫格候选_首稿.png,03_角色/角色库/青桶头像四宫格候选_20260929/99_比例景别校正版前稿/N24_四宫格候选_首稿.png,,03_角色/角色库/青桶头像四宫格候选_20260929/00_候选索引.md | 03_角色/角色库/青桶头像四宫格候选_20260929/青桶四宫格执行报告_20260929.md | 03_角色/角色库/00_角色总索引.md,最近目录索引/说明（非逐图直引）,,,,未找到图片直接节点,03_角色/角色库/角色总Canvas.canvas,png,940,1672,2915965,f4138573a82a6a25748294625c400b19737b2783e28d8abfdf00c6151f626895,PASS_PNG,,沿用原库审核状态；此包不把候选/STAGING提升为定稿
LLL-R-0222,角色库,角色库素材,角色库图片｜青桶头像四宫格候选_20260929｜N29 四宫格候选 首稿,文件名与目录层级；未逐张人工视觉描述,01_角色库_图片.zip,images/黎黎隆项目/03_角色/角色库/青桶头像四宫格候选_20260929/99_比例景别校正版前稿/N29_四宫格候选_首稿.png,黎黎隆项目/03_角色/角色库/青桶头像四宫格候选_20260929/99_比例景别校正版前稿/N29_四宫格候选_首稿.png,03_角色/角色库/青桶头像四宫格候选_20260929/99_比例景别校正版前稿/N29_四宫格候选_首稿.png,,03_角色/角色库/青桶头像四宫格候选_20260929/00_候选索引.md | 03_角色/角色库/青桶头像四宫格候选_20260929/青桶四宫格执行报告_20260929.md | 03_角色/角色库/00_角色总索引.md,最近目录索引/说明（非逐图直引）,,,,未找到图片直接节点,03_角色/角色库/角色总Canvas.canvas,png,941,1672,3055643,867671c60a32041862c31668b1a7752711b17099bb6b2b826a447954472d2169,PASS_PNG,,沿用原库审核状态；此包不把候选/STAGING提升为定稿
LLL-R-0223,角色库,角色库素材,角色库图片｜青桶头像四宫格候选_20260929｜H04 四宫格候选,文件名与目录层级；未逐张人工视觉描述,01_角色库_图片.zip,images/黎黎隆项目/03_角色/角色库/青桶头像四宫格候选_20260929/H04_四宫格候选.png,黎黎隆项目/03_角色/角色库/青桶头像四宫格候选_20260929/H04_四宫格候选.png,03_角色/角色库/青桶头像四宫格候选_20260929/H04_四宫格候选.png,03_角色/角色库/青桶头像四宫格候选_20260929/00_候选索引.md,03_角色/角色库/青桶头像四宫格候选_20260929/00_候选索引.md,Markdown直接引用,主角色Canvas: 03_角色/角色库/角色总Canvas.canvas#f0926a041234a003（邻近文字：H04｜旧门看守人｜CANDIDATE）,,主角色Canvas: H04｜旧门看守人｜CANDIDATE,主Canvas有图片直链,03_角色/角色库/角色总Canvas.canvas,png,941,1672,2741595,13b1b40120fa0ef6f02a88a0f3501ba4de1dca6e615887efcaa55bb4fc890267,PASS_PNG,,沿用原库审核状态；此包不把候选/STAGING提升为定稿
LLL-R-0224,角色库,角色库素材,角色库图片｜青桶头像四宫格候选_20260929｜H06 四宫格候选,文件名与目录层级；未逐张人工视觉描述,01_角色库_图片.zip,images/黎黎隆项目/03_角色/角色库/青桶头像四宫格候选_20260929/H06_四宫格候选.png,黎黎隆项目/03_角色/角色库/青桶头像四宫格候选_20260929/H06_四宫格候选.png,03_角色/角色库/青桶头像四宫格候选_20260929/H06_四宫格候选.png,03_角色/角色库/青桶头像四宫格候选_20260929/00_候选索引.md,03_角色/角色库/青桶头像四宫格候选_20260929/00_候选索引.md,Markdown直接引用,主角色Canvas: 03_角色/角色库/角色总Canvas.canvas#f0926a041234a005（邻近文字：H06｜钢铁教派主教｜CANDIDATE）,,主角色Canvas: H06｜钢铁教派主教｜CANDIDATE,主Canvas有图片直链,03_角色/角色库/角色总Canvas.canvas,png,941,1672,2704746,941daa3f513998db578ab7ffdcab6525f56f83a9de9fed610892ee0578d0c729,PASS_PNG,,沿用原库审核状态；此包不把候选/STAGING提升为定稿
LLL-R-0225,角色库,角色库素材,角色库图片｜青桶头像四宫格候选_20260929｜H09 四宫格候选,文件名与目录层级；未逐张人工视觉描述,01_角色库_图片.zip,images/黎黎隆项目/03_角色/角色库/青桶头像四宫格候选_20260929/H09_四宫格候选.png,黎黎隆项目/03_角色/角色库/青桶头像四宫格候选_20260929/H09_四宫格候选.png,03_角色/角色库/青桶头像四宫格候选_20260929/H09_四宫格候选.png,03_角色/角色库/青桶头像四宫格候选_20260929/00_候选索引.md,03_角色/角色库/青桶头像四宫格候选_20260929/00_候选索引.md,Markdown直接引用,主角色Canvas: 03_角色/角色库/角色总Canvas.canvas#f0926a041234a007（邻近文字：H09｜返身位登记员｜CANDIDATE）,,主角色Canvas: H09｜返身位登记员｜CANDIDATE,主Canvas有图片直链,03_角色/角色库/角色总Canvas.canvas,png,941,1672,2712432,f570e50cf083a7e664abf569df762a8b3e1e88589d2f164dbefe2e3c81ce33ee,PASS_PNG,,沿用原库审核状态；此包不把候选/STAGING提升为定稿
LLL-R-0226,角色库,角色库素材,角色库图片｜青桶头像四宫格候选_20260929｜H11 四宫格候选,文件名与目录层级；未逐张人工视觉描述,01_角色库_图片.zip,images/黎黎隆项目/03_角色/角色库/青桶头像四宫格候选_20260929/H11_四宫格候选.png,黎黎隆项目/03_角色/角色库/青桶头像四宫格候选_20260929/H11_四宫格候选.png,03_角色/角色库/青桶头像四宫格候选_20260929/H11_四宫格候选.png,,03_角色/角色库/青桶头像四宫格候选_20260929/00_候选索引.md | 03_角色/角色库/青桶头像四宫格候选_20260929/青桶四宫格执行报告_20260929.md | 03_角色/角色库/00_角色总索引.md,最近目录索引/说明（非逐图直引）,,,,未找到图片直接节点,03_角色/角色库/角色总Canvas.canvas,png,941,1672,3050637,19cbc99b601a10385f76a82e186a35f7b9196612eed9dac65a3c8e9fa1f685c0,PASS_PNG,,沿用原库审核状态；此包不把候选/STAGING提升为定稿
LLL-R-0227,角色库,角色库素材,角色库图片｜青桶头像四宫格候选_20260929｜H15 四宫格候选,文件名与目录层级；未逐张人工视觉描述,01_角色库_图片.zip,images/黎黎隆项目/03_角色/角色库/青桶头像四宫格候选_20260929/H15_四宫格候选.png,黎黎隆项目/03_角色/角色库/青桶头像四宫格候选_20260929/H15_四宫格候选.png,03_角色/角色库/青桶头像四宫格候选_20260929/H15_四宫格候选.png,,03_角色/角色库/青桶头像四宫格候选_20260929/00_候选索引.md | 03_角色/角色库/青桶头像四宫格候选_20260929/青桶四宫格执行报告_20260929.md | 03_角色/角色库/00_角色总索引.md,最近目录索引/说明（非逐图直引）,,,,未找到图片直接节点,03_角色/角色库/角色总Canvas.canvas,png,941,1672,3044774,f14854998e5094724a49adb60f05146afb0118f7b6fd7b60de82c7a85868d61a,PASS_PNG,,沿用原库审核状态；此包不把候选/STAGING提升为定稿
LLL-R-0228,角色库,角色库素材,角色库图片｜青桶头像四宫格候选_20260929｜N02 四宫格候选,文件名与目录层级；未逐张人工视觉描述,01_角色库_图片.zip,images/黎黎隆项目/03_角色/角色库/青桶头像四宫格候选_20260929/N02_四宫格候选.png,黎黎隆项目/03_角色/角色库/青桶头像四宫格候选_20260929/N02_四宫格候选.png,03_角色/角色库/青桶头像四宫格候选_20260929/N02_四宫格候选.png,,03_角色/角色库/青桶头像四宫格候选_20260929/00_候选索引.md | 03_角色/角色库/青桶头像四宫格候选_20260929/青桶四宫格执行报告_20260929.md | 03_角色/角色库/00_角色总索引.md,最近目录索引/说明（非逐图直引）,,,,未找到图片直接节点,03_角色/角色库/角色总Canvas.canvas,png,941,1672,2881088,155e085b54a092f8836c9ac623fd6c95a5a53c16363ee4f9f98dddefe102a48b,PASS_PNG,,沿用原库审核状态；此包不把候选/STAGING提升为定稿
LLL-R-0229,角色库,角色库素材,角色库图片｜青桶头像四宫格候选_20260929｜N07 四宫格候选,文件名与目录层级；未逐张人工视觉描述,01_角色库_图片.zip,images/黎黎隆项目/03_角色/角色库/青桶头像四宫格候选_20260929/N07_四宫格候选.png,黎黎隆项目/03_角色/角色库/青桶头像四宫格候选_20260929/N07_四宫格候选.png,03_角色/角色库/青桶头像四宫格候选_20260929/N07_四宫格候选.png,,03_角色/角色库/青桶头像四宫格候选_20260929/00_候选索引.md | 03_角色/角色库/青桶头像四宫格候选_20260929/青桶四宫格执行报告_20260929.md | 03_角色/角色库/00_角色总索引.md,最近目录索引/说明（非逐图直引）,,,,未找到图片直接节点,03_角色/角色库/角色总Canvas.canvas,png,941,1672,2767091,6230980410c814cb09b7ac530c8de0ea4935ccd658ba06e5148266ba4cd90d2a,PASS_PNG,,沿用原库审核状态；此包不把候选/STAGING提升为定稿
LLL-R-0230,角色库,角色库素材,角色库图片｜青桶头像四宫格候选_20260929｜N09 四宫格候选,文件名与目录层级；未逐张人工视觉描述,01_角色库_图片.zip,images/黎黎隆项目/03_角色/角色库/青桶头像四宫格候选_20260929/N09_四宫格候选.png,黎黎隆项目/03_角色/角色库/青桶头像四宫格候选_20260929/N09_四宫格候选.png,03_角色/角色库/青桶头像四宫格候选_20260929/N09_四宫格候选.png,,03_角色/角色库/青桶头像四宫格候选_20260929/00_候选索引.md | 03_角色/角色库/青桶头像四宫格候选_20260929/青桶四宫格执行报告_20260929.md | 03_角色/角色库/00_角色总索引.md,最近目录索引/说明（非逐图直引）,,,,未找到图片直接节点,03_角色/角色库/角色总Canvas.canvas,png,941,1672,2825109,9f664e92d0213e07ab6e587f6cf44c919cfe673d6de58b15b2232c38bb817aa0,PASS_PNG,,沿用原库审核状态；此包不把候选/STAGING提升为定稿
LLL-R-0231,角色库,角色库素材,角色库图片｜青桶头像四宫格候选_20260929｜N10 四宫格候选,文件名与目录层级；未逐张人工视觉描述,01_角色库_图片.zip,images/黎黎隆项目/03_角色/角色库/青桶头像四宫格候选_20260929/N10_四宫格候选.png,黎黎隆项目/03_角色/角色库/青桶头像四宫格候选_20260929/N10_四宫格候选.png,03_角色/角色库/青桶头像四宫格候选_20260929/N10_四宫格候选.png,,03_角色/角色库/青桶头像四宫格候选_20260929/00_候选索引.md | 03_角色/角色库/青桶头像四宫格候选_20260929/青桶四宫格执行报告_20260929.md | 03_角色/角色库/00_角色总索引.md,最近目录索引/说明（非逐图直引）,,,,未找到图片直接节点,03_角色/角色库/角色总Canvas.canvas,png,941,1672,2710547,9abd50935730ae1b59aaaf9b1037795a9daa4ee46a3b99420681722ef0ac4a90,PASS_PNG,,沿用原库审核状态；此包不把候选/STAGING提升为定稿
LLL-R-0232,角色库,角色库素材,角色库图片｜青桶头像四宫格候选_20260929｜N11 四宫格候选,文件名与目录层级；未逐张人工视觉描述,01_角色库_图片.zip,images/黎黎隆项目/03_角色/角色库/青桶头像四宫格候选_20260929/N11_四宫格候选.png,黎黎隆项目/03_角色/角色库/青桶头像四宫格候选_20260929/N11_四宫格候选.png,03_角色/角色库/青桶头像四宫格候选_20260929/N11_四宫格候选.png,,03_角色/角色库/青桶头像四宫格候选_20260929/00_候选索引.md | 03_角色/角色库/青桶头像四宫格候选_20260929/青桶四宫格执行报告_20260929.md | 03_角色/角色库/00_角色总索引.md,最近目录索引/说明（非逐图直引）,,,,未找到图片直接节点,03_角色/角色库/角色总Canvas.canvas,png,941,1672,2953383,eab0149f51f90abd2d0eca9a618ef26bb8fa3b0c4cb55c8aea7039f4d1cfbcac,PASS_PNG,,沿用原库审核状态；此包不把候选/STAGING提升为定稿
LLL-R-0233,角色库,角色库素材,角色库图片｜青桶头像四宫格候选_20260929｜N13 四宫格候选,文件名与目录层级；未逐张人工视觉描述,01_角色库_图片.zip,images/黎黎隆项目/03_角色/角色库/青桶头像四宫格候选_20260929/N13_四宫格候选.png,黎黎隆项目/03_角色/角色库/青桶头像四宫格候选_20260929/N13_四宫格候选.png,03_角色/角色库/青桶头像四宫格候选_20260929/N13_四宫格候选.png,,03_角色/角色库/青桶头像四宫格候选_20260929/00_候选索引.md | 03_角色/角色库/青桶头像四宫格候选_20260929/青桶四宫格执行报告_20260929.md | 03_角色/角色库/00_角色总索引.md,最近目录索引/说明（非逐图直引）,,,,未找到图片直接节点,03_角色/角色库/角色总Canvas.canvas,png,940,1672,2807088,82de9cbab8e72f6cf81a8abc82435740af6989d66970a6381c8535103af40d1f,PASS_PNG,,沿用原库审核状态；此包不把候选/STAGING提升为定稿
LLL-R-0234,角色库,角色库素材,角色库图片｜青桶头像四宫格候选_20260929｜N16 四宫格候选,文件名与目录层级；未逐张人工视觉描述,01_角色库_图片.zip,images/黎黎隆项目/03_角色/角色库/青桶头像四宫格候选_20260929/N16_四宫格候选.png,黎黎隆项目/03_角色/角色库/青桶头像四宫格候选_20260929/N16_四宫格候选.png,03_角色/角色库/青桶头像四宫格候选_20260929/N16_四宫格候选.png,,03_角色/角色库/青桶头像四宫格候选_20260929/00_候选索引.md | 03_角色/角色库/青桶头像四宫格候选_20260929/青桶四宫格执行报告_20260929.md | 03_角色/角色库/00_角色总索引.md,最近目录索引/说明（非逐图直引）,,,,未找到图片直接节点,03_角色/角色库/角色总Canvas.canvas,png,941,1672,3004852,e371e6e8d146dabe069d603b8d9d32ff8b70c17e78e5c65ab0da6ec0ff16be15,PASS_PNG,,沿用原库审核状态；此包不把候选/STAGING提升为定稿
LLL-R-0235,角色库,角色库素材,角色库图片｜青桶头像四宫格候选_20260929｜N21 四宫格候选,文件名与目录层级；未逐张人工视觉描述,01_角色库_图片.zip,images/黎黎隆项目/03_角色/角色库/青桶头像四宫格候选_20260929/N21_四宫格候选.png,黎黎隆项目/03_角色/角色库/青桶头像四宫格候选_20260929/N21_四宫格候选.png,03_角色/角色库/青桶头像四宫格候选_20260929/N21_四宫格候选.png,,03_角色/角色库/青桶头像四宫格候选_20260929/00_候选索引.md | 03_角色/角色库/青桶头像四宫格候选_20260929/青桶四宫格执行报告_20260929.md | 03_角色/角色库/00_角色总索引.md,最近目录索引/说明（非逐图直引）,,,,未找到图片直接节点,03_角色/角色库/角色总Canvas.canvas,png,940,1672,3033127,8de430c0af887eb9bae79b041384e1bd19717c277ad13f6f8f8b5ecf7a116617,PASS_PNG,,沿用原库审核状态；此包不把候选/STAGING提升为定稿
LLL-S-0001,场景库,项目场景资产,场景库图片｜01_五色视觉系统｜R1-01 森林湖泊 单色,文件名与目录层级；未逐张人工视觉描述,02_场景视觉与参考_图片.zip,images/黎黎隆项目/04_场景/01_五色视觉系统/R1_场景配色/assets/R1-01_森林湖泊_单色.png,黎黎隆项目/04_场景/01_五色视觉系统/R1_场景配色/assets/R1-01_森林湖泊_单色.png,04_场景/01_五色视觉系统/R1_场景配色/assets/R1-01_森林湖泊_单色.png,04_场景/01_五色视觉系统/GitHub网页审核入口_v1.0.md | 04_场景/01_五色视觉系统/R1-R6_候选审核索引_v1.0.md,04_场景/01_五色视觉系统/GitHub网页审核入口_v1.0.md | 04_场景/01_五色视觉系统/R1-R6_候选审核索引_v1.0.md,Markdown直接引用,,其他Canvas: 04_场景/03_白骨营地/黎黎隆_场景风格视觉化_R1-R6_本地全量_v1.4_整理版.canvas#r1-01-forest-lake（邻近文字：R6｜完整回写完成｜Scene Style Grammar v1.0 PRE-FREEZE 已完成 - R1：A01–A10 风格参考 - R2：D01–D08 视觉轴 + P00 原始喷枪配色 - R3：NZ / Z / X并Z / 压力测试参考 - R4：Scene Planner / 构图灯光 / 结构化工作流 / LoRA / 跨场景一致性 - R5：12张一句话灵感墙全部配视觉参考 当前冻结前主候选 ★ A01 动画平涂机械奇）,其他Canvas: R6｜完整回写完成｜Scene Style Grammar v1.0 PRE-FREEZE 已完成 - R1：A01–A10 风格参考 - R2：D01–D08 视觉轴 + P00 原始喷枪配色 - R3：NZ / Z / X并Z / 压力测试参考 - R4：Scene Planner / 构图灯光 / 结构化工作流 / LoRA / 跨场景一致性 - R5：12张一句话灵感墙全部配视觉参考 当前冻结前主候选 ★ A01 动画平涂机械奇,仅其他Canvas有图片直链,04_场景/场景总Canvas.canvas,png,1672,941,2632389,6845d59f2720b2cc5385bb2722e682dffd25e6bb08857e334fd61281a91d1651,PASS_PNG,黎黎隆项目/04_场景/02_场景资产图包/02_R1_场景配色/R1-01_森林湖泊_单色.png,沿用原库审核状态；此包不把候选/STAGING提升为定稿
LLL-S-0002,场景库,项目场景资产,场景库图片｜01_五色视觉系统｜R1-02 森林湖泊 双色主导,文件名与目录层级；未逐张人工视觉描述,02_场景视觉与参考_图片.zip,images/黎黎隆项目/04_场景/01_五色视觉系统/R1_场景配色/assets/R1-02_森林湖泊_双色主导.png,黎黎隆项目/04_场景/01_五色视觉系统/R1_场景配色/assets/R1-02_森林湖泊_双色主导.png,04_场景/01_五色视觉系统/R1_场景配色/assets/R1-02_森林湖泊_双色主导.png,04_场景/01_五色视觉系统/GitHub网页审核入口_v1.0.md | 04_场景/01_五色视觉系统/R1-R6_候选审核索引_v1.0.md,04_场景/01_五色视觉系统/GitHub网页审核入口_v1.0.md | 04_场景/01_五色视觉系统/R1-R6_候选审核索引_v1.0.md,Markdown直接引用,,其他Canvas: 04_场景/03_白骨营地/黎黎隆_场景风格视觉化_R1-R6_本地全量_v1.4_整理版.canvas#r1-02-forest-lake（邻近文字：R6｜完整回写完成｜Scene Style Grammar v1.0 PRE-FREEZE 已完成 - R1：A01–A10 风格参考 - R2：D01–D08 视觉轴 + P00 原始喷枪配色 - R3：NZ / Z / X并Z / 压力测试参考 - R4：Scene Planner / 构图灯光 / 结构化工作流 / LoRA / 跨场景一致性 - R5：12张一句话灵感墙全部配视觉参考 当前冻结前主候选 ★ A01 动画平涂机械奇）,其他Canvas: R6｜完整回写完成｜Scene Style Grammar v1.0 PRE-FREEZE 已完成 - R1：A01–A10 风格参考 - R2：D01–D08 视觉轴 + P00 原始喷枪配色 - R3：NZ / Z / X并Z / 压力测试参考 - R4：Scene Planner / 构图灯光 / 结构化工作流 / LoRA / 跨场景一致性 - R5：12张一句话灵感墙全部配视觉参考 当前冻结前主候选 ★ A01 动画平涂机械奇,仅其他Canvas有图片直链,04_场景/场景总Canvas.canvas,png,1672,941,2042880,3e1aad5b2d44cc3fc7143f953870b059183b99e1fe9700c82ca39be910413740,PASS_PNG,黎黎隆项目/04_场景/02_场景资产图包/02_R1_场景配色/R1-02_森林湖泊_双色主导.png,沿用原库审核状态；此包不把候选/STAGING提升为定稿
LLL-S-0003,场景库,项目场景资产,场景库图片｜01_五色视觉系统｜R1-03 森林湖泊 三色层级,文件名与目录层级；未逐张人工视觉描述,02_场景视觉与参考_图片.zip,images/黎黎隆项目/04_场景/01_五色视觉系统/R1_场景配色/assets/R1-03_森林湖泊_三色层级.png,黎黎隆项目/04_场景/01_五色视觉系统/R1_场景配色/assets/R1-03_森林湖泊_三色层级.png,04_场景/01_五色视觉系统/R1_场景配色/assets/R1-03_森林湖泊_三色层级.png,04_场景/01_五色视觉系统/GitHub网页审核入口_v1.0.md | 04_场景/01_五色视觉系统/R1-R6_候选审核索引_v1.0.md,04_场景/01_五色视觉系统/GitHub网页审核入口_v1.0.md | 04_场景/01_五色视觉系统/R1-R6_候选审核索引_v1.0.md,Markdown直接引用,,其他Canvas: 04_场景/03_白骨营地/黎黎隆_场景风格视觉化_R1-R6_本地全量_v1.4_整理版.canvas#r1-03-forest-lake（邻近文字：R6｜参考图使用协议 每个参考节点只允许借它明确标注的部分： - 形状 - 线 - 块面 - 空间 - 材质 - 光影 - 功能结构 一律不直接继承 - 原图整体配色 - 原IP角色 - 标志性建筑造型 - 题材外壳 - 构图与物件的逐项复制 P00优先级最高 参考图 → 抽象视觉规律 → 重映射到五色锁 → 黎黎隆世界结构 → 再生成 这样灵感墙才是“发散器”，不是“抄图目录”。）,其他Canvas: R6｜参考图使用协议 每个参考节点只允许借它明确标注的部分： - 形状 - 线 - 块面 - 空间 - 材质 - 光影 - 功能结构 一律不直接继承 - 原图整体配色 - 原IP角色 - 标志性建筑造型 - 题材外壳 - 构图与物件的逐项复制 P00优先级最高 参考图 → 抽象视觉规律 → 重映射到五色锁 → 黎黎隆世界结构 → 再生成 这样灵感墙才是“发散器”，不是“抄图目录”。,仅其他Canvas有图片直链,04_场景/场景总Canvas.canvas,png,1672,941,2149721,2a0b61e4246d0011f463f0d6ecad7a8fcfdb799668fc6a260dfb884f20f150f9,PASS_PNG,黎黎隆项目/04_场景/02_场景资产图包/02_R1_场景配色/R1-03_森林湖泊_三色层级.png,沿用原库审核状态；此包不把候选/STAGING提升为定稿
LLL-S-0004,场景库,项目场景资产,场景库图片｜01_五色视觉系统｜R1-04 森林湖泊 五色组合,文件名与目录层级；未逐张人工视觉描述,02_场景视觉与参考_图片.zip,images/黎黎隆项目/04_场景/01_五色视觉系统/R1_场景配色/assets/R1-04_森林湖泊_五色组合.png,黎黎隆项目/04_场景/01_五色视觉系统/R1_场景配色/assets/R1-04_森林湖泊_五色组合.png,04_场景/01_五色视觉系统/R1_场景配色/assets/R1-04_森林湖泊_五色组合.png,04_场景/01_五色视觉系统/GitHub网页审核入口_v1.0.md | 04_场景/01_五色视觉系统/R1-R6_候选审核索引_v1.0.md,04_场景/01_五色视觉系统/GitHub网页审核入口_v1.0.md | 04_场景/01_五色视觉系统/R1-R6_候选审核索引_v1.0.md,Markdown直接引用,,其他Canvas: 04_场景/03_白骨营地/黎黎隆_场景风格视觉化_R1-R6_本地全量_v1.4_整理版.canvas#r1-04-forest-lake（邻近文字：R6｜参考图使用协议 每个参考节点只允许借它明确标注的部分： - 形状 - 线 - 块面 - 空间 - 材质 - 光影 - 功能结构 一律不直接继承 - 原图整体配色 - 原IP角色 - 标志性建筑造型 - 题材外壳 - 构图与物件的逐项复制 P00优先级最高 参考图 → 抽象视觉规律 → 重映射到五色锁 → 黎黎隆世界结构 → 再生成 这样灵感墙才是“发散器”，不是“抄图目录”。）,其他Canvas: R6｜参考图使用协议 每个参考节点只允许借它明确标注的部分： - 形状 - 线 - 块面 - 空间 - 材质 - 光影 - 功能结构 一律不直接继承 - 原图整体配色 - 原IP角色 - 标志性建筑造型 - 题材外壳 - 构图与物件的逐项复制 P00优先级最高 参考图 → 抽象视觉规律 → 重映射到五色锁 → 黎黎隆世界结构 → 再生成 这样灵感墙才是“发散器”，不是“抄图目录”。,仅其他Canvas有图片直链,04_场景/场景总Canvas.canvas,png,1672,941,2324722,b31c507498461342a86133cdfec37b99bb3503c0f8b31fecebb312b33d2c08eb,PASS_PNG,黎黎隆项目/04_场景/02_场景资产图包/01_基准图_用户确认/R1-04_森林湖泊_五色组合.png | 黎黎隆项目/04_场景/02_场景资产图包/02_R1_场景配色/R1-04_森林湖泊_五色组合.png,沿用原库审核状态；此包不把候选/STAGING提升为定稿
LLL-S-0005,场景库,项目场景资产,场景库图片｜01_五色视觉系统｜R1-05 机械空港 单色,文件名与目录层级；未逐张人工视觉描述,02_场景视觉与参考_图片.zip,images/黎黎隆项目/04_场景/01_五色视觉系统/R1_场景配色/assets/R1-05_机械空港_单色.png,黎黎隆项目/04_场景/01_五色视觉系统/R1_场景配色/assets/R1-05_机械空港_单色.png,04_场景/01_五色视觉系统/R1_场景配色/assets/R1-05_机械空港_单色.png,04_场景/01_五色视觉系统/GitHub网页审核入口_v1.0.md | 04_场景/01_五色视觉系统/R1-R6_候选审核索引_v1.0.md,04_场景/01_五色视觉系统/GitHub网页审核入口_v1.0.md | 04_场景/01_五色视觉系统/R1-R6_候选审核索引_v1.0.md,Markdown直接引用,,其他Canvas: 04_场景/03_白骨营地/黎黎隆_场景风格视觉化_R1-R6_本地全量_v1.4_整理版.canvas#r1-05-mechanical-airport（邻近文字：R6｜完整回写完成｜Scene Style Grammar v1.0 PRE-FREEZE 已完成 - R1：A01–A10 风格参考 - R2：D01–D08 视觉轴 + P00 原始喷枪配色 - R3：NZ / Z / X并Z / 压力测试参考 - R4：Scene Planner / 构图灯光 / 结构化工作流 / LoRA / 跨场景一致性 - R5：12张一句话灵感墙全部配视觉参考 当前冻结前主候选 ★ A01 动画平涂机械奇）,其他Canvas: R6｜完整回写完成｜Scene Style Grammar v1.0 PRE-FREEZE 已完成 - R1：A01–A10 风格参考 - R2：D01–D08 视觉轴 + P00 原始喷枪配色 - R3：NZ / Z / X并Z / 压力测试参考 - R4：Scene Planner / 构图灯光 / 结构化工作流 / LoRA / 跨场景一致性 - R5：12张一句话灵感墙全部配视觉参考 当前冻结前主候选 ★ A01 动画平涂机械奇,仅其他Canvas有图片直链,04_场景/场景总Canvas.canvas,png,1672,941,2344665,b9938251f665470d27de08506a98ed3abf08c8f1bcc6705bd5d9c773e5fbc423,PASS_PNG,黎黎隆项目/04_场景/02_场景资产图包/02_R1_场景配色/R1-05_机械空港_单色.png,沿用原库审核状态；此包不把候选/STAGING提升为定稿
LLL-S-0006,场景库,项目场景资产,场景库图片｜01_五色视觉系统｜R1-06 机械空港 双色主导,文件名与目录层级；未逐张人工视觉描述,02_场景视觉与参考_图片.zip,images/黎黎隆项目/04_场景/01_五色视觉系统/R1_场景配色/assets/R1-06_机械空港_双色主导.png,黎黎隆项目/04_场景/01_五色视觉系统/R1_场景配色/assets/R1-06_机械空港_双色主导.png,04_场景/01_五色视觉系统/R1_场景配色/assets/R1-06_机械空港_双色主导.png,04_场景/01_五色视觉系统/GitHub网页审核入口_v1.0.md | 04_场景/01_五色视觉系统/R1-R6_候选审核索引_v1.0.md,04_场景/01_五色视觉系统/GitHub网页审核入口_v1.0.md | 04_场景/01_五色视觉系统/R1-R6_候选审核索引_v1.0.md,Markdown直接引用,,其他Canvas: 04_场景/03_白骨营地/黎黎隆_场景风格视觉化_R1-R6_本地全量_v1.4_整理版.canvas#r1-06-mechanical-airport（邻近文字：R6｜完整回写完成｜Scene Style Grammar v1.0 PRE-FREEZE 已完成 - R1：A01–A10 风格参考 - R2：D01–D08 视觉轴 + P00 原始喷枪配色 - R3：NZ / Z / X并Z / 压力测试参考 - R4：Scene Planner / 构图灯光 / 结构化工作流 / LoRA / 跨场景一致性 - R5：12张一句话灵感墙全部配视觉参考 当前冻结前主候选 ★ A01 动画平涂机械奇）,其他Canvas: R6｜完整回写完成｜Scene Style Grammar v1.0 PRE-FREEZE 已完成 - R1：A01–A10 风格参考 - R2：D01–D08 视觉轴 + P00 原始喷枪配色 - R3：NZ / Z / X并Z / 压力测试参考 - R4：Scene Planner / 构图灯光 / 结构化工作流 / LoRA / 跨场景一致性 - R5：12张一句话灵感墙全部配视觉参考 当前冻结前主候选 ★ A01 动画平涂机械奇,仅其他Canvas有图片直链,04_场景/场景总Canvas.canvas,png,1672,941,2373806,744b060c826766aa598050994d4409ace4950ed32b8f0c6004d17586f4302dcf,PASS_PNG,黎黎隆项目/04_场景/02_场景资产图包/02_R1_场景配色/R1-06_机械空港_双色主导.png,沿用原库审核状态；此包不把候选/STAGING提升为定稿
LLL-S-0007,场景库,项目场景资产,场景库图片｜01_五色视觉系统｜R1-07 机械空港 三色层级,文件名与目录层级；未逐张人工视觉描述,02_场景视觉与参考_图片.zip,images/黎黎隆项目/04_场景/01_五色视觉系统/R1_场景配色/assets/R1-07_机械空港_三色层级.png,黎黎隆项目/04_场景/01_五色视觉系统/R1_场景配色/assets/R1-07_机械空港_三色层级.png,04_场景/01_五色视觉系统/R1_场景配色/assets/R1-07_机械空港_三色层级.png,04_场景/01_五色视觉系统/GitHub网页审核入口_v1.0.md | 04_场景/01_五色视觉系统/R1-R6_候选审核索引_v1.0.md,04_场景/01_五色视觉系统/GitHub网页审核入口_v1.0.md | 04_场景/01_五色视觉系统/R1-R6_候选审核索引_v1.0.md,Markdown直接引用,,其他Canvas: 04_场景/03_白骨营地/黎黎隆_场景风格视觉化_R1-R6_本地全量_v1.4_整理版.canvas#r1-07-mechanical-airport（邻近文字：R6｜参考图使用协议 每个参考节点只允许借它明确标注的部分： - 形状 - 线 - 块面 - 空间 - 材质 - 光影 - 功能结构 一律不直接继承 - 原图整体配色 - 原IP角色 - 标志性建筑造型 - 题材外壳 - 构图与物件的逐项复制 P00优先级最高 参考图 → 抽象视觉规律 → 重映射到五色锁 → 黎黎隆世界结构 → 再生成 这样灵感墙才是“发散器”，不是“抄图目录”。）,其他Canvas: R6｜参考图使用协议 每个参考节点只允许借它明确标注的部分： - 形状 - 线 - 块面 - 空间 - 材质 - 光影 - 功能结构 一律不直接继承 - 原图整体配色 - 原IP角色 - 标志性建筑造型 - 题材外壳 - 构图与物件的逐项复制 P00优先级最高 参考图 → 抽象视觉规律 → 重映射到五色锁 → 黎黎隆世界结构 → 再生成 这样灵感墙才是“发散器”，不是“抄图目录”。,仅其他Canvas有图片直链,04_场景/场景总Canvas.canvas,png,1672,941,2404942,83231d64ef06bb8b6c90412200abc16d0e95562a4a9560a52bd5b74569dbaa9f,PASS_PNG,黎黎隆项目/04_场景/02_场景资产图包/02_R1_场景配色/R1-07_机械空港_三色层级.png,沿用原库审核状态；此包不把候选/STAGING提升为定稿
LLL-S-0008,场景库,项目场景资产,场景库图片｜01_五色视觉系统｜R1-08 机械空港 五色组合,文件名与目录层级；未逐张人工视觉描述,02_场景视觉与参考_图片.zip,images/黎黎隆项目/04_场景/01_五色视觉系统/R1_场景配色/assets/R1-08_机械空港_五色组合.png,黎黎隆项目/04_场景/01_五色视觉系统/R1_场景配色/assets/R1-08_机械空港_五色组合.png,04_场景/01_五色视觉系统/R1_场景配色/assets/R1-08_机械空港_五色组合.png,04_场景/01_五色视觉系统/GitHub网页审核入口_v1.0.md | 04_场景/01_五色视觉系统/R1-R6_候选审核索引_v1.0.md,04_场景/01_五色视觉系统/GitHub网页审核入口_v1.0.md | 04_场景/01_五色视觉系统/R1-R6_候选审核索引_v1.0.md,Markdown直接引用,,其他Canvas: 04_场景/03_白骨营地/黎黎隆_场景风格视觉化_R1-R6_本地全量_v1.4_整理版.canvas#r1-08-mechanical-airport（邻近文字：R6｜参考图使用协议 每个参考节点只允许借它明确标注的部分： - 形状 - 线 - 块面 - 空间 - 材质 - 光影 - 功能结构 一律不直接继承 - 原图整体配色 - 原IP角色 - 标志性建筑造型 - 题材外壳 - 构图与物件的逐项复制 P00优先级最高 参考图 → 抽象视觉规律 → 重映射到五色锁 → 黎黎隆世界结构 → 再生成 这样灵感墙才是“发散器”，不是“抄图目录”。）,其他Canvas: R6｜参考图使用协议 每个参考节点只允许借它明确标注的部分： - 形状 - 线 - 块面 - 空间 - 材质 - 光影 - 功能结构 一律不直接继承 - 原图整体配色 - 原IP角色 - 标志性建筑造型 - 题材外壳 - 构图与物件的逐项复制 P00优先级最高 参考图 → 抽象视觉规律 → 重映射到五色锁 → 黎黎隆世界结构 → 再生成 这样灵感墙才是“发散器”，不是“抄图目录”。,仅其他Canvas有图片直链,04_场景/场景总Canvas.canvas,png,1672,941,2576493,cc5ec099f3f6700315fbe83c995c8f49dfa98d6ddbc171c45edee4abaf66f8dc,PASS_PNG,黎黎隆项目/04_场景/02_场景资产图包/02_R1_场景配色/R1-08_机械空港_五色组合.png,沿用原库审核状态；此包不把候选/STAGING提升为定稿
LLL-S-0009,场景库,项目场景资产,场景库图片｜01_五色视觉系统｜R1-09 异种村庄 单色,文件名与目录层级；未逐张人工视觉描述,02_场景视觉与参考_图片.zip,images/黎黎隆项目/04_场景/01_五色视觉系统/R1_场景配色/assets/R1-09_异种村庄_单色.png,黎黎隆项目/04_场景/01_五色视觉系统/R1_场景配色/assets/R1-09_异种村庄_单色.png,04_场景/01_五色视觉系统/R1_场景配色/assets/R1-09_异种村庄_单色.png,04_场景/01_五色视觉系统/GitHub网页审核入口_v1.0.md | 04_场景/01_五色视觉系统/R1-R6_候选审核索引_v1.0.md,04_场景/01_五色视觉系统/GitHub网页审核入口_v1.0.md | 04_场景/01_五色视觉系统/R1-R6_候选审核索引_v1.0.md,Markdown直接引用,,其他Canvas: 04_场景/03_白骨营地/黎黎隆_场景风格视觉化_R1-R6_本地全量_v1.4_整理版.canvas#r1-09-village,,仅其他Canvas有图片直链,04_场景/场景总Canvas.canvas,png,1672,941,2345989,8a90908ac1535da7114537181902ce7dfa146fc53ffd4f03779d88227e8737e5,PASS_PNG,黎黎隆项目/04_场景/02_场景资产图包/02_R1_场景配色/R1-09_异种村庄_单色.png,沿用原库审核状态；此包不把候选/STAGING提升为定稿
LLL-S-0010,场景库,项目场景资产,场景库图片｜01_五色视觉系统｜R1-10 异种村庄 双色主导,文件名与目录层级；未逐张人工视觉描述,02_场景视觉与参考_图片.zip,images/黎黎隆项目/04_场景/01_五色视觉系统/R1_场景配色/assets/R1-10_异种村庄_双色主导.png,黎黎隆项目/04_场景/01_五色视觉系统/R1_场景配色/assets/R1-10_异种村庄_双色主导.png,04_场景/01_五色视觉系统/R1_场景配色/assets/R1-10_异种村庄_双色主导.png,04_场景/01_五色视觉系统/GitHub网页审核入口_v1.0.md | 04_场景/01_五色视觉系统/R1-R6_候选审核索引_v1.0.md,04_场景/01_五色视觉系统/GitHub网页审核入口_v1.0.md | 04_场景/01_五色视觉系统/R1-R6_候选审核索引_v1.0.md,Markdown直接引用,,其他Canvas: 04_场景/03_白骨营地/黎黎隆_场景风格视觉化_R1-R6_本地全量_v1.4_整理版.canvas#r1-10-village,,仅其他Canvas有图片直链,04_场景/场景总Canvas.canvas,png,1672,941,2404461,2e4ac8bcb07a7a7f3818711b3ddb912df2e0feaa5d78d517c99949a8911ceced,PASS_PNG,黎黎隆项目/04_场景/02_场景资产图包/01_基准图_用户确认/R1-10_异种村庄_双色主导.png | 黎黎隆项目/04_场景/02_场景资产图包/02_R1_场景配色/R1-10_异种村庄_双色主导.png,沿用原库审核状态；此包不把候选/STAGING提升为定稿
LLL-S-0011,场景库,项目场景资产,场景库图片｜01_五色视觉系统｜R1-11 异种村庄 三色层级,文件名与目录层级；未逐张人工视觉描述,02_场景视觉与参考_图片.zip,images/黎黎隆项目/04_场景/01_五色视觉系统/R1_场景配色/assets/R1-11_异种村庄_三色层级.png,黎黎隆项目/04_场景/01_五色视觉系统/R1_场景配色/assets/R1-11_异种村庄_三色层级.png,04_场景/01_五色视觉系统/R1_场景配色/assets/R1-11_异种村庄_三色层级.png,04_场景/01_五色视觉系统/GitHub网页审核入口_v1.0.md | 04_场景/01_五色视觉系统/R1-R6_候选审核索引_v1.0.md,04_场景/01_五色视觉系统/GitHub网页审核入口_v1.0.md | 04_场景/01_五色视觉系统/R1-R6_候选审核索引_v1.0.md,Markdown直接引用,,其他Canvas: 04_场景/03_白骨营地/黎黎隆_场景风格视觉化_R1-R6_本地全量_v1.4_整理版.canvas#r1-11-village,,仅其他Canvas有图片直链,04_场景/场景总Canvas.canvas,png,1672,941,2573060,25168e6689b77260a5e32bd4d68b05c4bad4a12c6b821c0ba1c20efbc019289c,PASS_PNG,黎黎隆项目/04_场景/02_场景资产图包/02_R1_场景配色/R1-11_异种村庄_三色层级.png,沿用原库审核状态；此包不把候选/STAGING提升为定稿
LLL-S-0012,场景库,项目场景资产,场景库图片｜01_五色视觉系统｜R1-12 异种村庄 五色组合,文件名与目录层级；未逐张人工视觉描述,02_场景视觉与参考_图片.zip,images/黎黎隆项目/04_场景/01_五色视觉系统/R1_场景配色/assets/R1-12_异种村庄_五色组合.png,黎黎隆项目/04_场景/01_五色视觉系统/R1_场景配色/assets/R1-12_异种村庄_五色组合.png,04_场景/01_五色视觉系统/R1_场景配色/assets/R1-12_异种村庄_五色组合.png,04_场景/01_五色视觉系统/GitHub网页审核入口_v1.0.md | 04_场景/01_五色视觉系统/R1-R6_候选审核索引_v1.0.md,04_场景/01_五色视觉系统/GitHub网页审核入口_v1.0.md | 04_场景/01_五色视觉系统/R1-R6_候选审核索引_v1.0.md,Markdown直接引用,,其他Canvas: 04_场景/03_白骨营地/黎黎隆_场景风格视觉化_R1-R6_本地全量_v1.4_整理版.canvas#r1-12-village,,仅其他Canvas有图片直链,04_场景/场景总Canvas.canvas,png,1672,940,2690016,795c5d9e647a203a7de9d9ff24c87448a8c40968b48b1bb85184f7605da35d49,PASS_PNG,黎黎隆项目/04_场景/02_场景资产图包/02_R1_场景配色/R1-12_异种村庄_五色组合.png,沿用原库审核状态；此包不把候选/STAGING提升为定稿
LLL-S-0013,场景库,项目场景资产,场景库图片｜01_五色视觉系统｜R3-01 黎黎 森林湖泊 预跑,文件名与目录层级；未逐张人工视觉描述,02_场景视觉与参考_图片.zip,images/黎黎隆项目/04_场景/01_五色视觉系统/R3_角色背景/assets/预跑_未确认基准/R3-01_黎黎_森林湖泊_预跑.png,黎黎隆项目/04_场景/01_五色视觉系统/R3_角色背景/assets/预跑_未确认基准/R3-01_黎黎_森林湖泊_预跑.png,04_场景/01_五色视觉系统/R3_角色背景/assets/预跑_未确认基准/R3-01_黎黎_森林湖泊_预跑.png,04_场景/01_五色视觉系统/GitHub网页审核入口_v1.0.md | 04_场景/01_五色视觉系统/R1-R6_候选审核索引_v1.0.md,04_场景/01_五色视觉系统/GitHub网页审核入口_v1.0.md | 04_场景/01_五色视觉系统/R1-R6_候选审核索引_v1.0.md,Markdown直接引用,,其他Canvas: 04_场景/03_白骨营地/黎黎隆_场景风格视觉化_R1-R6_本地全量_v1.4_整理版.canvas#r3-01-lili-forest,,仅其他Canvas有图片直链,04_场景/场景总Canvas.canvas,png,1672,941,2493472,3d0a20a7696703bea0950d40fd9a4bf5cb05889f8153a897252dab3838b694f6,PASS_PNG,黎黎隆项目/04_场景/02_场景资产图包/04_R3_角色背景预跑/R3-01_黎黎_森林湖泊_预跑.png,沿用原库审核状态；此包不把候选/STAGING提升为定稿
LLL-S-0014,场景库,项目场景资产,场景库图片｜01_五色视觉系统｜R3-02 黎黎 机械空港 预跑,文件名与目录层级；未逐张人工视觉描述,02_场景视觉与参考_图片.zip,images/黎黎隆项目/04_场景/01_五色视觉系统/R3_角色背景/assets/预跑_未确认基准/R3-02_黎黎_机械空港_预跑.png,黎黎隆项目/04_场景/01_五色视觉系统/R3_角色背景/assets/预跑_未确认基准/R3-02_黎黎_机械空港_预跑.png,04_场景/01_五色视觉系统/R3_角色背景/assets/预跑_未确认基准/R3-02_黎黎_机械空港_预跑.png,04_场景/01_五色视觉系统/GitHub网页审核入口_v1.0.md | 04_场景/01_五色视觉系统/R1-R6_候选审核索引_v1.0.md,04_场景/01_五色视觉系统/GitHub网页审核入口_v1.0.md | 04_场景/01_五色视觉系统/R1-R6_候选审核索引_v1.0.md,Markdown直接引用,,其他Canvas: 04_场景/03_白骨营地/黎黎隆_场景风格视觉化_R1-R6_本地全量_v1.4_整理版.canvas#r3-02-lili-airport,,仅其他Canvas有图片直链,04_场景/场景总Canvas.canvas,png,1672,941,2420456,cbb882fbae5a43640396cbac350373792898a95efc8aae6d64f0c06e4864de40,PASS_PNG,黎黎隆项目/04_场景/02_场景资产图包/04_R3_角色背景预跑/R3-02_黎黎_机械空港_预跑.png,沿用原库审核状态；此包不把候选/STAGING提升为定稿
LLL-S-0015,场景库,项目场景资产,场景库图片｜01_五色视觉系统｜R3-03 黎黎 异种村庄 预跑,文件名与目录层级；未逐张人工视觉描述,02_场景视觉与参考_图片.zip,images/黎黎隆项目/04_场景/01_五色视觉系统/R3_角色背景/assets/预跑_未确认基准/R3-03_黎黎_异种村庄_预跑.png,黎黎隆项目/04_场景/01_五色视觉系统/R3_角色背景/assets/预跑_未确认基准/R3-03_黎黎_异种村庄_预跑.png,04_场景/01_五色视觉系统/R3_角色背景/assets/预跑_未确认基准/R3-03_黎黎_异种村庄_预跑.png,04_场景/01_五色视觉系统/GitHub网页审核入口_v1.0.md | 04_场景/01_五色视觉系统/R1-R6_候选审核索引_v1.0.md,04_场景/01_五色视觉系统/GitHub网页审核入口_v1.0.md | 04_场景/01_五色视觉系统/R1-R6_候选审核索引_v1.0.md,Markdown直接引用,,其他Canvas: 04_场景/03_白骨营地/黎黎隆_场景风格视觉化_R1-R6_本地全量_v1.4_整理版.canvas#r3-03-lili-village,,仅其他Canvas有图片直链,04_场景/场景总Canvas.canvas,png,1672,941,2529490,edcf55c16ddb39af373b4fa418d8468d5c2b68317e97cca0681a7d6df835d279,PASS_PNG,黎黎隆项目/04_场景/02_场景资产图包/04_R3_角色背景预跑/R3-03_黎黎_异种村庄_预跑.png,沿用原库审核状态；此包不把候选/STAGING提升为定稿
LLL-S-0016,场景库,项目场景资产,场景库图片｜01_五色视觉系统｜R3-04 大叔 森林湖泊 预跑,文件名与目录层级；未逐张人工视觉描述,02_场景视觉与参考_图片.zip,images/黎黎隆项目/04_场景/01_五色视觉系统/R3_角色背景/assets/预跑_未确认基准/R3-04_大叔_森林湖泊_预跑.png,黎黎隆项目/04_场景/01_五色视觉系统/R3_角色背景/assets/预跑_未确认基准/R3-04_大叔_森林湖泊_预跑.png,04_场景/01_五色视觉系统/R3_角色背景/assets/预跑_未确认基准/R3-04_大叔_森林湖泊_预跑.png,04_场景/01_五色视觉系统/GitHub网页审核入口_v1.0.md | 04_场景/01_五色视觉系统/R1-R6_候选审核索引_v1.0.md,04_场景/01_五色视觉系统/GitHub网页审核入口_v1.0.md | 04_场景/01_五色视觉系统/R1-R6_候选审核索引_v1.0.md,Markdown直接引用,,其他Canvas: 04_场景/03_白骨营地/黎黎隆_场景风格视觉化_R1-R6_本地全量_v1.4_整理版.canvas#r3-04-uncle-forest,,仅其他Canvas有图片直链,04_场景/场景总Canvas.canvas,png,1672,941,2314171,7b0e67dd35244aa40826727fdf954d22843d6243a58674c3177240d2a69bbb4f,PASS_PNG,黎黎隆项目/04_场景/02_场景资产图包/04_R3_角色背景预跑/R3-04_大叔_森林湖泊_预跑.png,沿用原库审核状态；此包不把候选/STAGING提升为定稿
LLL-S-0017,场景库,项目场景资产,场景库图片｜01_五色视觉系统｜R3-05 大叔 机械空港 预跑,文件名与目录层级；未逐张人工视觉描述,02_场景视觉与参考_图片.zip,images/黎黎隆项目/04_场景/01_五色视觉系统/R3_角色背景/assets/预跑_未确认基准/R3-05_大叔_机械空港_预跑.png,黎黎隆项目/04_场景/01_五色视觉系统/R3_角色背景/assets/预跑_未确认基准/R3-05_大叔_机械空港_预跑.png,04_场景/01_五色视觉系统/R3_角色背景/assets/预跑_未确认基准/R3-05_大叔_机械空港_预跑.png,04_场景/01_五色视觉系统/GitHub网页审核入口_v1.0.md | 04_场景/01_五色视觉系统/R1-R6_候选审核索引_v1.0.md,04_场景/01_五色视觉系统/GitHub网页审核入口_v1.0.md | 04_场景/01_五色视觉系统/R1-R6_候选审核索引_v1.0.md,Markdown直接引用,,其他Canvas: 04_场景/03_白骨营地/黎黎隆_场景风格视觉化_R1-R6_本地全量_v1.4_整理版.canvas#r3-05-uncle-airport,,仅其他Canvas有图片直链,04_场景/场景总Canvas.canvas,png,1672,941,2486350,1c4af9d0b313427af71a898c9c93e7e42d2bc6b4185a6ede154a68c39540bc94,PASS_PNG,黎黎隆项目/04_场景/02_场景资产图包/04_R3_角色背景预跑/R3-05_大叔_机械空港_预跑.png,沿用原库审核状态；此包不把候选/STAGING提升为定稿
LLL-S-0018,场景库,项目场景资产,场景库图片｜01_五色视觉系统｜R3-06 大叔 异种村庄 预跑,文件名与目录层级；未逐张人工视觉描述,02_场景视觉与参考_图片.zip,images/黎黎隆项目/04_场景/01_五色视觉系统/R3_角色背景/assets/预跑_未确认基准/R3-06_大叔_异种村庄_预跑.png,黎黎隆项目/04_场景/01_五色视觉系统/R3_角色背景/assets/预跑_未确认基准/R3-06_大叔_异种村庄_预跑.png,04_场景/01_五色视觉系统/R3_角色背景/assets/预跑_未确认基准/R3-06_大叔_异种村庄_预跑.png,04_场景/01_五色视觉系统/GitHub网页审核入口_v1.0.md | 04_场景/01_五色视觉系统/R1-R6_候选审核索引_v1.0.md,04_场景/01_五色视觉系统/GitHub网页审核入口_v1.0.md | 04_场景/01_五色视觉系统/R1-R6_候选审核索引_v1.0.md,Markdown直接引用,,其他Canvas: 04_场景/03_白骨营地/黎黎隆_场景风格视觉化_R1-R6_本地全量_v1.4_整理版.canvas#r3-06-uncle-village,,仅其他Canvas有图片直链,04_场景/场景总Canvas.canvas,png,1672,941,2413949,b03f252968f052f8397fb084407efb6f846e883b98a078f375f64543e28f5367,PASS_PNG,黎黎隆项目/04_场景/02_场景资产图包/04_R3_角色背景预跑/R3-06_大叔_异种村庄_预跑.png,沿用原库审核状态；此包不把候选/STAGING提升为定稿
LLL-S-0019,场景库,项目场景资产,场景库图片｜01_五色视觉系统｜R3-07 奇美拉 森林湖泊 预跑,文件名与目录层级；未逐张人工视觉描述,02_场景视觉与参考_图片.zip,images/黎黎隆项目/04_场景/01_五色视觉系统/R3_角色背景/assets/预跑_未确认基准/R3-07_奇美拉_森林湖泊_预跑.png,黎黎隆项目/04_场景/01_五色视觉系统/R3_角色背景/assets/预跑_未确认基准/R3-07_奇美拉_森林湖泊_预跑.png,04_场景/01_五色视觉系统/R3_角色背景/assets/预跑_未确认基准/R3-07_奇美拉_森林湖泊_预跑.png,04_场景/01_五色视觉系统/GitHub网页审核入口_v1.0.md | 04_场景/01_五色视觉系统/R1-R6_候选审核索引_v1.0.md,04_场景/01_五色视觉系统/GitHub网页审核入口_v1.0.md | 04_场景/01_五色视觉系统/R1-R6_候选审核索引_v1.0.md,Markdown直接引用,,其他Canvas: 04_场景/03_白骨营地/黎黎隆_场景风格视觉化_R1-R6_本地全量_v1.4_整理版.canvas#r3-07-chimera-forest,,仅其他Canvas有图片直链,04_场景/场景总Canvas.canvas,png,1672,941,2478225,6f41172ec182c9ff6480409929df2a0bc24e886b90972759b2fb307887fcacea,PASS_PNG,黎黎隆项目/04_场景/02_场景资产图包/04_R3_角色背景预跑/R3-07_奇美拉_森林湖泊_预跑.png,沿用原库审核状态；此包不把候选/STAGING提升为定稿
LLL-S-0020,场景库,项目场景资产,场景库图片｜01_五色视觉系统｜R3-08 奇美拉 机械空港 预跑,文件名与目录层级；未逐张人工视觉描述,02_场景视觉与参考_图片.zip,images/黎黎隆项目/04_场景/01_五色视觉系统/R3_角色背景/assets/预跑_未确认基准/R3-08_奇美拉_机械空港_预跑.png,黎黎隆项目/04_场景/01_五色视觉系统/R3_角色背景/assets/预跑_未确认基准/R3-08_奇美拉_机械空港_预跑.png,04_场景/01_五色视觉系统/R3_角色背景/assets/预跑_未确认基准/R3-08_奇美拉_机械空港_预跑.png,04_场景/01_五色视觉系统/GitHub网页审核入口_v1.0.md | 04_场景/01_五色视觉系统/R1-R6_候选审核索引_v1.0.md,04_场景/01_五色视觉系统/GitHub网页审核入口_v1.0.md | 04_场景/01_五色视觉系统/R1-R6_候选审核索引_v1.0.md,Markdown直接引用,,其他Canvas: 04_场景/03_白骨营地/黎黎隆_场景风格视觉化_R1-R6_本地全量_v1.4_整理版.canvas#r3-08-chimera-airport,,仅其他Canvas有图片直链,04_场景/场景总Canvas.canvas,png,1672,941,2554747,3a1583ea45bc1319477670a3e0f4c3c35b3126f8917d17d74bf919cf7176bef1,PASS_PNG,黎黎隆项目/04_场景/02_场景资产图包/04_R3_角色背景预跑/R3-08_奇美拉_机械空港_预跑.png,沿用原库审核状态；此包不把候选/STAGING提升为定稿
LLL-S-0021,场景库,项目场景资产,场景库图片｜01_五色视觉系统｜R3-09 奇美拉 异种村庄 预跑,文件名与目录层级；未逐张人工视觉描述,02_场景视觉与参考_图片.zip,images/黎黎隆项目/04_场景/01_五色视觉系统/R3_角色背景/assets/预跑_未确认基准/R3-09_奇美拉_异种村庄_预跑.png,黎黎隆项目/04_场景/01_五色视觉系统/R3_角色背景/assets/预跑_未确认基准/R3-09_奇美拉_异种村庄_预跑.png,04_场景/01_五色视觉系统/R3_角色背景/assets/预跑_未确认基准/R3-09_奇美拉_异种村庄_预跑.png,04_场景/01_五色视觉系统/GitHub网页审核入口_v1.0.md | 04_场景/01_五色视觉系统/R1-R6_候选审核索引_v1.0.md,04_场景/01_五色视觉系统/GitHub网页审核入口_v1.0.md | 04_场景/01_五色视觉系统/R1-R6_候选审核索引_v1.0.md,Markdown直接引用,,其他Canvas: 04_场景/03_白骨营地/黎黎隆_场景风格视觉化_R1-R6_本地全量_v1.4_整理版.canvas#r3-09-chimera-village,,仅其他Canvas有图片直链,04_场景/场景总Canvas.canvas,png,1672,941,2485047,b924dff5764b01aa3ab8039456f7230b5363f96de3fc3e41a087a618379b59f1,PASS_PNG,黎黎隆项目/04_场景/02_场景资产图包/04_R3_角色背景预跑/R3-09_奇美拉_异种村庄_预跑.png,沿用原库审核状态；此包不把候选/STAGING提升为定稿
LLL-S-0022,场景库,项目场景资产,场景库图片｜01_五色视觉系统｜SC-03 黑金渗口 v1,文件名与目录层级；未逐张人工视觉描述,02_场景视觉与参考_图片.zip,images/黎黎隆项目/04_场景/01_五色视觉系统/R3_黑金/SC-03_黑金渗口_v1.png,黎黎隆项目/04_场景/01_五色视觉系统/R3_黑金/SC-03_黑金渗口_v1.png,04_场景/01_五色视觉系统/R3_黑金/SC-03_黑金渗口_v1.png,,04_场景/01_五色视觉系统/R3_黑金/00_SC四宫格索引.md | 04_场景/01_五色视觉系统/R1-R6_候选审核索引_v1.0.md | 04_场景/01_五色视觉系统/00_路径与验证计划.md,最近目录索引/说明（非逐图直引）,主场景Canvas: 04_场景/场景总Canvas.canvas#sc03_single（邻近文字：SC-03 黑金渗口 R3 黑金海域：焦油坑与采油筏 单幅正本 + 四宫格探索；待用户终审）,,主场景Canvas: SC-03 黑金渗口 R3 黑金海域：焦油坑与采油筏 单幅正本 + 四宫格探索；待用户终审,主Canvas有图片直链,04_场景/场景总Canvas.canvas,png,1672,941,2735274,7937b9a6829678d197e78ed99ef27be42012d946f3924e7f2428cf718018d2ab,PASS_PNG,,沿用原库审核状态；此包不把候选/STAGING提升为定稿
LLL-S-0023,场景库,项目场景资产,场景库图片｜01_五色视觉系统｜SC-03 黑金渗口 四宫格探索 v1,文件名与目录层级；未逐张人工视觉描述,02_场景视觉与参考_图片.zip,images/黎黎隆项目/04_场景/01_五色视觉系统/R3_黑金/SC-03_黑金渗口_四宫格探索_v1.png,黎黎隆项目/04_场景/01_五色视觉系统/R3_黑金/SC-03_黑金渗口_四宫格探索_v1.png,04_场景/01_五色视觉系统/R3_黑金/SC-03_黑金渗口_四宫格探索_v1.png,,04_场景/01_五色视觉系统/R3_黑金/00_SC四宫格索引.md | 04_场景/01_五色视觉系统/R1-R6_候选审核索引_v1.0.md | 04_场景/01_五色视觉系统/00_路径与验证计划.md,最近目录索引/说明（非逐图直引）,主场景Canvas: 04_场景/场景总Canvas.canvas#sc03_grid（邻近文字：SC-03 黑金渗口 R3 黑金海域：焦油坑与采油筏 单幅正本 + 四宫格探索；待用户终审）,,主场景Canvas: SC-03 黑金渗口 R3 黑金海域：焦油坑与采油筏 单幅正本 + 四宫格探索；待用户终审,主Canvas有图片直链,04_场景/场景总Canvas.canvas,png,1536,1024,3394495,f70b89246959ab32c11652c86899b0a2fec9e71fbc6a0e7fd9a041180fe9b478,PASS_PNG,,沿用原库审核状态；此包不把候选/STAGING提升为定稿
LLL-S-0024,场景库,项目场景资产,场景库图片｜01_五色视觉系统｜SC-03 黑金渗口 四宫格重校 v2,文件名与目录层级；未逐张人工视觉描述,02_场景视觉与参考_图片.zip,images/黎黎隆项目/04_场景/01_五色视觉系统/R3_黑金/SC-03_黑金渗口_四宫格重校_v2.png,黎黎隆项目/04_场景/01_五色视觉系统/R3_黑金/SC-03_黑金渗口_四宫格重校_v2.png,04_场景/01_五色视觉系统/R3_黑金/SC-03_黑金渗口_四宫格重校_v2.png,,04_场景/01_五色视觉系统/R3_黑金/00_SC四宫格索引.md | 04_场景/01_五色视觉系统/R1-R6_候选审核索引_v1.0.md | 04_场景/01_五色视觉系统/00_路径与验证计划.md,最近目录索引/说明（非逐图直引）,主场景Canvas: 04_场景/场景总Canvas.canvas#a3e7b1c402d894f1（邻近文字：视觉三定律 1. 五色合成：所有色溯源母色 2. 验收五问（换普通中世纪人成立=失败） 3. 能量=颜色=立场 暗红不铺满 / 青绿=接口灯光 灰紫=活体膜 / 淡青灰=雾与留白）,,主场景Canvas: 视觉三定律 1. 五色合成：所有色溯源母色 2. 验收五问（换普通中世纪人成立=失败） 3. 能量=颜色=立场 暗红不铺满 / 青绿=接口灯光 灰紫=活体膜 / 淡青灰=雾与留白,主Canvas有图片直链,04_场景/场景总Canvas.canvas,png,1536,1024,3186308,306a7d605a7266d4e8a65cc3cff7a3644cef5b7fa89d777f5b246a246159a305,PASS_PNG,,沿用原库审核状态；此包不把候选/STAGING提升为定稿
LLL-S-0025,场景库,项目场景资产,场景库图片｜01_五色视觉系统｜R4-01 机械空港 起 安静生命,文件名与目录层级；未逐张人工视觉描述,02_场景视觉与参考_图片.zip,images/黎黎隆项目/04_场景/01_五色视觉系统/R4_色彩脚本/assets/R4-01_机械空港_起_安静生命.png,黎黎隆项目/04_场景/01_五色视觉系统/R4_色彩脚本/assets/R4-01_机械空港_起_安静生命.png,04_场景/01_五色视觉系统/R4_色彩脚本/assets/R4-01_机械空港_起_安静生命.png,04_场景/01_五色视觉系统/GitHub网页审核入口_v1.0.md | 04_场景/01_五色视觉系统/R1-R6_候选审核索引_v1.0.md,04_场景/01_五色视觉系统/GitHub网页审核入口_v1.0.md | 04_场景/01_五色视觉系统/R1-R6_候选审核索引_v1.0.md,Markdown直接引用,,其他Canvas: 04_场景/03_白骨营地/黎黎隆_场景风格视觉化_R1-R6_本地全量_v1.4_整理版.canvas#r4-01-mechanical-airport,,仅其他Canvas有图片直链,04_场景/场景总Canvas.canvas,png,1672,941,2159717,96007d1bf055c394ab6e2840e0cfff98eeb500ef3c9979771da4b0d84c74652c,PASS_PNG,黎黎隆项目/04_场景/02_场景资产图包/05_R4_色彩脚本/R4-01_机械空港_起_安静生命.png,沿用原库审核状态；此包不把候选/STAGING提升为定稿
LLL-S-0026,场景库,项目场景资产,场景库图片｜01_五色视觉系统｜R4-04 机械空港 合 稳定结果,文件名与目录层级；未逐张人工视觉描述,02_场景视觉与参考_图片.zip,images/黎黎隆项目/04_场景/01_五色视觉系统/R4_色彩脚本/assets/R4-04_机械空港_合_稳定结果.png,黎黎隆项目/04_场景/01_五色视觉系统/R4_色彩脚本/assets/R4-04_机械空港_合_稳定结果.png,04_场景/01_五色视觉系统/R4_色彩脚本/assets/R4-04_机械空港_合_稳定结果.png,04_场景/01_五色视觉系统/GitHub网页审核入口_v1.0.md | 04_场景/01_五色视觉系统/R1-R6_候选审核索引_v1.0.md,04_场景/01_五色视觉系统/GitHub网页审核入口_v1.0.md | 04_场景/01_五色视觉系统/R1-R6_候选审核索引_v1.0.md,Markdown直接引用,,其他Canvas: 04_场景/03_白骨营地/黎黎隆_场景风格视觉化_R1-R6_本地全量_v1.4_整理版.canvas#r4-04-mechanical-airport,,仅其他Canvas有图片直链,04_场景/场景总Canvas.canvas,png,1672,941,2241441,df3dbfc9883d93d1e6b01db3184f68c50fe73fca3604c2b5ab3349c3773a8c01,PASS_PNG,黎黎隆项目/04_场景/02_场景资产图包/05_R4_色彩脚本/R4-04_机械空港_合_稳定结果.png,沿用原库审核状态；此包不把候选/STAGING提升为定稿
LLL-S-0027,场景库,项目场景资产,场景库图片｜01_五色视觉系统｜R4-02 机械空港 承 技术接口,文件名与目录层级；未逐张人工视觉描述,02_场景视觉与参考_图片.zip,images/黎黎隆项目/04_场景/01_五色视觉系统/R4_色彩脚本/R4-02_机械空港_承_技术接口.png,黎黎隆项目/04_场景/01_五色视觉系统/R4_色彩脚本/R4-02_机械空港_承_技术接口.png,04_场景/01_五色视觉系统/R4_色彩脚本/R4-02_机械空港_承_技术接口.png,,04_场景/01_五色视觉系统/R4_色彩脚本/README.md | 04_场景/01_五色视觉系统/R1-R6_候选审核索引_v1.0.md | 04_场景/01_五色视觉系统/00_路径与验证计划.md,最近目录索引/说明（非逐图直引）,,其他Canvas: 04_场景/03_白骨营地/黎黎隆_场景风格视觉化_R1-R6_本地全量_v1.4_整理版.canvas#r4-02-mechanical-airport,,仅其他Canvas有图片直链,04_场景/场景总Canvas.canvas,png,1672,941,2136862,de6fb0181db5214ba5e6c707dfb0d7f09727c53391d24f41a4247d7248b68294,PASS_PNG,黎黎隆项目/04_场景/02_场景资产图包/05_R4_色彩脚本/R4-02_机械空港_承_技术接口.png,沿用原库审核状态；此包不把候选/STAGING提升为定稿
LLL-S-0028,场景库,项目场景资产,场景库图片｜01_五色视觉系统｜R4-03 机械空港 转 结构切断,文件名与目录层级；未逐张人工视觉描述,02_场景视觉与参考_图片.zip,images/黎黎隆项目/04_场景/01_五色视觉系统/R4_色彩脚本/R4-03_机械空港_转_结构切断.png,黎黎隆项目/04_场景/01_五色视觉系统/R4_色彩脚本/R4-03_机械空港_转_结构切断.png,04_场景/01_五色视觉系统/R4_色彩脚本/R4-03_机械空港_转_结构切断.png,,04_场景/01_五色视觉系统/R4_色彩脚本/README.md | 04_场景/01_五色视觉系统/R1-R6_候选审核索引_v1.0.md | 04_场景/01_五色视觉系统/00_路径与验证计划.md,最近目录索引/说明（非逐图直引）,,其他Canvas: 04_场景/03_白骨营地/黎黎隆_场景风格视觉化_R1-R6_本地全量_v1.4_整理版.canvas#r4-03-mechanical-airport,,仅其他Canvas有图片直链,04_场景/场景总Canvas.canvas,png,1672,941,2267137,c1b63eec738815cbb7e2584ddb174a98d18df397101cc6328f4309ace0d21712,PASS_PNG,黎黎隆项目/04_场景/02_场景资产图包/05_R4_色彩脚本/R4-03_机械空港_转_结构切断.png,沿用原库审核状态；此包不把候选/STAGING提升为定稿
LLL-S-0029,场景库,项目场景资产,场景库图片｜01_五色视觉系统｜R5-01 NZ互依 正,文件名与目录层级；未逐张人工视觉描述,02_场景视觉与参考_图片.zip,images/黎黎隆项目/04_场景/01_五色视觉系统/R5_十元盲测/assets/R5-01_NZ互依_正.png,黎黎隆项目/04_场景/01_五色视觉系统/R5_十元盲测/assets/R5-01_NZ互依_正.png,04_场景/01_五色视觉系统/R5_十元盲测/assets/R5-01_NZ互依_正.png,04_场景/01_五色视觉系统/GitHub网页审核入口_v1.0.md | 04_场景/01_五色视觉系统/R1-R6_候选审核索引_v1.0.md,04_场景/01_五色视觉系统/GitHub网页审核入口_v1.0.md | 04_场景/01_五色视觉系统/R1-R6_候选审核索引_v1.0.md,Markdown直接引用,,其他Canvas: 04_场景/03_白骨营地/黎黎隆_场景风格视觉化_R1-R6_本地全量_v1.4_整理版.canvas#r5-01-nz-mutual,,仅其他Canvas有图片直链,04_场景/场景总Canvas.canvas,png,1672,941,2768496,9814fc23d257038a6df6b9c62710b232d1f4aae713e07fe2d4a104fc6003bfeb,PASS_PNG,黎黎隆项目/04_场景/02_场景资产图包/06_R5_十元盲测/R5-01_NZ互依_正.png,沿用原库审核状态；此包不把候选/STAGING提升为定稿
LLL-S-0030,场景库,项目场景资产,场景库图片｜01_五色视觉系统｜R5-02 NZ互依 对照,文件名与目录层级；未逐张人工视觉描述,02_场景视觉与参考_图片.zip,images/黎黎隆项目/04_场景/01_五色视觉系统/R5_十元盲测/assets/R5-02_NZ互依_对照.png,黎黎隆项目/04_场景/01_五色视觉系统/R5_十元盲测/assets/R5-02_NZ互依_对照.png,04_场景/01_五色视觉系统/R5_十元盲测/assets/R5-02_NZ互依_对照.png,04_场景/01_五色视觉系统/GitHub网页审核入口_v1.0.md | 04_场景/01_五色视觉系统/R1-R6_候选审核索引_v1.0.md,04_场景/01_五色视觉系统/GitHub网页审核入口_v1.0.md | 04_场景/01_五色视觉系统/R1-R6_候选审核索引_v1.0.md,Markdown直接引用,,其他Canvas: 04_场景/03_白骨营地/黎黎隆_场景风格视觉化_R1-R6_本地全量_v1.4_整理版.canvas#r5-02-nz-control,,仅其他Canvas有图片直链,04_场景/场景总Canvas.canvas,png,1672,941,2817113,80b116247e00849edbe2a53bf8c675f121c9d1a1630cc99a877aaee35b282e0c,PASS_PNG,黎黎隆项目/04_场景/02_场景资产图包/06_R5_十元盲测/R5-02_NZ互依_对照.png,沿用原库审核状态；此包不把候选/STAGING提升为定稿
LLL-S-0031,场景库,项目场景资产,场景库图片｜01_五色视觉系统｜R5-03 NZ互依 负,文件名与目录层级；未逐张人工视觉描述,02_场景视觉与参考_图片.zip,images/黎黎隆项目/04_场景/01_五色视觉系统/R5_十元盲测/assets/R5-03_NZ互依_负.png,黎黎隆项目/04_场景/01_五色视觉系统/R5_十元盲测/assets/R5-03_NZ互依_负.png,04_场景/01_五色视觉系统/R5_十元盲测/assets/R5-03_NZ互依_负.png,04_场景/01_五色视觉系统/GitHub网页审核入口_v1.0.md | 04_场景/01_五色视觉系统/R1-R6_候选审核索引_v1.0.md,04_场景/01_五色视觉系统/GitHub网页审核入口_v1.0.md | 04_场景/01_五色视觉系统/R1-R6_候选审核索引_v1.0.md,Markdown直接引用,,其他Canvas: 04_场景/03_白骨营地/黎黎隆_场景风格视觉化_R1-R6_本地全量_v1.4_整理版.canvas#r5-03-nz-negative,,仅其他Canvas有图片直链,04_场景/场景总Canvas.canvas,png,1672,941,2498740,2ef1a640f286a27f024894792fb150f9217723c3de701c0e6521bf6a10044800,PASS_PNG,黎黎隆项目/04_场景/02_场景资产图包/06_R5_十元盲测/R5-03_NZ互依_负.png,沿用原库审核状态；此包不把候选/STAGING提升为定稿
LLL-S-0032,场景库,项目场景资产,场景库图片｜01_五色视觉系统｜R5-04 X并Z分割 正,文件名与目录层级；未逐张人工视觉描述,02_场景视觉与参考_图片.zip,images/黎黎隆项目/04_场景/01_五色视觉系统/R5_十元盲测/assets/R5-04_X并Z分割_正.png,黎黎隆项目/04_场景/01_五色视觉系统/R5_十元盲测/assets/R5-04_X并Z分割_正.png,04_场景/01_五色视觉系统/R5_十元盲测/assets/R5-04_X并Z分割_正.png,04_场景/01_五色视觉系统/GitHub网页审核入口_v1.0.md | 04_场景/01_五色视觉系统/R1-R6_候选审核索引_v1.0.md,04_场景/01_五色视觉系统/GitHub网页审核入口_v1.0.md | 04_场景/01_五色视觉系统/R1-R6_候选审核索引_v1.0.md,Markdown直接引用,,其他Canvas: 04_场景/03_白骨营地/黎黎隆_场景风格视觉化_R1-R6_本地全量_v1.4_整理版.canvas#r5-04-xz-split,,仅其他Canvas有图片直链,04_场景/场景总Canvas.canvas,png,1672,941,2512055,4049387e4daf132e7f588b7474bfd2bf1538539e473b570743600f3957be2391,PASS_PNG,黎黎隆项目/04_场景/02_场景资产图包/06_R5_十元盲测/R5-04_X并Z分割_正.png,沿用原库审核状态；此包不把候选/STAGING提升为定稿
LLL-S-0033,场景库,项目场景资产,场景库图片｜01_五色视觉系统｜R5-05 X并Z分割 对照,文件名与目录层级；未逐张人工视觉描述,02_场景视觉与参考_图片.zip,images/黎黎隆项目/04_场景/01_五色视觉系统/R5_十元盲测/assets/R5-05_X并Z分割_对照.png,黎黎隆项目/04_场景/01_五色视觉系统/R5_十元盲测/assets/R5-05_X并Z分割_对照.png,04_场景/01_五色视觉系统/R5_十元盲测/assets/R5-05_X并Z分割_对照.png,04_场景/01_五色视觉系统/GitHub网页审核入口_v1.0.md | 04_场景/01_五色视觉系统/R1-R6_候选审核索引_v1.0.md,04_场景/01_五色视觉系统/GitHub网页审核入口_v1.0.md | 04_场景/01_五色视觉系统/R1-R6_候选审核索引_v1.0.md,Markdown直接引用,,其他Canvas: 04_场景/03_白骨营地/黎黎隆_场景风格视觉化_R1-R6_本地全量_v1.4_整理版.canvas#r5-05-xz-control,,仅其他Canvas有图片直链,04_场景/场景总Canvas.canvas,png,1672,941,2356865,b0406187b1669bc159333263b109cef8393d4c7f4f95f5367ac4d92c965e8d51,PASS_PNG,黎黎隆项目/04_场景/02_场景资产图包/06_R5_十元盲测/R5-05_X并Z分割_对照.png,沿用原库审核状态；此包不把候选/STAGING提升为定稿
LLL-S-0034,场景库,项目场景资产,场景库图片｜01_五色视觉系统｜R5-06 X并Z分割 负,文件名与目录层级；未逐张人工视觉描述,02_场景视觉与参考_图片.zip,images/黎黎隆项目/04_场景/01_五色视觉系统/R5_十元盲测/assets/R5-06_X并Z分割_负.png,黎黎隆项目/04_场景/01_五色视觉系统/R5_十元盲测/assets/R5-06_X并Z分割_负.png,04_场景/01_五色视觉系统/R5_十元盲测/assets/R5-06_X并Z分割_负.png,04_场景/01_五色视觉系统/GitHub网页审核入口_v1.0.md | 04_场景/01_五色视觉系统/R1-R6_候选审核索引_v1.0.md,04_场景/01_五色视觉系统/GitHub网页审核入口_v1.0.md | 04_场景/01_五色视觉系统/R1-R6_候选审核索引_v1.0.md,Markdown直接引用,,其他Canvas: 04_场景/03_白骨营地/黎黎隆_场景风格视觉化_R1-R6_本地全量_v1.4_整理版.canvas#r5-06-xz-negative,,仅其他Canvas有图片直链,04_场景/场景总Canvas.canvas,png,1672,941,2497799,545bdc35cdb9422036ed71a7e9b862a2652ed818bcdd3fe54cfe0555c6298083,PASS_PNG,黎黎隆项目/04_场景/02_场景资产图包/06_R5_十元盲测/R5-06_X并Z分割_负.png,沿用原库审核状态；此包不把候选/STAGING提升为定稿
LLL-S-0035,场景库,项目场景资产,场景库图片｜01_五色视觉系统｜R5-07 XN路径约束 正,文件名与目录层级；未逐张人工视觉描述,02_场景视觉与参考_图片.zip,images/黎黎隆项目/04_场景/01_五色视觉系统/R5_十元盲测/assets/R5-07_XN路径约束_正.png,黎黎隆项目/04_场景/01_五色视觉系统/R5_十元盲测/assets/R5-07_XN路径约束_正.png,04_场景/01_五色视觉系统/R5_十元盲测/assets/R5-07_XN路径约束_正.png,04_场景/01_五色视觉系统/GitHub网页审核入口_v1.0.md | 04_场景/01_五色视觉系统/R1-R6_候选审核索引_v1.0.md,04_场景/01_五色视觉系统/GitHub网页审核入口_v1.0.md | 04_场景/01_五色视觉系统/R1-R6_候选审核索引_v1.0.md,Markdown直接引用,,其他Canvas: 04_场景/03_白骨营地/黎黎隆_场景风格视觉化_R1-R6_本地全量_v1.4_整理版.canvas#r5-07-xn-path,,仅其他Canvas有图片直链,04_场景/场景总Canvas.canvas,png,1672,941,2521219,818c5cc46bb4cb43a4d3caf613cae6933f63ad72954ebf95e9308331ba739a98,PASS_PNG,黎黎隆项目/04_场景/02_场景资产图包/06_R5_十元盲测/R5-07_XN路径约束_正.png,沿用原库审核状态；此包不把候选/STAGING提升为定稿
LLL-S-0036,场景库,项目场景资产,场景库图片｜01_五色视觉系统｜R5-08 XN路径约束 对照,文件名与目录层级；未逐张人工视觉描述,02_场景视觉与参考_图片.zip,images/黎黎隆项目/04_场景/01_五色视觉系统/R5_十元盲测/assets/R5-08_XN路径约束_对照.png,黎黎隆项目/04_场景/01_五色视觉系统/R5_十元盲测/assets/R5-08_XN路径约束_对照.png,04_场景/01_五色视觉系统/R5_十元盲测/assets/R5-08_XN路径约束_对照.png,04_场景/01_五色视觉系统/GitHub网页审核入口_v1.0.md | 04_场景/01_五色视觉系统/R1-R6_候选审核索引_v1.0.md,04_场景/01_五色视觉系统/GitHub网页审核入口_v1.0.md | 04_场景/01_五色视觉系统/R1-R6_候选审核索引_v1.0.md,Markdown直接引用,,其他Canvas: 04_场景/03_白骨营地/黎黎隆_场景风格视觉化_R1-R6_本地全量_v1.4_整理版.canvas#r5-08-xn-control,,仅其他Canvas有图片直链,04_场景/场景总Canvas.canvas,png,1672,941,2248049,5e31481ad5c0a0e11558065c39b903d0157990321273c37fd80f6317e667a18c,PASS_PNG,黎黎隆项目/04_场景/02_场景资产图包/06_R5_十元盲测/R5-08_XN路径约束_对照.png,沿用原库审核状态；此包不把候选/STAGING提升为定稿
LLL-S-0037,场景库,项目场景资产,场景库图片｜01_五色视觉系统｜R5-09 XN路径约束 负,文件名与目录层级；未逐张人工视觉描述,02_场景视觉与参考_图片.zip,images/黎黎隆项目/04_场景/01_五色视觉系统/R5_十元盲测/assets/R5-09_XN路径约束_负.png,黎黎隆项目/04_场景/01_五色视觉系统/R5_十元盲测/assets/R5-09_XN路径约束_负.png,04_场景/01_五色视觉系统/R5_十元盲测/assets/R5-09_XN路径约束_负.png,04_场景/01_五色视觉系统/GitHub网页审核入口_v1.0.md | 04_场景/01_五色视觉系统/R1-R6_候选审核索引_v1.0.md,04_场景/01_五色视觉系统/GitHub网页审核入口_v1.0.md | 04_场景/01_五色视觉系统/R1-R6_候选审核索引_v1.0.md,Markdown直接引用,,其他Canvas: 04_场景/03_白骨营地/黎黎隆_场景风格视觉化_R1-R6_本地全量_v1.4_整理版.canvas#r5-09-xn-negative,,仅其他Canvas有图片直链,04_场景/场景总Canvas.canvas,png,1672,941,2481077,46c728709d845a35398430966f26858fa8135e1ad3e5359b4face99f144cb471,PASS_PNG,黎黎隆项目/04_场景/02_场景资产图包/06_R5_十元盲测/R5-09_XN路径约束_负.png,沿用原库审核状态；此包不把候选/STAGING提升为定稿
LLL-S-0038,场景库,项目场景资产,场景库图片｜01_五色视觉系统｜SC-02 自由锚港 四宫格探索 v1,文件名与目录层级；未逐张人工视觉描述,02_场景视觉与参考_图片.zip,images/黎黎隆项目/04_场景/01_五色视觉系统/R5_锚港/SC-02_自由锚港_四宫格探索_v1.png,黎黎隆项目/04_场景/01_五色视觉系统/R5_锚港/SC-02_自由锚港_四宫格探索_v1.png,04_场景/01_五色视觉系统/R5_锚港/SC-02_自由锚港_四宫格探索_v1.png,,04_场景/01_五色视觉系统/R5_锚港/00_SC四宫格索引.md | 04_场景/01_五色视觉系统/R1-R6_候选审核索引_v1.0.md | 04_场景/01_五色视觉系统/00_路径与验证计划.md,最近目录索引/说明（非逐图直引）,主场景Canvas: 04_场景/场景总Canvas.canvas#sc02_grid（邻近文字：视觉三定律 1. 五色合成：所有色溯源母色 2. 验收五问（换普通中世纪人成立=失败） 3. 能量=颜色=立场 暗红不铺满 / 青绿=接口灯光 灰紫=活体膜 / 淡青灰=雾与留白）,,主场景Canvas: 视觉三定律 1. 五色合成：所有色溯源母色 2. 验收五问（换普通中世纪人成立=失败） 3. 能量=颜色=立场 暗红不铺满 / 青绿=接口灯光 灰紫=活体膜 / 淡青灰=雾与留白,主Canvas有图片直链,04_场景/场景总Canvas.canvas,png,1536,1024,2982871,d2a152a15063210b03ba648f60d5232a32ea37768b77fbeab763c016a3479978,PASS_PNG,,沿用原库审核状态；此包不把候选/STAGING提升为定稿
LLL-S-0039,场景库,项目场景资产,场景库图片｜01_五色视觉系统｜SC-02 自由锚港 四宫格探索 v2 暗红主导,文件名与目录层级；未逐张人工视觉描述,02_场景视觉与参考_图片.zip,images/黎黎隆项目/04_场景/01_五色视觉系统/R5_锚港/SC-02_自由锚港_四宫格探索_v2_暗红主导.png,黎黎隆项目/04_场景/01_五色视觉系统/R5_锚港/SC-02_自由锚港_四宫格探索_v2_暗红主导.png,04_场景/01_五色视觉系统/R5_锚港/SC-02_自由锚港_四宫格探索_v2_暗红主导.png,,04_场景/01_五色视觉系统/R5_锚港/00_SC四宫格索引.md | 04_场景/01_五色视觉系统/R1-R6_候选审核索引_v1.0.md | 04_场景/01_五色视觉系统/00_路径与验证计划.md,最近目录索引/说明（非逐图直引）,主场景Canvas: 04_场景/场景总Canvas.canvas#sc02_grid_v2（邻近文字：SC-03 黑金渗口 R3 黑金海域：焦油坑与采油筏 单幅正本 + 四宫格探索；待用户终审）,其他Canvas: 06_外发聊天系统/世界观发散Canvas_v0.1.canvas#3b900cfa08ae4ca3（邻近文字：G3 夺路 × 回路 红色者出海 大航海时代开幕） | 其他Canvas: 06_外发聊天系统/场景发散Canvas_v0.1.canvas#89af9638ee6f4fed（邻近文字：R6 粉色生态带 菌林 · 活膜 · 异种共生 古老派地盘 · 不争霸只交易 粉蘑菇 · 青污脸 · 共生代价区） | 其他Canvas: 06_外发聊天系统/黎黎隆_发散Canvas_v0.1.canvas#3915e7a8af2a401c（邻近文字：红桶角色 ZY-02 航迹手 ✅ ZY-04 苦修僧人 ✅ 澈 / 黎黎隆 / 小和尚 / 冒险者 S09 S11 S12 S06 + 60池9人）,主场景Canvas: SC-03 黑金渗口 R3 黑金海域：焦油坑与采油筏 单幅正本 + 四宫格探索；待用户终审 | 其他Canvas: G3 夺路 × 回路 红色者出海 大航海时代开幕 | 其他Canvas: R6 粉色生态带 菌林 · 活膜 · 异种共生 古老派地盘 · 不争霸只交易 粉蘑菇 · 青污脸 · 共生代价区 | 其他Canvas: 红桶角色 ZY-02 航迹手 ✅ ZY-04 苦修僧人 ✅ 澈 / 黎黎隆 / 小和尚 / 冒险者 S09 S11 S12 S06 + 60池9人,主Canvas有图片直链,04_场景/场景总Canvas.canvas,png,1536,1024,3198453,6341d009381e5f0963b9060de481388711ae93d5d65ee079dd5124f0bf79b2f7,PASS_PNG,,沿用原库审核状态；此包不把候选/STAGING提升为定稿
LLL-S-0040,场景库,项目场景资产,场景库图片｜01_五色视觉系统｜SC-02 自由锚港 四宫格探索 v3 暗红灰紫过渡,文件名与目录层级；未逐张人工视觉描述,02_场景视觉与参考_图片.zip,images/黎黎隆项目/04_场景/01_五色视觉系统/R5_锚港/SC-02_自由锚港_四宫格探索_v3_暗红灰紫过渡.png,黎黎隆项目/04_场景/01_五色视觉系统/R5_锚港/SC-02_自由锚港_四宫格探索_v3_暗红灰紫过渡.png,04_场景/01_五色视觉系统/R5_锚港/SC-02_自由锚港_四宫格探索_v3_暗红灰紫过渡.png,,04_场景/01_五色视觉系统/R5_锚港/00_SC四宫格索引.md | 04_场景/01_五色视觉系统/R1-R6_候选审核索引_v1.0.md | 04_场景/01_五色视觉系统/00_路径与验证计划.md,最近目录索引/说明（非逐图直引）,主场景Canvas: 04_场景/场景总Canvas.canvas#sc02_grid_v3（邻近文字：SC-03 黑金渗口 R3 黑金海域：焦油坑与采油筏 单幅正本 + 四宫格探索；待用户终审）,其他Canvas: 06_外发聊天系统/世界观发散Canvas_v0.1.canvas#43819c9230c04d86（邻近文字：G3 夺路 × 回路 红色者出海 大航海时代开幕） | 其他Canvas: 06_外发聊天系统/场景发散Canvas_v0.1.canvas#35e6325e1b2c407e（邻近文字：城外六带（黎黎隆） 西南（山路水道）· 南栖（季节栖地） 东南（迁徙线）· 东北（裂风口） 北（回声林路）· 东裂隙） | 其他Canvas: 06_外发聊天系统/黎黎隆_发散Canvas_v0.1.canvas#c6db6005a57d494f（邻近文字：红桶角色 ZY-02 航迹手 ✅ ZY-04 苦修僧人 ✅ 澈 / 黎黎隆 / 小和尚 / 冒险者 S09 S11 S12 S06 + 60池9人）,主场景Canvas: SC-03 黑金渗口 R3 黑金海域：焦油坑与采油筏 单幅正本 + 四宫格探索；待用户终审 | 其他Canvas: G3 夺路 × 回路 红色者出海 大航海时代开幕 | 其他Canvas: 城外六带（黎黎隆） 西南（山路水道）· 南栖（季节栖地） 东南（迁徙线）· 东北（裂风口） 北（回声林路）· 东裂隙 | 其他Canvas: 红桶角色 ZY-02 航迹手 ✅ ZY-04 苦修僧人 ✅ 澈 / 黎黎隆 / 小和尚 / 冒险者 S09 S11 S12 S06 + 60池9人,主Canvas有图片直链,04_场景/场景总Canvas.canvas,png,1536,1024,2943428,52074d7043b3af02e7454f2eedc9e22aac06283986e3f9776e80338e60d7d380,PASS_PNG,,沿用原库审核状态；此包不把候选/STAGING提升为定稿
LLL-S-0041,场景库,项目场景资产,场景库图片｜01_五色视觉系统｜SC-02 自由锚港 离船权码头 v1,文件名与目录层级；未逐张人工视觉描述,02_场景视觉与参考_图片.zip,images/黎黎隆项目/04_场景/01_五色视觉系统/R5_锚港/SC-02_自由锚港_离船权码头_v1.png,黎黎隆项目/04_场景/01_五色视觉系统/R5_锚港/SC-02_自由锚港_离船权码头_v1.png,04_场景/01_五色视觉系统/R5_锚港/SC-02_自由锚港_离船权码头_v1.png,,04_场景/01_五色视觉系统/R5_锚港/00_SC四宫格索引.md | 04_场景/01_五色视觉系统/R1-R6_候选审核索引_v1.0.md | 04_场景/01_五色视觉系统/00_路径与验证计划.md,最近目录索引/说明（非逐图直引）,主场景Canvas: 04_场景/场景总Canvas.canvas#sc02_single（邻近文字：SC-02 自由锚港·离船权码头 R5 红方主场：允许退出 / 自由离开 单幅正本 + 四宫格 v1；暗红主导重跑 v2 与暗红—灰紫过渡 v3 候选；待用户终审）,,主场景Canvas: SC-02 自由锚港·离船权码头 R5 红方主场：允许退出 / 自由离开 单幅正本 + 四宫格 v1；暗红主导重跑 v2 与暗红—灰紫过渡 v3 候选；待用户终审,主Canvas有图片直链,04_场景/场景总Canvas.canvas,png,1672,941,2745745,fed94075db512a35b02e95b7e4ac5f35459138a19f5905a09ae35b7c699aa193,PASS_PNG,,沿用原库审核状态；此包不把候选/STAGING提升为定稿
LLL-S-0042,场景库,项目场景资产,场景库图片｜01_五色视觉系统｜SC-04 菌林夜景 v1,文件名与目录层级；未逐张人工视觉描述,02_场景视觉与参考_图片.zip,images/黎黎隆项目/04_场景/01_五色视觉系统/R6_菌林/SC-04_菌林夜景_v1.png,黎黎隆项目/04_场景/01_五色视觉系统/R6_菌林/SC-04_菌林夜景_v1.png,04_场景/01_五色视觉系统/R6_菌林/SC-04_菌林夜景_v1.png,,04_场景/01_五色视觉系统/R6_菌林/00_SC四宫格索引.md | 04_场景/01_五色视觉系统/R1-R6_候选审核索引_v1.0.md | 04_场景/01_五色视觉系统/00_路径与验证计划.md,最近目录索引/说明（非逐图直引）,主场景Canvas: 04_场景/场景总Canvas.canvas#sc04_single（邻近文字：SC-04 菌林夜景 R6 菌林：发光蘑菇与活膜 v1 保留；灰紫主导重校 v2 候选待验收）,,主场景Canvas: SC-04 菌林夜景 R6 菌林：发光蘑菇与活膜 v1 保留；灰紫主导重校 v2 候选待验收,主Canvas有图片直链,04_场景/场景总Canvas.canvas,png,1672,941,2908707,8064c73a27683ad38902799bedee939b2439da27b2e4f6defa94173209b8dd42,PASS_PNG,,沿用原库审核状态；此包不把候选/STAGING提升为定稿
LLL-S-0043,场景库,项目场景资产,场景库图片｜01_五色视觉系统｜SC-04 菌林夜景 四宫格探索 v1,文件名与目录层级；未逐张人工视觉描述,02_场景视觉与参考_图片.zip,images/黎黎隆项目/04_场景/01_五色视觉系统/R6_菌林/SC-04_菌林夜景_四宫格探索_v1.png,黎黎隆项目/04_场景/01_五色视觉系统/R6_菌林/SC-04_菌林夜景_四宫格探索_v1.png,04_场景/01_五色视觉系统/R6_菌林/SC-04_菌林夜景_四宫格探索_v1.png,,04_场景/01_五色视觉系统/R6_菌林/00_SC四宫格索引.md | 04_场景/01_五色视觉系统/R1-R6_候选审核索引_v1.0.md | 04_场景/01_五色视觉系统/00_路径与验证计划.md,最近目录索引/说明（非逐图直引）,主场景Canvas: 04_场景/场景总Canvas.canvas#sc04_grid（邻近文字：SC-04 菌林夜景 R6 菌林：发光蘑菇与活膜 v1 保留；灰紫主导重校 v2 候选待验收）,,主场景Canvas: SC-04 菌林夜景 R6 菌林：发光蘑菇与活膜 v1 保留；灰紫主导重校 v2 候选待验收,主Canvas有图片直链,04_场景/场景总Canvas.canvas,png,1536,1024,3084251,c44a2fb52510faa3471d647daaf0c75a619977a8ed10fd4aedbad3fade19fc36,PASS_PNG,,沿用原库审核状态；此包不把候选/STAGING提升为定稿
LLL-S-0044,场景库,项目场景资产,场景库图片｜01_五色视觉系统｜SC-04 菌林夜景 四宫格重校 v2,文件名与目录层级；未逐张人工视觉描述,02_场景视觉与参考_图片.zip,images/黎黎隆项目/04_场景/01_五色视觉系统/R6_菌林/SC-04_菌林夜景_四宫格重校_v2.png,黎黎隆项目/04_场景/01_五色视觉系统/R6_菌林/SC-04_菌林夜景_四宫格重校_v2.png,04_场景/01_五色视觉系统/R6_菌林/SC-04_菌林夜景_四宫格重校_v2.png,,04_场景/01_五色视觉系统/R6_菌林/00_SC四宫格索引.md | 04_场景/01_五色视觉系统/R1-R6_候选审核索引_v1.0.md | 04_场景/01_五色视觉系统/00_路径与验证计划.md,最近目录索引/说明（非逐图直引）,"主场景Canvas: 04_场景/场景总Canvas.canvas#a4e911c07bd245a0（邻近文字：SC-04 v2 校色复核 主导：灰紫 855D8F；四格 HSV 色相抽样 60.1% / 63.8% / 77.2% / 41.1%。 NEGATIVE：not cyan-dominant, not teal-grey washed。 状态：候选，待用户验收。 索引：黎黎隆项目/04场景/01五色视觉系统/R6菌林/00SC四宫格索引）",,"主场景Canvas: SC-04 v2 校色复核 主导：灰紫 855D8F；四格 HSV 色相抽样 60.1% / 63.8% / 77.2% / 41.1%。 NEGATIVE：not cyan-dominant, not teal-grey washed。 状态：候选，待用户验收。 索引：黎黎隆项目/04场景/01五色视觉系统/R6菌林/00SC四宫格索引",主Canvas有图片直链,04_场景/场景总Canvas.canvas,png,1536,1024,3189624,def51fd7dac179600c7d689d906dd8b06f6013f755292aea60efe397a5e14bb6,PASS_PNG,,沿用原库审核状态；此包不把候选/STAGING提升为定稿
LLL-S-0045,场景库,项目场景资产,场景库图片｜01_五色视觉系统｜SC-05 维护街带 v1,文件名与目录层级；未逐张人工视觉描述,02_场景视觉与参考_图片.zip,images/黎黎隆项目/04_场景/01_五色视觉系统/SC-05_维护街带/SC-05_维护街带_v1.png,黎黎隆项目/04_场景/01_五色视觉系统/SC-05_维护街带/SC-05_维护街带_v1.png,04_场景/01_五色视觉系统/SC-05_维护街带/SC-05_维护街带_v1.png,,04_场景/01_五色视觉系统/R1-R6_候选审核索引_v1.0.md | 04_场景/01_五色视觉系统/00_路径与验证计划.md | 04_场景/01_五色视觉系统/Canvas结构复核_20260920.md,最近目录索引/说明（非逐图直引）,主场景Canvas: 04_场景/场景总Canvas.canvas#sc05_single（邻近文字：SC-05 维护街带 热维护站、排雾渠与接口社会日常 单幅正本 + 四宫格探索；待用户终审）,,主场景Canvas: SC-05 维护街带 热维护站、排雾渠与接口社会日常 单幅正本 + 四宫格探索；待用户终审,主Canvas有图片直链,04_场景/场景总Canvas.canvas,png,1672,941,3046887,3ab52686cea235803a9c64d89a1f4c1950b71f16b2d0e573bcef77d7359823b6,PASS_PNG,,沿用原库审核状态；此包不把候选/STAGING提升为定稿
LLL-S-0046,场景库,项目场景资产,场景库图片｜01_五色视觉系统｜SC-05 维护街带 四宫格探索 v1,文件名与目录层级；未逐张人工视觉描述,02_场景视觉与参考_图片.zip,images/黎黎隆项目/04_场景/01_五色视觉系统/SC-05_维护街带/SC-05_维护街带_四宫格探索_v1.png,黎黎隆项目/04_场景/01_五色视觉系统/SC-05_维护街带/SC-05_维护街带_四宫格探索_v1.png,04_场景/01_五色视觉系统/SC-05_维护街带/SC-05_维护街带_四宫格探索_v1.png,,04_场景/01_五色视觉系统/R1-R6_候选审核索引_v1.0.md | 04_场景/01_五色视觉系统/00_路径与验证计划.md | 04_场景/01_五色视觉系统/Canvas结构复核_20260920.md,最近目录索引/说明（非逐图直引）,主场景Canvas: 04_场景/场景总Canvas.canvas#sc05_grid（邻近文字：SC-05 维护街带 热维护站、排雾渠与接口社会日常 单幅正本 + 四宫格探索；待用户终审）,,主场景Canvas: SC-05 维护街带 热维护站、排雾渠与接口社会日常 单幅正本 + 四宫格探索；待用户终审,主Canvas有图片直链,04_场景/场景总Canvas.canvas,png,1126,1397,3276193,0ce27d7efe9970b50b0ff32eb9c6d6be874d4a3f2befa4d3256e181115c5a636,PASS_PNG,,沿用原库审核状态；此包不把候选/STAGING提升为定稿
LLL-S-0047,场景库,项目场景资产,场景库图片｜01_五色视觉系统｜SC-06 门站带 v1,文件名与目录层级；未逐张人工视觉描述,02_场景视觉与参考_图片.zip,images/黎黎隆项目/04_场景/01_五色视觉系统/SC-06_门站带/SC-06_门站带_v1.png,黎黎隆项目/04_场景/01_五色视觉系统/SC-06_门站带/SC-06_门站带_v1.png,04_场景/01_五色视觉系统/SC-06_门站带/SC-06_门站带_v1.png,,04_场景/01_五色视觉系统/SC-06_门站带/00_SC四宫格索引.md | 04_场景/01_五色视觉系统/R1-R6_候选审核索引_v1.0.md | 04_场景/01_五色视觉系统/00_路径与验证计划.md,最近目录索引/说明（非逐图直引）,主场景Canvas: 04_场景/场景总Canvas.canvas#sc06_single（邻近文字：SC-06 门站带 返身门站、身份门站与阈限选择 单幅正本 + 四宫格探索；待用户终审）,,主场景Canvas: SC-06 门站带 返身门站、身份门站与阈限选择 单幅正本 + 四宫格探索；待用户终审,主Canvas有图片直链,04_场景/场景总Canvas.canvas,png,1672,941,2871749,6295d1f30ef0a4547f11c704dc3063a737dd5ba067df6b9f008a8b6d82e901c5,PASS_PNG,,沿用原库审核状态；此包不把候选/STAGING提升为定稿
LLL-S-0048,场景库,项目场景资产,场景库图片｜01_五色视觉系统｜SC-06 门站带 四宫格探索 v1,文件名与目录层级；未逐张人工视觉描述,02_场景视觉与参考_图片.zip,images/黎黎隆项目/04_场景/01_五色视觉系统/SC-06_门站带/SC-06_门站带_四宫格探索_v1.png,黎黎隆项目/04_场景/01_五色视觉系统/SC-06_门站带/SC-06_门站带_四宫格探索_v1.png,04_场景/01_五色视觉系统/SC-06_门站带/SC-06_门站带_四宫格探索_v1.png,,04_场景/01_五色视觉系统/SC-06_门站带/00_SC四宫格索引.md | 04_场景/01_五色视觉系统/R1-R6_候选审核索引_v1.0.md | 04_场景/01_五色视觉系统/00_路径与验证计划.md,最近目录索引/说明（非逐图直引）,主场景Canvas: 04_场景/场景总Canvas.canvas#sc06_grid（邻近文字：SC-06 门站带 返身门站、身份门站与阈限选择 单幅正本 + 四宫格探索；待用户终审）,,主场景Canvas: SC-06 门站带 返身门站、身份门站与阈限选择 单幅正本 + 四宫格探索；待用户终审,主Canvas有图片直链,04_场景/场景总Canvas.canvas,png,1126,1397,3040313,f6cc3ca81f0a12622934f53ac193b6b4fcb54c9703f0eb7cb1d80e73d4bf8eaa,PASS_PNG,,沿用原库审核状态；此包不把候选/STAGING提升为定稿
LLL-S-0049,场景库,项目场景资产,场景库图片｜01_五色视觉系统｜SC-06 门站带 四宫格重校 v2,文件名与目录层级；未逐张人工视觉描述,02_场景视觉与参考_图片.zip,images/黎黎隆项目/04_场景/01_五色视觉系统/SC-06_门站带/SC-06_门站带_四宫格重校_v2.png,黎黎隆项目/04_场景/01_五色视觉系统/SC-06_门站带/SC-06_门站带_四宫格重校_v2.png,04_场景/01_五色视觉系统/SC-06_门站带/SC-06_门站带_四宫格重校_v2.png,,04_场景/01_五色视觉系统/SC-06_门站带/00_SC四宫格索引.md | 04_场景/01_五色视觉系统/R1-R6_候选审核索引_v1.0.md | 04_场景/01_五色视觉系统/00_路径与验证计划.md,最近目录索引/说明（非逐图直引）,主场景Canvas: 04_场景/场景总Canvas.canvas#f1d40a9b62e873c5（邻近文字：SC-06 门站带 返身门站、身份门站与阈限选择 单幅正本 + 四宫格探索；待用户终审）,,主场景Canvas: SC-06 门站带 返身门站、身份门站与阈限选择 单幅正本 + 四宫格探索；待用户终审,主Canvas有图片直链,04_场景/场景总Canvas.canvas,png,1126,1397,2985122,d09260bec1f50f30904daa2324b353ccaef062fe95f1f86e4bd5f54df4fac52b,PASS_PNG,,沿用原库审核状态；此包不把候选/STAGING提升为定稿
LLL-S-0050,场景库,项目场景资产,场景库图片｜01_五色视觉系统｜SC-07 共鸣庭 v1,文件名与目录层级；未逐张人工视觉描述,02_场景视觉与参考_图片.zip,images/黎黎隆项目/04_场景/01_五色视觉系统/SC-07_共鸣庭/SC-07_共鸣庭_v1.png,黎黎隆项目/04_场景/01_五色视觉系统/SC-07_共鸣庭/SC-07_共鸣庭_v1.png,04_场景/01_五色视觉系统/SC-07_共鸣庭/SC-07_共鸣庭_v1.png,,04_场景/01_五色视觉系统/SC-07_共鸣庭/00_SC四宫格索引.md | 04_场景/01_五色视觉系统/R1-R6_候选审核索引_v1.0.md | 04_场景/01_五色视觉系统/00_路径与验证计划.md,最近目录索引/说明（非逐图直引）,主场景Canvas: 04_场景/场景总Canvas.canvas#sc07_single（邻近文字：SC-07 共鸣庭 多主体逐体同意与可拒绝的共同计划 单幅正本 + 四宫格探索；待用户终审）,,主场景Canvas: SC-07 共鸣庭 多主体逐体同意与可拒绝的共同计划 单幅正本 + 四宫格探索；待用户终审,主Canvas有图片直链,04_场景/场景总Canvas.canvas,png,1672,941,2913873,9a876d0fa3e6fe0b0821362b6e3e1c65296db15756fff329d2e1901ca534e732,PASS_PNG,,沿用原库审核状态；此包不把候选/STAGING提升为定稿
LLL-S-0051,场景库,项目场景资产,场景库图片｜01_五色视觉系统｜SC-07 共鸣庭 四宫格探索 v1,文件名与目录层级；未逐张人工视觉描述,02_场景视觉与参考_图片.zip,images/黎黎隆项目/04_场景/01_五色视觉系统/SC-07_共鸣庭/SC-07_共鸣庭_四宫格探索_v1.png,黎黎隆项目/04_场景/01_五色视觉系统/SC-07_共鸣庭/SC-07_共鸣庭_四宫格探索_v1.png,04_场景/01_五色视觉系统/SC-07_共鸣庭/SC-07_共鸣庭_四宫格探索_v1.png,,04_场景/01_五色视觉系统/SC-07_共鸣庭/00_SC四宫格索引.md | 04_场景/01_五色视觉系统/R1-R6_候选审核索引_v1.0.md | 04_场景/01_五色视觉系统/00_路径与验证计划.md,最近目录索引/说明（非逐图直引）,主场景Canvas: 04_场景/场景总Canvas.canvas#sc07_grid（邻近文字：SC-07 共鸣庭 多主体逐体同意与可拒绝的共同计划 单幅正本 + 四宫格探索；待用户终审）,,主场景Canvas: SC-07 共鸣庭 多主体逐体同意与可拒绝的共同计划 单幅正本 + 四宫格探索；待用户终审,主Canvas有图片直链,04_场景/场景总Canvas.canvas,png,1144,1375,3120307,dcda7d81cb93bd3fdd905c6d8514d5c097a3cc0ae349ef020d9ffdf6842eeec9,PASS_PNG,,沿用原库审核状态；此包不把候选/STAGING提升为定稿
LLL-S-0052,场景库,项目场景资产,场景库图片｜01_五色视觉系统｜SC-07 共鸣庭 四宫格重校 v2,文件名与目录层级；未逐张人工视觉描述,02_场景视觉与参考_图片.zip,images/黎黎隆项目/04_场景/01_五色视觉系统/SC-07_共鸣庭/SC-07_共鸣庭_四宫格重校_v2.png,黎黎隆项目/04_场景/01_五色视觉系统/SC-07_共鸣庭/SC-07_共鸣庭_四宫格重校_v2.png,04_场景/01_五色视觉系统/SC-07_共鸣庭/SC-07_共鸣庭_四宫格重校_v2.png,,04_场景/01_五色视觉系统/SC-07_共鸣庭/00_SC四宫格索引.md | 04_场景/01_五色视觉系统/R1-R6_候选审核索引_v1.0.md | 04_场景/01_五色视觉系统/00_路径与验证计划.md,最近目录索引/说明（非逐图直引）,,,,未找到图片直接节点,04_场景/场景总Canvas.canvas,png,1144,1375,3136337,aad94c3d92e6d1589d54afe1405e3700ddddcde8b9681522632e772b7e80156b,PASS_PNG,,沿用原库审核状态；此包不把候选/STAGING提升为定稿
LLL-S-0053,场景库,项目场景资产,场景库图片｜01_五色视觉系统｜SC-07 共鸣庭 四宫格重校 v3,文件名与目录层级；未逐张人工视觉描述,02_场景视觉与参考_图片.zip,images/黎黎隆项目/04_场景/01_五色视觉系统/SC-07_共鸣庭/SC-07_共鸣庭_四宫格重校_v3.png,黎黎隆项目/04_场景/01_五色视觉系统/SC-07_共鸣庭/SC-07_共鸣庭_四宫格重校_v3.png,04_场景/01_五色视觉系统/SC-07_共鸣庭/SC-07_共鸣庭_四宫格重校_v3.png,,04_场景/01_五色视觉系统/SC-07_共鸣庭/00_SC四宫格索引.md | 04_场景/01_五色视觉系统/R1-R6_候选审核索引_v1.0.md | 04_场景/01_五色视觉系统/00_路径与验证计划.md,最近目录索引/说明（非逐图直引）,主场景Canvas: 04_场景/场景总Canvas.canvas#c4a0e2d89f1b3765（邻近文字：SC-07 共鸣庭 多主体逐体同意与可拒绝的共同计划 单幅正本 + 四宫格探索；待用户终审）,,主场景Canvas: SC-07 共鸣庭 多主体逐体同意与可拒绝的共同计划 单幅正本 + 四宫格探索；待用户终审,主Canvas有图片直链,04_场景/场景总Canvas.canvas,png,1144,1375,3102289,7783561518a51e702470228acf303a07878dde7e9987e241e8db70f2cedebbaf,PASS_PNG,,沿用原库审核状态；此包不把候选/STAGING提升为定稿
LLL-S-0054,场景库,项目场景资产,场景库图片｜01_五色视觉系统｜SC-08 北缘雾路 v1,文件名与目录层级；未逐张人工视觉描述,02_场景视觉与参考_图片.zip,images/黎黎隆项目/04_场景/01_五色视觉系统/SC-08_北缘雾路/SC-08_北缘雾路_v1.png,黎黎隆项目/04_场景/01_五色视觉系统/SC-08_北缘雾路/SC-08_北缘雾路_v1.png,04_场景/01_五色视觉系统/SC-08_北缘雾路/SC-08_北缘雾路_v1.png,,04_场景/01_五色视觉系统/R1-R6_候选审核索引_v1.0.md | 04_场景/01_五色视觉系统/00_路径与验证计划.md | 04_场景/01_五色视觉系统/Canvas结构复核_20260920.md,最近目录索引/说明（非逐图直引）,主场景Canvas: 04_场景/场景总Canvas.canvas#sc08_single（邻近文字：SC-08 北缘雾路 能见度分段、路线来源与复核步道 单幅正本 + 四宫格探索；待用户终审）,,主场景Canvas: SC-08 北缘雾路 能见度分段、路线来源与复核步道 单幅正本 + 四宫格探索；待用户终审,主Canvas有图片直链,04_场景/场景总Canvas.canvas,png,1672,941,2689403,7e1d55e1930aa08a854095deda62fef4a608787ca368ca969c27794248aa53e6,PASS_PNG,,沿用原库审核状态；此包不把候选/STAGING提升为定稿
LLL-S-0055,场景库,项目场景资产,场景库图片｜01_五色视觉系统｜SC-08 北缘雾路 四宫格探索 v1,文件名与目录层级；未逐张人工视觉描述,02_场景视觉与参考_图片.zip,images/黎黎隆项目/04_场景/01_五色视觉系统/SC-08_北缘雾路/SC-08_北缘雾路_四宫格探索_v1.png,黎黎隆项目/04_场景/01_五色视觉系统/SC-08_北缘雾路/SC-08_北缘雾路_四宫格探索_v1.png,04_场景/01_五色视觉系统/SC-08_北缘雾路/SC-08_北缘雾路_四宫格探索_v1.png,,04_场景/01_五色视觉系统/R1-R6_候选审核索引_v1.0.md | 04_场景/01_五色视觉系统/00_路径与验证计划.md | 04_场景/01_五色视觉系统/Canvas结构复核_20260920.md,最近目录索引/说明（非逐图直引）,主场景Canvas: 04_场景/场景总Canvas.canvas#sc08_grid（邻近文字：SC-08 北缘雾路 能见度分段、路线来源与复核步道 单幅正本 + 四宫格探索；待用户终审）,,主场景Canvas: SC-08 北缘雾路 能见度分段、路线来源与复核步道 单幅正本 + 四宫格探索；待用户终审,主Canvas有图片直链,04_场景/场景总Canvas.canvas,png,1126,1397,2832765,f39a746e8b8148216842a632f5acb298f9b72efbe9b95aab7ba1fa46e739dc01,PASS_PNG,,沿用原库审核状态；此包不把候选/STAGING提升为定稿
LLL-S-0056,场景库,项目场景资产,场景库图片｜01_五色视觉系统｜SC-09 生态边缘 四宫格探索 v1,文件名与目录层级；未逐张人工视觉描述,02_场景视觉与参考_图片.zip,images/黎黎隆项目/04_场景/01_五色视觉系统/SC-09_生态边缘/SC-09_生态边缘_四宫格探索_v1.png,黎黎隆项目/04_场景/01_五色视觉系统/SC-09_生态边缘/SC-09_生态边缘_四宫格探索_v1.png,04_场景/01_五色视觉系统/SC-09_生态边缘/SC-09_生态边缘_四宫格探索_v1.png,,04_场景/01_五色视觉系统/SC-09_生态边缘/00_SC四宫格索引.md | 04_场景/01_五色视觉系统/R1-R6_候选审核索引_v1.0.md | 04_场景/01_五色视觉系统/00_路径与验证计划.md,最近目录索引/说明（非逐图直引）,主场景Canvas: 04_场景/场景总Canvas.canvas#sc09_grid（邻近文字：SC-09 生态边缘·活膜共生墙 居民维护边界、修剪协商与共耕区 单幅正本 + 四宫格探索；待用户终审）,,主场景Canvas: SC-09 生态边缘·活膜共生墙 居民维护边界、修剪协商与共耕区 单幅正本 + 四宫格探索；待用户终审,主Canvas有图片直链,04_场景/场景总Canvas.canvas,png,1536,1024,3619668,d15a4b8a7ec5ce39cc43f47ec02318642d21dd44d2ae895eb81539164b5db506,PASS_PNG,,沿用原库审核状态；此包不把候选/STAGING提升为定稿
LLL-S-0057,场景库,项目场景资产,场景库图片｜01_五色视觉系统｜SC-09 生态边缘 四宫格重校 v2,文件名与目录层级；未逐张人工视觉描述,02_场景视觉与参考_图片.zip,images/黎黎隆项目/04_场景/01_五色视觉系统/SC-09_生态边缘/SC-09_生态边缘_四宫格重校_v2.png,黎黎隆项目/04_场景/01_五色视觉系统/SC-09_生态边缘/SC-09_生态边缘_四宫格重校_v2.png,04_场景/01_五色视觉系统/SC-09_生态边缘/SC-09_生态边缘_四宫格重校_v2.png,,04_场景/01_五色视觉系统/SC-09_生态边缘/00_SC四宫格索引.md | 04_场景/01_五色视觉系统/R1-R6_候选审核索引_v1.0.md | 04_场景/01_五色视觉系统/00_路径与验证计划.md,最近目录索引/说明（非逐图直引）,,,,未找到图片直接节点,04_场景/场景总Canvas.canvas,png,1536,1024,3767983,95b988a4088a3f2c72f3a12b191f6b041c725e5ac8b52a456cf383e89f0c606d,PASS_PNG,,沿用原库审核状态；此包不把候选/STAGING提升为定稿
LLL-S-0058,场景库,项目场景资产,场景库图片｜01_五色视觉系统｜SC-09 生态边缘 四宫格重校 v3,文件名与目录层级；未逐张人工视觉描述,02_场景视觉与参考_图片.zip,images/黎黎隆项目/04_场景/01_五色视觉系统/SC-09_生态边缘/SC-09_生态边缘_四宫格重校_v3.png,黎黎隆项目/04_场景/01_五色视觉系统/SC-09_生态边缘/SC-09_生态边缘_四宫格重校_v3.png,04_场景/01_五色视觉系统/SC-09_生态边缘/SC-09_生态边缘_四宫格重校_v3.png,,04_场景/01_五色视觉系统/SC-09_生态边缘/00_SC四宫格索引.md | 04_场景/01_五色视觉系统/R1-R6_候选审核索引_v1.0.md | 04_场景/01_五色视觉系统/00_路径与验证计划.md,最近目录索引/说明（非逐图直引）,主场景Canvas: 04_场景/场景总Canvas.canvas#b7f21e4d90c6a358（邻近文字：ST-01 灰蓝平涂画风候选 Openverse：NOMATCH；3 张 Codex 内部候选待用户挑选。当前均未锁定为正式风格。）,,主场景Canvas: ST-01 灰蓝平涂画风候选 Openverse：NOMATCH；3 张 Codex 内部候选待用户挑选。当前均未锁定为正式风格。,主Canvas有图片直链,04_场景/场景总Canvas.canvas,png,1536,1024,3773226,5e6d14b786c6767b4a2ef979da4cb827421bfa0984a596eaef439dc1c3b8adca,PASS_PNG,,沿用原库审核状态；此包不把候选/STAGING提升为定稿
LLL-S-0059,场景库,项目场景资产,场景库图片｜01_五色视觉系统｜SC-09 生态边缘 活膜共生墙 v1,文件名与目录层级；未逐张人工视觉描述,02_场景视觉与参考_图片.zip,images/黎黎隆项目/04_场景/01_五色视觉系统/SC-09_生态边缘/SC-09_生态边缘_活膜共生墙_v1.png,黎黎隆项目/04_场景/01_五色视觉系统/SC-09_生态边缘/SC-09_生态边缘_活膜共生墙_v1.png,04_场景/01_五色视觉系统/SC-09_生态边缘/SC-09_生态边缘_活膜共生墙_v1.png,,04_场景/01_五色视觉系统/SC-09_生态边缘/00_SC四宫格索引.md | 04_场景/01_五色视觉系统/R1-R6_候选审核索引_v1.0.md | 04_场景/01_五色视觉系统/00_路径与验证计划.md,最近目录索引/说明（非逐图直引）,主场景Canvas: 04_场景/场景总Canvas.canvas#sc09_single（邻近文字：SC-09 生态边缘·活膜共生墙 居民维护边界、修剪协商与共耕区 单幅正本 + 四宫格探索；待用户终审）,,主场景Canvas: SC-09 生态边缘·活膜共生墙 居民维护边界、修剪协商与共耕区 单幅正本 + 四宫格探索；待用户终审,主Canvas有图片直链,04_场景/场景总Canvas.canvas,png,1672,941,3270001,165283b0c2e2aa69ed13c3a8fca2e1c8d314970d2f32b44c244232b39f68a8bf,PASS_PNG,,沿用原库审核状态；此包不把候选/STAGING提升为定稿
LLL-S-0060,场景库,项目场景资产,场景库图片｜01_五色视觉系统｜SC-10 东裂隙带 v1,文件名与目录层级；未逐张人工视觉描述,02_场景视觉与参考_图片.zip,images/黎黎隆项目/04_场景/01_五色视觉系统/SC-10_东裂隙带/SC-10_东裂隙带_v1.png,黎黎隆项目/04_场景/01_五色视觉系统/SC-10_东裂隙带/SC-10_东裂隙带_v1.png,04_场景/01_五色视觉系统/SC-10_东裂隙带/SC-10_东裂隙带_v1.png,,04_场景/01_五色视觉系统/R1-R6_候选审核索引_v1.0.md | 04_场景/01_五色视觉系统/00_路径与验证计划.md | 04_场景/01_五色视觉系统/Canvas结构复核_20260920.md,最近目录索引/说明（非逐图直引）,主场景Canvas: 04_场景/场景总Canvas.canvas#sc10_single（邻近文字：SC-10 东裂隙带 测线、现场核验、旧墙檐与撤退路线 单幅正本 + 四宫格探索；待用户终审）,,主场景Canvas: SC-10 东裂隙带 测线、现场核验、旧墙檐与撤退路线 单幅正本 + 四宫格探索；待用户终审,主Canvas有图片直链,04_场景/场景总Canvas.canvas,png,1672,941,2778975,75d719c08aaadd630bdbe4be77d1f993be98dda8a99c2dbfdce74175f0ea54f8,PASS_PNG,,沿用原库审核状态；此包不把候选/STAGING提升为定稿
LLL-S-0061,场景库,项目场景资产,场景库图片｜01_五色视觉系统｜SC-10 东裂隙带 四宫格探索 v1,文件名与目录层级；未逐张人工视觉描述,02_场景视觉与参考_图片.zip,images/黎黎隆项目/04_场景/01_五色视觉系统/SC-10_东裂隙带/SC-10_东裂隙带_四宫格探索_v1.png,黎黎隆项目/04_场景/01_五色视觉系统/SC-10_东裂隙带/SC-10_东裂隙带_四宫格探索_v1.png,04_场景/01_五色视觉系统/SC-10_东裂隙带/SC-10_东裂隙带_四宫格探索_v1.png,,04_场景/01_五色视觉系统/R1-R6_候选审核索引_v1.0.md | 04_场景/01_五色视觉系统/00_路径与验证计划.md | 04_场景/01_五色视觉系统/Canvas结构复核_20260920.md,最近目录索引/说明（非逐图直引）,主场景Canvas: 04_场景/场景总Canvas.canvas#sc10_grid（邻近文字：SC-10 东裂隙带 测线、现场核验、旧墙檐与撤退路线 单幅正本 + 四宫格探索；待用户终审）,,主场景Canvas: SC-10 东裂隙带 测线、现场核验、旧墙檐与撤退路线 单幅正本 + 四宫格探索；待用户终审,主Canvas有图片直链,04_场景/场景总Canvas.canvas,png,1448,1086,3371413,5129bd5c629290960d9ca386bd230cd31c9ab7ea8fe3b3337a04d712c540eb39,PASS_PNG,,沿用原库审核状态；此包不把候选/STAGING提升为定稿
LLL-S-0062,场景库,项目场景资产,场景库图片｜01_五色视觉系统｜SC-12 塔站登记大厅 四宫格候选,文件名与目录层级；未逐张人工视觉描述,02_场景视觉与参考_图片.zip,images/黎黎隆项目/04_场景/01_五色视觉系统/SC-12_塔站登记大厅/SC-12_塔站登记大厅_四宫格候选.png,黎黎隆项目/04_场景/01_五色视觉系统/SC-12_塔站登记大厅/SC-12_塔站登记大厅_四宫格候选.png,04_场景/01_五色视觉系统/SC-12_塔站登记大厅/SC-12_塔站登记大厅_四宫格候选.png,,04_场景/01_五色视觉系统/SC-12_塔站登记大厅/00_SC四宫格索引.md | 04_场景/01_五色视觉系统/R1-R6_候选审核索引_v1.0.md | 04_场景/01_五色视觉系统/00_路径与验证计划.md,最近目录索引/说明（非逐图直引）,主场景Canvas: 04_场景/场景总Canvas.canvas#fc12000000000003（邻近文字：SC-12｜O1 塔站·登记大厅 主导色：墨青 142A34 管风琴管线立面、可拆检修门、每人一格的拆装记录墙。候选，待用户验收。） | 主场景Canvas: 04_场景/场景总Canvas.canvas#fc12000000000005（邻近文字：SC-13 O6青色商会签约室 青绿主导 · 地区轴候选见右侧）,,主场景Canvas: SC-12｜O1 塔站·登记大厅 主导色：墨青 142A34 管风琴管线立面、可拆检修门、每人一格的拆装记录墙。候选，待用户验收。 | 主场景Canvas: SC-13 O6青色商会签约室 青绿主导 · 地区轴候选见右侧,主Canvas有图片直链,04_场景/场景总Canvas.canvas,png,1536,1024,2818060,b940cdd10413ca8c1c11e67c86d1e13c9de9378d1427789ca655e44025fd6a06,PASS_PNG,,沿用原库审核状态；此包不把候选/STAGING提升为定稿
LLL-S-0063,场景库,项目场景资产,场景库图片｜01_五色视觉系统｜SC-13 青色商会签约室 四宫格候选,文件名与目录层级；未逐张人工视觉描述,02_场景视觉与参考_图片.zip,images/黎黎隆项目/04_场景/01_五色视觉系统/SC-13_青色商会签约室/SC-13_青色商会签约室_四宫格候选.png,黎黎隆项目/04_场景/01_五色视觉系统/SC-13_青色商会签约室/SC-13_青色商会签约室_四宫格候选.png,04_场景/01_五色视觉系统/SC-13_青色商会签约室/SC-13_青色商会签约室_四宫格候选.png,,04_场景/01_五色视觉系统/SC-13_青色商会签约室/00_SC四宫格索引.md | 04_场景/01_五色视觉系统/R1-R6_候选审核索引_v1.0.md | 04_场景/01_五色视觉系统/00_路径与验证计划.md,最近目录索引/说明（非逐图直引）,主场景Canvas: 04_场景/场景总Canvas.canvas#fc13000000000003（邻近文字：SC-13｜O6 青色商会·签约室 主导色：青绿 69D4CE 无窗玻璃盒、门即界面、桌面即合同界面。候选，待用户验收。） | 主场景Canvas: 04_场景/场景总Canvas.canvas#fc13000000000005（邻近文字：SC-13 O6青色商会签约室 青绿主导 · 地区轴候选见右侧）,,主场景Canvas: SC-13｜O6 青色商会·签约室 主导色：青绿 69D4CE 无窗玻璃盒、门即界面、桌面即合同界面。候选，待用户验收。 | 主场景Canvas: SC-13 O6青色商会签约室 青绿主导 · 地区轴候选见右侧,主Canvas有图片直链,04_场景/场景总Canvas.canvas,png,1536,1024,2337086,d5dd9400e88533aa648c1b5e7210946c399073d705c2e7ea37a1b2f573df7a64,PASS_PNG,,沿用原库审核状态；此包不把候选/STAGING提升为定稿
LLL-S-0064,场景库,项目场景资产,场景库图片｜01_五色视觉系统｜SC-14 锚港离船权碑 四宫格候选,文件名与目录层级；未逐张人工视觉描述,02_场景视觉与参考_图片.zip,images/黎黎隆项目/04_场景/01_五色视觉系统/SC-14_锚港离船权碑/SC-14_锚港离船权碑_四宫格候选.png,黎黎隆项目/04_场景/01_五色视觉系统/SC-14_锚港离船权碑/SC-14_锚港离船权碑_四宫格候选.png,04_场景/01_五色视觉系统/SC-14_锚港离船权碑/SC-14_锚港离船权碑_四宫格候选.png,,04_场景/01_五色视觉系统/SC-14_锚港离船权碑/00_SC四宫格索引.md | 04_场景/01_五色视觉系统/R1-R6_候选审核索引_v1.0.md | 04_场景/01_五色视觉系统/00_路径与验证计划.md,最近目录索引/说明（非逐图直引）,,,,未找到图片直接节点,04_场景/场景总Canvas.canvas,png,1536,1024,3207384,697d42fcda45dde0f61c1cc95a6c6a458dd28534559111942874bc6140bf1942,PASS_PNG,,沿用原库审核状态；此包不把候选/STAGING提升为定稿
LLL-S-0065,场景库,项目场景资产,场景库图片｜01_五色视觉系统｜SC-15 裁决厅 四宫格候选,文件名与目录层级；未逐张人工视觉描述,02_场景视觉与参考_图片.zip,images/黎黎隆项目/04_场景/01_五色视觉系统/SC-15_裁决厅/SC-15_裁决厅_四宫格候选.png,黎黎隆项目/04_场景/01_五色视觉系统/SC-15_裁决厅/SC-15_裁决厅_四宫格候选.png,04_场景/01_五色视觉系统/SC-15_裁决厅/SC-15_裁决厅_四宫格候选.png,,04_场景/01_五色视觉系统/SC-15_裁决厅/00_SC四宫格索引.md | 04_场景/01_五色视觉系统/R1-R6_候选审核索引_v1.0.md | 04_场景/01_五色视觉系统/00_路径与验证计划.md,最近目录索引/说明（非逐图直引）,,,,未找到图片直接节点,04_场景/场景总Canvas.canvas,png,1536,1024,2549155,cdc379994c1b7fa80b9d97346b4db24c1828b94aa096757c00895750d061747c,PASS_PNG,,沿用原库审核状态；此包不把候选/STAGING提升为定稿
LLL-S-0066,场景库,项目场景资产,场景库图片｜01_五色视觉系统｜SC-16 哑区 四宫格候选,文件名与目录层级；未逐张人工视觉描述,02_场景视觉与参考_图片.zip,images/黎黎隆项目/04_场景/01_五色视觉系统/SC-16_哑区/SC-16_哑区_四宫格候选.png,黎黎隆项目/04_场景/01_五色视觉系统/SC-16_哑区/SC-16_哑区_四宫格候选.png,04_场景/01_五色视觉系统/SC-16_哑区/SC-16_哑区_四宫格候选.png,,04_场景/01_五色视觉系统/SC-16_哑区/00_SC四宫格索引.md | 04_场景/01_五色视觉系统/R1-R6_候选审核索引_v1.0.md | 04_场景/01_五色视觉系统/00_路径与验证计划.md,最近目录索引/说明（非逐图直引）,,,,未找到图片直接节点,04_场景/场景总Canvas.canvas,png,1536,1024,2650759,58c21797163e4eab1568db75955b0668ee6de39ca2ed42edcd6dea5e4b69fae4,PASS_PNG,,沿用原库审核状态；此包不把候选/STAGING提升为定稿
LLL-S-0067,场景库,项目场景资产,场景库图片｜01_五色视觉系统｜SC-01 白骨营地 骨环广场 v1,文件名与目录层级；未逐张人工视觉描述,02_场景视觉与参考_图片.zip,images/黎黎隆项目/04_场景/01_五色视觉系统/白骨营地/SC-01_白骨营地_骨环广场_v1.png,黎黎隆项目/04_场景/01_五色视觉系统/白骨营地/SC-01_白骨营地_骨环广场_v1.png,04_场景/01_五色视觉系统/白骨营地/SC-01_白骨营地_骨环广场_v1.png,,04_场景/01_五色视觉系统/R1-R6_候选审核索引_v1.0.md | 04_场景/01_五色视觉系统/00_路径与验证计划.md | 04_场景/01_五色视觉系统/Canvas结构复核_20260920.md,最近目录索引/说明（非逐图直引）,主场景Canvas: 04_场景/场景总Canvas.canvas#sc01_single（邻近文字：SC-01 白骨营地·骨环广场 R2 原型场：夺路 / 回返起点 单幅正本 + 四宫格探索板；用户初审：效果很好）,,主场景Canvas: SC-01 白骨营地·骨环广场 R2 原型场：夺路 / 回返起点 单幅正本 + 四宫格探索板；用户初审：效果很好,主Canvas有图片直链,04_场景/场景总Canvas.canvas,png,1672,941,2806073,d21bd19ce14929832ce2a9acabf2f9214197b0b763028ec98f134c67869f6a74,PASS_PNG,,沿用原库审核状态；此包不把候选/STAGING提升为定稿
LLL-S-0068,场景库,项目场景资产,场景库图片｜01_五色视觉系统｜SC-01 白骨营地 骨环广场 四宫格探索 v1,文件名与目录层级；未逐张人工视觉描述,02_场景视觉与参考_图片.zip,images/黎黎隆项目/04_场景/01_五色视觉系统/白骨营地/SC-01_白骨营地_骨环广场_四宫格探索_v1.png,黎黎隆项目/04_场景/01_五色视觉系统/白骨营地/SC-01_白骨营地_骨环广场_四宫格探索_v1.png,04_场景/01_五色视觉系统/白骨营地/SC-01_白骨营地_骨环广场_四宫格探索_v1.png,,04_场景/01_五色视觉系统/R1-R6_候选审核索引_v1.0.md | 04_场景/01_五色视觉系统/00_路径与验证计划.md | 04_场景/01_五色视觉系统/Canvas结构复核_20260920.md,最近目录索引/说明（非逐图直引）,主场景Canvas: 04_场景/场景总Canvas.canvas#sc01_grid（邻近文字：视觉三定律 1. 五色合成：所有色溯源母色 2. 验收五问（换普通中世纪人成立=失败） 3. 能量=颜色=立场 暗红不铺满 / 青绿=接口灯光 灰紫=活体膜 / 淡青灰=雾与留白）,,主场景Canvas: 视觉三定律 1. 五色合成：所有色溯源母色 2. 验收五问（换普通中世纪人成立=失败） 3. 能量=颜色=立场 暗红不铺满 / 青绿=接口灯光 灰紫=活体膜 / 淡青灰=雾与留白,主Canvas有图片直链,04_场景/场景总Canvas.canvas,png,1672,941,3227868,c1341303e631beeaa1498fe3c2bc41288539a95f9ea249aa2bae33fb28d5ad74,PASS_PNG,,沿用原库审核状态；此包不把候选/STAGING提升为定稿
LLL-S-0069,场景库,项目场景资产,场景库图片｜01_五色视觉系统｜D02-01 机械空港 小和尚 六种空间分布 v1,文件名与目录层级；未逐张人工视觉描述,02_场景视觉与参考_图片.zip,images/黎黎隆项目/04_场景/01_五色视觉系统/补充实验/02_空间分布/assets/D02-01_机械空港_小和尚_六种空间分布_v1.png,黎黎隆项目/04_场景/01_五色视觉系统/补充实验/02_空间分布/assets/D02-01_机械空港_小和尚_六种空间分布_v1.png,04_场景/01_五色视觉系统/补充实验/02_空间分布/assets/D02-01_机械空港_小和尚_六种空间分布_v1.png,04_场景/01_五色视觉系统/GitHub网页审核入口_v1.0.md,04_场景/01_五色视觉系统/GitHub网页审核入口_v1.0.md,Markdown直接引用,,,,未找到图片直接节点,04_场景/场景总Canvas.canvas,png,2172,724,2521233,62b70de8ad7c78b4a188ad6a5aaccfb4dce1e6150537d92dd4cecd9e5df0794c,PASS_PNG,黎黎隆项目/04_场景/02_场景资产图包/07_补充实验/D02-01_机械空港_小和尚_六种空间分布_v1.png,沿用原库审核状态；此包不把候选/STAGING提升为定稿
LLL-S-0070,场景库,项目场景资产,场景库图片｜01_五色视觉系统｜A03-01 机械空港 小和尚 面积压力对照板 v1,文件名与目录层级；未逐张人工视觉描述,02_场景视觉与参考_图片.zip,images/黎黎隆项目/04_场景/01_五色视觉系统/补充实验/03_面积上限/assets/A03-01_机械空港_小和尚_面积压力对照板_v1.png,黎黎隆项目/04_场景/01_五色视觉系统/补充实验/03_面积上限/assets/A03-01_机械空港_小和尚_面积压力对照板_v1.png,04_场景/01_五色视觉系统/补充实验/03_面积上限/assets/A03-01_机械空港_小和尚_面积压力对照板_v1.png,04_场景/01_五色视觉系统/GitHub网页审核入口_v1.0.md,04_场景/01_五色视觉系统/GitHub网页审核入口_v1.0.md,Markdown直接引用,,,,未找到图片直接节点,04_场景/场景总Canvas.canvas,png,2172,724,2482713,39177a182a8f41ecb1770997e508e2bbc82175607a7ac9bb2e6c963506b9f467,PASS_PNG,黎黎隆项目/04_场景/02_场景资产图包/07_补充实验/A03-01_机械空港_小和尚_面积压力对照板_v1.png,沿用原库审核状态；此包不把候选/STAGING提升为定稿
LLL-S-0071,场景库,项目场景资产,场景库图片｜01_五色视觉系统｜A03-02 机械空港 小和尚 灰紫中面积单图 v1,文件名与目录层级；未逐张人工视觉描述,02_场景视觉与参考_图片.zip,images/黎黎隆项目/04_场景/01_五色视觉系统/补充实验/03_面积上限/assets/A03-02_机械空港_小和尚_灰紫中面积单图_v1.png,黎黎隆项目/04_场景/01_五色视觉系统/补充实验/03_面积上限/assets/A03-02_机械空港_小和尚_灰紫中面积单图_v1.png,04_场景/01_五色视觉系统/补充实验/03_面积上限/assets/A03-02_机械空港_小和尚_灰紫中面积单图_v1.png,,04_场景/01_五色视觉系统/补充实验/颜色构成补充实验_顺序4-2-3-1_v1.0.md | 04_场景/01_五色视觉系统/R1-R6_候选审核索引_v1.0.md | 04_场景/01_五色视觉系统/00_路径与验证计划.md,最近目录索引/说明（非逐图直引）,,,,未找到图片直接节点,04_场景/场景总Canvas.canvas,png,1672,941,3011994,bf3b57e336930cc58d5ed967c93a6c188f6e67ee84eb61ff2b7734c1444371a3,PASS_PNG,黎黎隆项目/04_场景/02_场景资产图包/07_补充实验/A03-02_机械空港_小和尚_灰紫中面积单图_v1.png,沿用原库审核状态；此包不把候选/STAGING提升为定稿
LLL-S-0072,场景库,项目场景资产,场景库图片｜01_五色视觉系统｜A03-02 机械空港 小和尚 灰紫低中高面积对照 v1,文件名与目录层级；未逐张人工视觉描述,02_场景视觉与参考_图片.zip,images/黎黎隆项目/04_场景/01_五色视觉系统/补充实验/03_面积上限/assets/A03-02_机械空港_小和尚_灰紫低中高面积对照_v1.png,黎黎隆项目/04_场景/01_五色视觉系统/补充实验/03_面积上限/assets/A03-02_机械空港_小和尚_灰紫低中高面积对照_v1.png,04_场景/01_五色视觉系统/补充实验/03_面积上限/assets/A03-02_机械空港_小和尚_灰紫低中高面积对照_v1.png,,04_场景/01_五色视觉系统/补充实验/颜色构成补充实验_顺序4-2-3-1_v1.0.md | 04_场景/01_五色视觉系统/R1-R6_候选审核索引_v1.0.md | 04_场景/01_五色视觉系统/00_路径与验证计划.md,最近目录索引/说明（非逐图直引）,,,,未找到图片直接节点,04_场景/场景总Canvas.canvas,png,2172,724,2471241,144b65681dbf4f6661aad3be93d76cd67223b161bd9a5c4d6d3db2b28b19448b,PASS_PNG,黎黎隆项目/04_场景/02_场景资产图包/07_补充实验/A03-02_机械空港_小和尚_灰紫低中高面积对照_v1.png,沿用原库审核状态；此包不把候选/STAGING提升为定稿
LLL-S-0073,场景库,项目场景资产,场景库图片｜01_五色视觉系统｜A03-02 机械空港 小和尚 灰紫低档单图 v2,文件名与目录层级；未逐张人工视觉描述,02_场景视觉与参考_图片.zip,images/黎黎隆项目/04_场景/01_五色视觉系统/补充实验/03_面积上限/assets/A03-02_机械空港_小和尚_灰紫低档单图_v2.png,黎黎隆项目/04_场景/01_五色视觉系统/补充实验/03_面积上限/assets/A03-02_机械空港_小和尚_灰紫低档单图_v2.png,04_场景/01_五色视觉系统/补充实验/03_面积上限/assets/A03-02_机械空港_小和尚_灰紫低档单图_v2.png,,04_场景/01_五色视觉系统/补充实验/颜色构成补充实验_顺序4-2-3-1_v1.0.md | 04_场景/01_五色视觉系统/R1-R6_候选审核索引_v1.0.md | 04_场景/01_五色视觉系统/00_路径与验证计划.md,最近目录索引/说明（非逐图直引）,,,,未找到图片直接节点,04_场景/场景总Canvas.canvas,png,1672,941,2390248,e2f59a4db0788430a75b310e1200cae7a1ee018c26aa929ee85fb24a1fd19df0,PASS_PNG,黎黎隆项目/04_场景/02_场景资产图包/07_补充实验/A03-02_机械空港_小和尚_灰紫低档单图_v2.png,沿用原库审核状态；此包不把候选/STAGING提升为定稿
LLL-S-0074,场景库,项目场景资产,场景库图片｜01_五色视觉系统｜A03-02 机械空港 小和尚 灰紫低档单图 v3 低技术版,文件名与目录层级；未逐张人工视觉描述,02_场景视觉与参考_图片.zip,images/黎黎隆项目/04_场景/01_五色视觉系统/补充实验/03_面积上限/assets/A03-02_机械空港_小和尚_灰紫低档单图_v3_低技术版.png,黎黎隆项目/04_场景/01_五色视觉系统/补充实验/03_面积上限/assets/A03-02_机械空港_小和尚_灰紫低档单图_v3_低技术版.png,04_场景/01_五色视觉系统/补充实验/03_面积上限/assets/A03-02_机械空港_小和尚_灰紫低档单图_v3_低技术版.png,,04_场景/01_五色视觉系统/补充实验/颜色构成补充实验_顺序4-2-3-1_v1.0.md | 04_场景/01_五色视觉系统/R1-R6_候选审核索引_v1.0.md | 04_场景/01_五色视觉系统/00_路径与验证计划.md,最近目录索引/说明（非逐图直引）,,,,未找到图片直接节点,04_场景/场景总Canvas.canvas,png,1672,941,2887873,6ff80c609d9980336ff1ec478b77dd8642a4b5362d631d82fa20a3796d117df0,PASS_PNG,黎黎隆项目/04_场景/02_场景资产图包/07_补充实验/A03-02_机械空港_小和尚_灰紫低档单图_v3_低技术版.png,沿用原库审核状态；此包不把候选/STAGING提升为定稿
LLL-S-0075,场景库,项目场景资产,场景库图片｜01_五色视觉系统｜A03-02 机械空港 小和尚 灰紫高面积单图 v1,文件名与目录层级；未逐张人工视觉描述,02_场景视觉与参考_图片.zip,images/黎黎隆项目/04_场景/01_五色视觉系统/补充实验/03_面积上限/assets/A03-02_机械空港_小和尚_灰紫高面积单图_v1.png,黎黎隆项目/04_场景/01_五色视觉系统/补充实验/03_面积上限/assets/A03-02_机械空港_小和尚_灰紫高面积单图_v1.png,04_场景/01_五色视觉系统/补充实验/03_面积上限/assets/A03-02_机械空港_小和尚_灰紫高面积单图_v1.png,,04_场景/01_五色视觉系统/补充实验/颜色构成补充实验_顺序4-2-3-1_v1.0.md | 04_场景/01_五色视觉系统/R1-R6_候选审核索引_v1.0.md | 04_场景/01_五色视觉系统/00_路径与验证计划.md,最近目录索引/说明（非逐图直引）,,,,未找到图片直接节点,04_场景/场景总Canvas.canvas,png,1672,941,3063875,1ab414bdf7ab59fd86e3ff6da300a7d95c0b67c33dd5cb4eb9ef3a479e99e13f,PASS_PNG,黎黎隆项目/04_场景/02_场景资产图包/07_补充实验/A03-02_机械空港_小和尚_灰紫高面积单图_v1.png,沿用原库审核状态；此包不把候选/STAGING提升为定稿
LLL-S-0076,场景库,项目场景资产,场景库图片｜01_五色视觉系统｜A03-03 机械空港 小和尚 暗红低面积单图 v1,文件名与目录层级；未逐张人工视觉描述,02_场景视觉与参考_图片.zip,images/黎黎隆项目/04_场景/01_五色视觉系统/补充实验/03_面积上限/assets/A03-03_机械空港_小和尚_暗红低面积单图_v1.png,黎黎隆项目/04_场景/01_五色视觉系统/补充实验/03_面积上限/assets/A03-03_机械空港_小和尚_暗红低面积单图_v1.png,04_场景/01_五色视觉系统/补充实验/03_面积上限/assets/A03-03_机械空港_小和尚_暗红低面积单图_v1.png,,04_场景/01_五色视觉系统/补充实验/颜色构成补充实验_顺序4-2-3-1_v1.0.md | 04_场景/01_五色视觉系统/R1-R6_候选审核索引_v1.0.md | 04_场景/01_五色视觉系统/00_路径与验证计划.md,最近目录索引/说明（非逐图直引）,,,,未找到图片直接节点,04_场景/场景总Canvas.canvas,png,1672,941,2972946,60f8d8d86eacee862873f8ec12f43b2e8036eeea203184e2725462671af8a02f,PASS_PNG,黎黎隆项目/04_场景/02_场景资产图包/07_补充实验/A03-03_机械空港_小和尚_暗红低面积单图_v1.png,沿用原库审核状态；此包不把候选/STAGING提升为定稿
LLL-S-0077,场景库,项目场景资产,场景库图片｜01_五色视觉系统｜A03-03 机械空港 小和尚 暗红高面积单图 v1,文件名与目录层级；未逐张人工视觉描述,02_场景视觉与参考_图片.zip,images/黎黎隆项目/04_场景/01_五色视觉系统/补充实验/03_面积上限/assets/A03-03_机械空港_小和尚_暗红高面积单图_v1.png,黎黎隆项目/04_场景/01_五色视觉系统/补充实验/03_面积上限/assets/A03-03_机械空港_小和尚_暗红高面积单图_v1.png,04_场景/01_五色视觉系统/补充实验/03_面积上限/assets/A03-03_机械空港_小和尚_暗红高面积单图_v1.png,,04_场景/01_五色视觉系统/补充实验/颜色构成补充实验_顺序4-2-3-1_v1.0.md | 04_场景/01_五色视觉系统/R1-R6_候选审核索引_v1.0.md | 04_场景/01_五色视觉系统/00_路径与验证计划.md,最近目录索引/说明（非逐图直引）,,,,未找到图片直接节点,04_场景/场景总Canvas.canvas,png,1672,941,3085662,b764f5ba61cf0431776b2c9f6e67db9993754decd06c2a055cabca4163c9ae0d,PASS_PNG,黎黎隆项目/04_场景/02_场景资产图包/07_补充实验/A03-03_机械空港_小和尚_暗红高面积单图_v1.png,沿用原库审核状态；此包不把候选/STAGING提升为定稿
LLL-S-0078,场景库,项目场景资产,场景库图片｜01_五色视觉系统｜M04-01 机械空港 小和尚 同色五材质对照板 v1,文件名与目录层级；未逐张人工视觉描述,02_场景视觉与参考_图片.zip,images/黎黎隆项目/04_场景/01_五色视觉系统/补充实验/04_材质跨材质/assets/M04-01_机械空港_小和尚_同色五材质对照板_v1.png,黎黎隆项目/04_场景/01_五色视觉系统/补充实验/04_材质跨材质/assets/M04-01_机械空港_小和尚_同色五材质对照板_v1.png,04_场景/01_五色视觉系统/补充实验/04_材质跨材质/assets/M04-01_机械空港_小和尚_同色五材质对照板_v1.png,04_场景/01_五色视觉系统/GitHub网页审核入口_v1.0.md,04_场景/01_五色视觉系统/GitHub网页审核入口_v1.0.md,Markdown直接引用,,,,未找到图片直接节点,04_场景/场景总Canvas.canvas,png,2145,733,2616231,ac6e12943bf1ab693447fe435b43a1ea40c1ad2361ed769bc50e2060a34857cb,PASS_PNG,黎黎隆项目/04_场景/02_场景资产图包/07_补充实验/M04-01_机械空港_小和尚_同色五材质对照板_v1.png,沿用原库审核状态；此包不把候选/STAGING提升为定稿
LLL-S-0079,场景库,项目场景资产,场景库图片｜01_五色视觉系统｜P00-C01 青蓝绿 唯一门洞导航线 v1,文件名与目录层级；未逐张人工视觉描述,02_场景视觉与参考_图片.zip,images/黎黎隆项目/04_场景/01_五色视觉系统/补充实验/05_具象化映像/assets/P00-C01_青蓝绿_唯一门洞导航线_v1.png,黎黎隆项目/04_场景/01_五色视觉系统/补充实验/05_具象化映像/assets/P00-C01_青蓝绿_唯一门洞导航线_v1.png,04_场景/01_五色视觉系统/补充实验/05_具象化映像/assets/P00-C01_青蓝绿_唯一门洞导航线_v1.png,,04_场景/01_五色视觉系统/补充实验/05_具象化映像/颜色具象化映像发散库_v1.0.md | 04_场景/01_五色视觉系统/补充实验/颜色构成补充实验_顺序4-2-3-1_v1.0.md | 04_场景/01_五色视觉系统/R1-R6_候选审核索引_v1.0.md,最近目录索引/说明（非逐图直引）,,其他Canvas: 04_场景/01_五色视觉系统/补充实验/05_具象化映像/P00_颜色具象化映像_15张实验_v1.0.canvas#b200000000000010,,仅其他Canvas有图片直链,04_场景/场景总Canvas.canvas,png,1672,941,2345295,c4941cd175692ea7660dace2b788b8075a3a7905ccebf5577e1653efbf9a4b41,PASS_PNG,黎黎隆项目/04_场景/02_场景资产图包/07_补充实验/P00-C01_青蓝绿_唯一门洞导航线_v1.png,沿用原库审核状态；此包不把候选/STAGING提升为定稿
LLL-S-0080,场景库,项目场景资产,场景库图片｜01_五色视觉系统｜P00-C02 青蓝绿 齿轮软管小泵 v1,文件名与目录层级；未逐张人工视觉描述,02_场景视觉与参考_图片.zip,images/黎黎隆项目/04_场景/01_五色视觉系统/补充实验/05_具象化映像/assets/P00-C02_青蓝绿_齿轮软管小泵_v1.png,黎黎隆项目/04_场景/01_五色视觉系统/补充实验/05_具象化映像/assets/P00-C02_青蓝绿_齿轮软管小泵_v1.png,04_场景/01_五色视觉系统/补充实验/05_具象化映像/assets/P00-C02_青蓝绿_齿轮软管小泵_v1.png,,04_场景/01_五色视觉系统/补充实验/05_具象化映像/颜色具象化映像发散库_v1.0.md | 04_场景/01_五色视觉系统/补充实验/颜色构成补充实验_顺序4-2-3-1_v1.0.md | 04_场景/01_五色视觉系统/R1-R6_候选审核索引_v1.0.md,最近目录索引/说明（非逐图直引）,,其他Canvas: 04_场景/01_五色视觉系统/补充实验/05_具象化映像/P00_颜色具象化映像_15张实验_v1.0.canvas#b200000000000011,,仅其他Canvas有图片直链,04_场景/场景总Canvas.canvas,png,1672,941,2751480,008556b853c6698b014098329abdb4f666f6efffcc143eee5f3857d0120cc58c,PASS_PNG,黎黎隆项目/04_场景/02_场景资产图包/07_补充实验/P00-C02_青蓝绿_齿轮软管小泵_v1.png,沿用原库审核状态；此包不把候选/STAGING提升为定稿
LLL-S-0081,场景库,项目场景资产,场景库图片｜01_五色视觉系统｜P00-C03 青蓝绿 接通后回路亮起 v1,文件名与目录层级；未逐张人工视觉描述,02_场景视觉与参考_图片.zip,images/黎黎隆项目/04_场景/01_五色视觉系统/补充实验/05_具象化映像/assets/P00-C03_青蓝绿_接通后回路亮起_v1.png,黎黎隆项目/04_场景/01_五色视觉系统/补充实验/05_具象化映像/assets/P00-C03_青蓝绿_接通后回路亮起_v1.png,04_场景/01_五色视觉系统/补充实验/05_具象化映像/assets/P00-C03_青蓝绿_接通后回路亮起_v1.png,,04_场景/01_五色视觉系统/补充实验/05_具象化映像/颜色具象化映像发散库_v1.0.md | 04_场景/01_五色视觉系统/补充实验/颜色构成补充实验_顺序4-2-3-1_v1.0.md | 04_场景/01_五色视觉系统/R1-R6_候选审核索引_v1.0.md,最近目录索引/说明（非逐图直引）,,其他Canvas: 04_场景/01_五色视觉系统/补充实验/05_具象化映像/P00_颜色具象化映像_15张实验_v1.0.canvas#b200000000000012,,仅其他Canvas有图片直链,04_场景/场景总Canvas.canvas,png,1672,941,2401789,2866428a19e249ae548b6dfb7f3653c2be3bfb6a054cd594dd105a0b2ec3a108,PASS_PNG,黎黎隆项目/04_场景/02_场景资产图包/07_补充实验/P00-C03_青蓝绿_接通后回路亮起_v1.png,沿用原库审核状态；此包不把候选/STAGING提升为定稿
LLL-S-0082,场景库,项目场景资产,场景库图片｜01_五色视觉系统｜P00-D01 深墨青 尾部第三支点 v1,文件名与目录层级；未逐张人工视觉描述,02_场景视觉与参考_图片.zip,images/黎黎隆项目/04_场景/01_五色视觉系统/补充实验/05_具象化映像/assets/P00-D01_深墨青_尾部第三支点_v1.png,黎黎隆项目/04_场景/01_五色视觉系统/补充实验/05_具象化映像/assets/P00-D01_深墨青_尾部第三支点_v1.png,04_场景/01_五色视觉系统/补充实验/05_具象化映像/assets/P00-D01_深墨青_尾部第三支点_v1.png,,04_场景/01_五色视觉系统/补充实验/05_具象化映像/颜色具象化映像发散库_v1.0.md | 04_场景/01_五色视觉系统/补充实验/颜色构成补充实验_顺序4-2-3-1_v1.0.md | 04_场景/01_五色视觉系统/R1-R6_候选审核索引_v1.0.md,最近目录索引/说明（非逐图直引）,,其他Canvas: 04_场景/01_五色视觉系统/补充实验/05_具象化映像/P00_颜色具象化映像_15张实验_v1.0.canvas#b200000000000001,,仅其他Canvas有图片直链,04_场景/场景总Canvas.canvas,png,1672,941,2527876,5b0529f4ca589bd8e150810fcf986f451466be716c890ed46560d6d781acd90f,PASS_PNG,黎黎隆项目/04_场景/02_场景资产图包/07_补充实验/P00-D01_深墨青_尾部第三支点_v1.png,沿用原库审核状态；此包不把候选/STAGING提升为定稿
LLL-S-0083,场景库,项目场景资产,场景库图片｜01_五色视觉系统｜P00-D02 深墨青 树根顶起旧车架 v1,文件名与目录层级；未逐张人工视觉描述,02_场景视觉与参考_图片.zip,images/黎黎隆项目/04_场景/01_五色视觉系统/补充实验/05_具象化映像/assets/P00-D02_深墨青_树根顶起旧车架_v1.png,黎黎隆项目/04_场景/01_五色视觉系统/补充实验/05_具象化映像/assets/P00-D02_深墨青_树根顶起旧车架_v1.png,04_场景/01_五色视觉系统/补充实验/05_具象化映像/assets/P00-D02_深墨青_树根顶起旧车架_v1.png,,04_场景/01_五色视觉系统/补充实验/05_具象化映像/颜色具象化映像发散库_v1.0.md | 04_场景/01_五色视觉系统/补充实验/颜色构成补充实验_顺序4-2-3-1_v1.0.md | 04_场景/01_五色视觉系统/R1-R6_候选审核索引_v1.0.md,最近目录索引/说明（非逐图直引）,,其他Canvas: 04_场景/01_五色视觉系统/补充实验/05_具象化映像/P00_颜色具象化映像_15张实验_v1.0.canvas#b200000000000002,,仅其他Canvas有图片直链,04_场景/场景总Canvas.canvas,png,1672,941,2610870,37a1484ce8eec6070c1a3f420c91b99c23b4b2ead1cb6fee809c9a64cba70009,PASS_PNG,黎黎隆项目/04_场景/02_场景资产图包/07_补充实验/P00-D02_深墨青_树根顶起旧车架_v1.png,沿用原库审核状态；此包不把候选/STAGING提升为定稿
LLL-S-0084,场景库,项目场景资产,场景库图片｜01_五色视觉系统｜P00-D03 深墨青 卸载露出隐藏孔 v1,文件名与目录层级；未逐张人工视觉描述,02_场景视觉与参考_图片.zip,images/黎黎隆项目/04_场景/01_五色视觉系统/补充实验/05_具象化映像/assets/P00-D03_深墨青_卸载露出隐藏孔_v1.png,黎黎隆项目/04_场景/01_五色视觉系统/补充实验/05_具象化映像/assets/P00-D03_深墨青_卸载露出隐藏孔_v1.png,04_场景/01_五色视觉系统/补充实验/05_具象化映像/assets/P00-D03_深墨青_卸载露出隐藏孔_v1.png,,04_场景/01_五色视觉系统/补充实验/05_具象化映像/颜色具象化映像发散库_v1.0.md | 04_场景/01_五色视觉系统/补充实验/颜色构成补充实验_顺序4-2-3-1_v1.0.md | 04_场景/01_五色视觉系统/R1-R6_候选审核索引_v1.0.md,最近目录索引/说明（非逐图直引）,,其他Canvas: 04_场景/01_五色视觉系统/补充实验/05_具象化映像/P00_颜色具象化映像_15张实验_v1.0.canvas#b200000000000003,,仅其他Canvas有图片直链,04_场景/场景总Canvas.canvas,png,1672,941,2402738,6aaa48634417648d21b2700c245042b0393656bc91268022fa07fcf36e71accd,PASS_PNG,黎黎隆项目/04_场景/02_场景资产图包/07_补充实验/P00-D03_深墨青_卸载露出隐藏孔_v1.png,沿用原库审核状态；此包不把候选/STAGING提升为定稿
LLL-S-0085,场景库,项目场景资产,场景库图片｜01_五色视觉系统｜P00-L01 淡青灰 湖面薄雾 v1,文件名与目录层级；未逐张人工视觉描述,02_场景视觉与参考_图片.zip,images/黎黎隆项目/04_场景/01_五色视觉系统/补充实验/05_具象化映像/assets/P00-L01_淡青灰_湖面薄雾_v1.png,黎黎隆项目/04_场景/01_五色视觉系统/补充实验/05_具象化映像/assets/P00-L01_淡青灰_湖面薄雾_v1.png,04_场景/01_五色视觉系统/补充实验/05_具象化映像/assets/P00-L01_淡青灰_湖面薄雾_v1.png,,04_场景/01_五色视觉系统/补充实验/05_具象化映像/颜色具象化映像发散库_v1.0.md | 04_场景/01_五色视觉系统/补充实验/颜色构成补充实验_顺序4-2-3-1_v1.0.md | 04_场景/01_五色视觉系统/R1-R6_候选审核索引_v1.0.md,最近目录索引/说明（非逐图直引）,,其他Canvas: 04_场景/01_五色视觉系统/补充实验/05_具象化映像/P00_颜色具象化映像_15张实验_v1.0.canvas#b200000000000004,,仅其他Canvas有图片直链,04_场景/场景总Canvas.canvas,png,1672,941,2559407,73c79d9c2ed955a43406b3e7b611b3d8743ae2efae90d1a0e3cdee4de7f16f29,PASS_PNG,黎黎隆项目/04_场景/02_场景资产图包/07_补充实验/P00-L01_淡青灰_湖面薄雾_v1.png,沿用原库审核状态；此包不把候选/STAGING提升为定稿
LLL-S-0086,场景库,项目场景资产,场景库图片｜01_五色视觉系统｜P00-L02 淡青灰 钙化空腔边缘 v1,文件名与目录层级；未逐张人工视觉描述,02_场景视觉与参考_图片.zip,images/黎黎隆项目/04_场景/01_五色视觉系统/补充实验/05_具象化映像/assets/P00-L02_淡青灰_钙化空腔边缘_v1.png,黎黎隆项目/04_场景/01_五色视觉系统/补充实验/05_具象化映像/assets/P00-L02_淡青灰_钙化空腔边缘_v1.png,04_场景/01_五色视觉系统/补充实验/05_具象化映像/assets/P00-L02_淡青灰_钙化空腔边缘_v1.png,,04_场景/01_五色视觉系统/补充实验/05_具象化映像/颜色具象化映像发散库_v1.0.md | 04_场景/01_五色视觉系统/补充实验/颜色构成补充实验_顺序4-2-3-1_v1.0.md | 04_场景/01_五色视觉系统/R1-R6_候选审核索引_v1.0.md,最近目录索引/说明（非逐图直引）,,其他Canvas: 04_场景/01_五色视觉系统/补充实验/05_具象化映像/P00_颜色具象化映像_15张实验_v1.0.canvas#b200000000000005,,仅其他Canvas有图片直链,04_场景/场景总Canvas.canvas,png,1672,941,2641844,06f91d7762ee979f9b9884ee54ea183c0a893a3df1153db0afdc095674a5b1ab,PASS_PNG,黎黎隆项目/04_场景/02_场景资产图包/07_补充实验/P00-L02_淡青灰_钙化空腔边缘_v1.png,沿用原库审核状态；此包不把候选/STAGING提升为定稿
LLL-S-0087,场景库,项目场景资产,场景库图片｜01_五色视觉系统｜P00-L03 淡青灰 蒸汽散尽显出路线 v1,文件名与目录层级；未逐张人工视觉描述,02_场景视觉与参考_图片.zip,images/黎黎隆项目/04_场景/01_五色视觉系统/补充实验/05_具象化映像/assets/P00-L03_淡青灰_蒸汽散尽显出路线_v1.png,黎黎隆项目/04_场景/01_五色视觉系统/补充实验/05_具象化映像/assets/P00-L03_淡青灰_蒸汽散尽显出路线_v1.png,04_场景/01_五色视觉系统/补充实验/05_具象化映像/assets/P00-L03_淡青灰_蒸汽散尽显出路线_v1.png,,04_场景/01_五色视觉系统/补充实验/05_具象化映像/颜色具象化映像发散库_v1.0.md | 04_场景/01_五色视觉系统/补充实验/颜色构成补充实验_顺序4-2-3-1_v1.0.md | 04_场景/01_五色视觉系统/R1-R6_候选审核索引_v1.0.md,最近目录索引/说明（非逐图直引）,,其他Canvas: 04_场景/01_五色视觉系统/补充实验/05_具象化映像/P00_颜色具象化映像_15张实验_v1.0.canvas#b200000000000006,,仅其他Canvas有图片直链,04_场景/场景总Canvas.canvas,png,1672,941,2708545,c7eaa440121d09f8237552cda23e6daa03357d371f358dfae146caa1847726ee,PASS_PNG,黎黎隆项目/04_场景/02_场景资产图包/07_补充实验/P00-L03_淡青灰_蒸汽散尽显出路线_v1.png,沿用原库审核状态；此包不把候选/STAGING提升为定稿
LLL-S-0088,场景库,项目场景资产,场景库图片｜01_五色视觉系统｜P00-P01 灰紫 骨门活膜 v1,文件名与目录层级；未逐张人工视觉描述,02_场景视觉与参考_图片.zip,images/黎黎隆项目/04_场景/01_五色视觉系统/补充实验/05_具象化映像/assets/P00-P01_灰紫_骨门活膜_v1.png,黎黎隆项目/04_场景/01_五色视觉系统/补充实验/05_具象化映像/assets/P00-P01_灰紫_骨门活膜_v1.png,04_场景/01_五色视觉系统/补充实验/05_具象化映像/assets/P00-P01_灰紫_骨门活膜_v1.png,,04_场景/01_五色视觉系统/补充实验/05_具象化映像/颜色具象化映像发散库_v1.0.md | 04_场景/01_五色视觉系统/补充实验/颜色构成补充实验_顺序4-2-3-1_v1.0.md | 04_场景/01_五色视觉系统/R1-R6_候选审核索引_v1.0.md,最近目录索引/说明（非逐图直引）,,其他Canvas: 04_场景/01_五色视觉系统/补充实验/05_具象化映像/P00_颜色具象化映像_15张实验_v1.0.canvas#b200000000000007,,仅其他Canvas有图片直链,04_场景/场景总Canvas.canvas,png,1672,941,2364379,08d5025889fc0d6ef1f38ca747613aa9243bae685bdc769dbd60010124375790,PASS_PNG,黎黎隆项目/04_场景/02_场景资产图包/07_补充实验/P00-P01_灰紫_骨门活膜_v1.png,沿用原库审核状态；此包不把候选/STAGING提升为定稿
LLL-S-0089,场景库,项目场景资产,场景库图片｜01_五色视觉系统｜P00-P02 灰紫 断口缝合菌束 v1,文件名与目录层级；未逐张人工视觉描述,02_场景视觉与参考_图片.zip,images/黎黎隆项目/04_场景/01_五色视觉系统/补充实验/05_具象化映像/assets/P00-P02_灰紫_断口缝合菌束_v1.png,黎黎隆项目/04_场景/01_五色视觉系统/补充实验/05_具象化映像/assets/P00-P02_灰紫_断口缝合菌束_v1.png,04_场景/01_五色视觉系统/补充实验/05_具象化映像/assets/P00-P02_灰紫_断口缝合菌束_v1.png,,04_场景/01_五色视觉系统/补充实验/05_具象化映像/颜色具象化映像发散库_v1.0.md | 04_场景/01_五色视觉系统/补充实验/颜色构成补充实验_顺序4-2-3-1_v1.0.md | 04_场景/01_五色视觉系统/R1-R6_候选审核索引_v1.0.md,最近目录索引/说明（非逐图直引）,,其他Canvas: 04_场景/01_五色视觉系统/补充实验/05_具象化映像/P00_颜色具象化映像_15张实验_v1.0.canvas#b200000000000008,,仅其他Canvas有图片直链,04_场景/场景总Canvas.canvas,png,1672,941,2523038,8ef6d1ccee776fb2153a1ed52a99a322c8192c1ef2cc4e78f80fc6afc8f41694,PASS_PNG,黎黎隆项目/04_场景/02_场景资产图包/07_补充实验/P00-P02_灰紫_断口缝合菌束_v1.png,沿用原库审核状态；此包不把候选/STAGING提升为定稿
LLL-S-0090,场景库,项目场景资产,场景库图片｜01_五色视觉系统｜P00-P03 灰紫 导热生体管 v1,文件名与目录层级；未逐张人工视觉描述,02_场景视觉与参考_图片.zip,images/黎黎隆项目/04_场景/01_五色视觉系统/补充实验/05_具象化映像/assets/P00-P03_灰紫_导热生体管_v1.png,黎黎隆项目/04_场景/01_五色视觉系统/补充实验/05_具象化映像/assets/P00-P03_灰紫_导热生体管_v1.png,04_场景/01_五色视觉系统/补充实验/05_具象化映像/assets/P00-P03_灰紫_导热生体管_v1.png,,04_场景/01_五色视觉系统/补充实验/05_具象化映像/颜色具象化映像发散库_v1.0.md | 04_场景/01_五色视觉系统/补充实验/颜色构成补充实验_顺序4-2-3-1_v1.0.md | 04_场景/01_五色视觉系统/R1-R6_候选审核索引_v1.0.md,最近目录索引/说明（非逐图直引）,,其他Canvas: 04_场景/01_五色视觉系统/补充实验/05_具象化映像/P00_颜色具象化映像_15张实验_v1.0.canvas#b200000000000009,,仅其他Canvas有图片直链,04_场景/场景总Canvas.canvas,png,1672,941,2532590,8c59a63763e063befcead8e20eb998b10e771ed0464fb3cd316d9c376e16f060,PASS_PNG,黎黎隆项目/04_场景/02_场景资产图包/07_补充实验/P00-P03_灰紫_导热生体管_v1.png,沿用原库审核状态；此包不把候选/STAGING提升为定稿
LLL-S-0091,场景库,项目场景资产,场景库图片｜01_五色视觉系统｜P00-R01 暗红 断桥端生命脉点 v1,文件名与目录层级；未逐张人工视觉描述,02_场景视觉与参考_图片.zip,images/黎黎隆项目/04_场景/01_五色视觉系统/补充实验/05_具象化映像/assets/P00-R01_暗红_断桥端生命脉点_v1.png,黎黎隆项目/04_场景/01_五色视觉系统/补充实验/05_具象化映像/assets/P00-R01_暗红_断桥端生命脉点_v1.png,04_场景/01_五色视觉系统/补充实验/05_具象化映像/assets/P00-R01_暗红_断桥端生命脉点_v1.png,,04_场景/01_五色视觉系统/补充实验/05_具象化映像/颜色具象化映像发散库_v1.0.md | 04_场景/01_五色视觉系统/补充实验/颜色构成补充实验_顺序4-2-3-1_v1.0.md | 04_场景/01_五色视觉系统/R1-R6_候选审核索引_v1.0.md,最近目录索引/说明（非逐图直引）,,其他Canvas: 04_场景/01_五色视觉系统/补充实验/05_具象化映像/P00_颜色具象化映像_15张实验_v1.0.canvas#b200000000000013,,仅其他Canvas有图片直链,04_场景/场景总Canvas.canvas,png,1672,941,2158539,c86a6648fa511c07e8bf6532ca3a5c97d1d2c430d3335c89c724dfa99c9c80ba,PASS_PNG,黎黎隆项目/04_场景/02_场景资产图包/07_补充实验/P00-R01_暗红_断桥端生命脉点_v1.png,沿用原库审核状态；此包不把候选/STAGING提升为定稿
LLL-S-0092,场景库,项目场景资产,场景库图片｜01_五色视觉系统｜P00-R02 暗红 过热接口压力痕 v1,文件名与目录层级；未逐张人工视觉描述,02_场景视觉与参考_图片.zip,images/黎黎隆项目/04_场景/01_五色视觉系统/补充实验/05_具象化映像/assets/P00-R02_暗红_过热接口压力痕_v1.png,黎黎隆项目/04_场景/01_五色视觉系统/补充实验/05_具象化映像/assets/P00-R02_暗红_过热接口压力痕_v1.png,04_场景/01_五色视觉系统/补充实验/05_具象化映像/assets/P00-R02_暗红_过热接口压力痕_v1.png,,04_场景/01_五色视觉系统/补充实验/05_具象化映像/颜色具象化映像发散库_v1.0.md | 04_场景/01_五色视觉系统/补充实验/颜色构成补充实验_顺序4-2-3-1_v1.0.md | 04_场景/01_五色视觉系统/R1-R6_候选审核索引_v1.0.md,最近目录索引/说明（非逐图直引）,,其他Canvas: 04_场景/01_五色视觉系统/补充实验/05_具象化映像/P00_颜色具象化映像_15张实验_v1.0.canvas#b200000000000014,,仅其他Canvas有图片直链,04_场景/场景总Canvas.canvas,png,1672,941,2308104,683c455b60841d803aa20f68c627792e5f037ec69ce5dda8218821f1632c0942,PASS_PNG,黎黎隆项目/04_场景/02_场景资产图包/07_补充实验/P00-R02_暗红_过热接口压力痕_v1.png,沿用原库审核状态；此包不把候选/STAGING提升为定稿
LLL-S-0093,场景库,项目场景资产,场景库图片｜01_五色视觉系统｜P00-R03 暗红 公共维修台故障标记 v1,文件名与目录层级；未逐张人工视觉描述,02_场景视觉与参考_图片.zip,images/黎黎隆项目/04_场景/01_五色视觉系统/补充实验/05_具象化映像/assets/P00-R03_暗红_公共维修台故障标记_v1.png,黎黎隆项目/04_场景/01_五色视觉系统/补充实验/05_具象化映像/assets/P00-R03_暗红_公共维修台故障标记_v1.png,04_场景/01_五色视觉系统/补充实验/05_具象化映像/assets/P00-R03_暗红_公共维修台故障标记_v1.png,,04_场景/01_五色视觉系统/补充实验/05_具象化映像/颜色具象化映像发散库_v1.0.md | 04_场景/01_五色视觉系统/补充实验/颜色构成补充实验_顺序4-2-3-1_v1.0.md | 04_场景/01_五色视觉系统/R1-R6_候选审核索引_v1.0.md,最近目录索引/说明（非逐图直引）,,其他Canvas: 04_场景/01_五色视觉系统/补充实验/05_具象化映像/P00_颜色具象化映像_15张实验_v1.0.canvas#b200000000000015,,仅其他Canvas有图片直链,04_场景/场景总Canvas.canvas,png,1672,941,2671978,f9d88f7cce418628dfa18278c5894a5f284ff5f69cdf2431129471e80212efc1,PASS_PNG,黎黎隆项目/04_场景/02_场景资产图包/07_补充实验/P00-R03_暗红_公共维修台故障标记_v1.png,沿用原库审核状态；此包不把候选/STAGING提升为定稿
LLL-S-0094,场景库,项目场景资产,场景库图片｜01_五色视觉系统｜ST-01 候选01 冷雾氛围线稿 v1,文件名与目录层级；未逐张人工视觉描述,02_场景视觉与参考_图片.zip,images/黎黎隆项目/04_场景/01_五色视觉系统/补充实验/ST-01_灰蓝平涂画风/ST-01_候选01_冷雾氛围线稿_v1.png,黎黎隆项目/04_场景/01_五色视觉系统/补充实验/ST-01_灰蓝平涂画风/ST-01_候选01_冷雾氛围线稿_v1.png,04_场景/01_五色视觉系统/补充实验/ST-01_灰蓝平涂画风/ST-01_候选01_冷雾氛围线稿_v1.png,,04_场景/01_五色视觉系统/补充实验/ST-01_灰蓝平涂画风/00_ST-01候选索引.md | 04_场景/01_五色视觉系统/补充实验/颜色构成补充实验_顺序4-2-3-1_v1.0.md | 04_场景/01_五色视觉系统/R1-R6_候选审核索引_v1.0.md,最近目录索引/说明（非逐图直引）,主场景Canvas: 04_场景/场景总Canvas.canvas#10f73a9c5b284d61（邻近文字：ST-01 灰蓝平涂画风候选 Openverse：NOMATCH；3 张 Codex 内部候选待用户挑选。当前均未锁定为正式风格。）,,主场景Canvas: ST-01 灰蓝平涂画风候选 Openverse：NOMATCH；3 张 Codex 内部候选待用户挑选。当前均未锁定为正式风格。,主Canvas有图片直链,04_场景/场景总Canvas.canvas,png,1536,1024,2039048,9691e7e7f7c76d6cba9b8effaf18ce1bc5e9c337fbe300e084fe97ee3f0b1510,PASS_PNG,,沿用原库审核状态；此包不把候选/STAGING提升为定稿
LLL-S-0095,场景库,项目场景资产,场景库图片｜01_五色视觉系统｜ST-01 候选02 简化色块 v1,文件名与目录层级；未逐张人工视觉描述,02_场景视觉与参考_图片.zip,images/黎黎隆项目/04_场景/01_五色视觉系统/补充实验/ST-01_灰蓝平涂画风/ST-01_候选02_简化色块_v1.png,黎黎隆项目/04_场景/01_五色视觉系统/补充实验/ST-01_灰蓝平涂画风/ST-01_候选02_简化色块_v1.png,04_场景/01_五色视觉系统/补充实验/ST-01_灰蓝平涂画风/ST-01_候选02_简化色块_v1.png,,04_场景/01_五色视觉系统/补充实验/ST-01_灰蓝平涂画风/00_ST-01候选索引.md | 04_场景/01_五色视觉系统/补充实验/颜色构成补充实验_顺序4-2-3-1_v1.0.md | 04_场景/01_五色视觉系统/R1-R6_候选审核索引_v1.0.md,最近目录索引/说明（非逐图直引）,主场景Canvas: 04_场景/场景总Canvas.canvas#20a84b6d1c9f375e（邻近文字：ST-01 灰蓝平涂画风候选 Openverse：NOMATCH；3 张 Codex 内部候选待用户挑选。当前均未锁定为正式风格。）,,主场景Canvas: ST-01 灰蓝平涂画风候选 Openverse：NOMATCH；3 张 Codex 内部候选待用户挑选。当前均未锁定为正式风格。,主Canvas有图片直链,04_场景/场景总Canvas.canvas,png,1536,1024,1865111,114ba35207a7244a452a435b19fa16a78e2e879507cc0e3c4001463990db5aaa,PASS_PNG,,沿用原库审核状态；此包不把候选/STAGING提升为定稿
LLL-S-0096,场景库,项目场景资产,场景库图片｜01_五色视觉系统｜ST-01 候选03 剪影平涂 v1,文件名与目录层级；未逐张人工视觉描述,02_场景视觉与参考_图片.zip,images/黎黎隆项目/04_场景/01_五色视觉系统/补充实验/ST-01_灰蓝平涂画风/ST-01_候选03_剪影平涂_v1.png,黎黎隆项目/04_场景/01_五色视觉系统/补充实验/ST-01_灰蓝平涂画风/ST-01_候选03_剪影平涂_v1.png,04_场景/01_五色视觉系统/补充实验/ST-01_灰蓝平涂画风/ST-01_候选03_剪影平涂_v1.png,,04_场景/01_五色视觉系统/补充实验/ST-01_灰蓝平涂画风/00_ST-01候选索引.md | 04_场景/01_五色视觉系统/补充实验/颜色构成补充实验_顺序4-2-3-1_v1.0.md | 04_场景/01_五色视觉系统/R1-R6_候选审核索引_v1.0.md,最近目录索引/说明（非逐图直引）,主场景Canvas: 04_场景/场景总Canvas.canvas#30b95c7e2d1a486f（邻近文字：ST-01 灰蓝平涂画风候选 Openverse：NOMATCH；3 张 Codex 内部候选待用户挑选。当前均未锁定为正式风格。）,,主场景Canvas: ST-01 灰蓝平涂画风候选 Openverse：NOMATCH；3 张 Codex 内部候选待用户挑选。当前均未锁定为正式风格。,主Canvas有图片直链,04_场景/场景总Canvas.canvas,png,1536,1024,1441959,1d329dba751c671a5cb7f6d25207cea36e6ebce8e0aa10b8f55d80a0e418b351,PASS_PNG,,沿用原库审核状态；此包不把候选/STAGING提升为定稿
LLL-S-0097,场景库,项目场景资产,场景库图片｜02_场景资产图包｜R1-04 森林湖泊 五色组合,文件名与目录层级；未逐张人工视觉描述,03_场景资产图包_图片.zip,images/黎黎隆项目/04_场景/02_场景资产图包/01_基准图_用户确认/R1-04_森林湖泊_五色组合.png,黎黎隆项目/04_场景/02_场景资产图包/01_基准图_用户确认/R1-04_森林湖泊_五色组合.png,04_场景/02_场景资产图包/01_基准图_用户确认/R1-04_森林湖泊_五色组合.png,,04_场景/02_场景资产图包/00_图包索引.md,最近目录索引/说明（非逐图直引）,主场景Canvas: 04_场景/场景总Canvas.canvas#base_0（邻近文字：⭐ 基准图｜用户确认（出图先对这三张））,,主场景Canvas: ⭐ 基准图｜用户确认（出图先对这三张）,主Canvas有图片直链,04_场景/场景总Canvas.canvas,png,1672,941,2324722,b31c507498461342a86133cdfec37b99bb3503c0f8b31fecebb312b33d2c08eb,PASS_PNG,黎黎隆项目/04_场景/01_五色视觉系统/R1_场景配色/assets/R1-04_森林湖泊_五色组合.png | 黎黎隆项目/04_场景/02_场景资产图包/02_R1_场景配色/R1-04_森林湖泊_五色组合.png,沿用原库审核状态；此包不把候选/STAGING提升为定稿
LLL-S-0098,场景库,项目场景资产,场景库图片｜02_场景资产图包｜R1-10 异种村庄 双色主导,文件名与目录层级；未逐张人工视觉描述,03_场景资产图包_图片.zip,images/黎黎隆项目/04_场景/02_场景资产图包/01_基准图_用户确认/R1-10_异种村庄_双色主导.png,黎黎隆项目/04_场景/02_场景资产图包/01_基准图_用户确认/R1-10_异种村庄_双色主导.png,04_场景/02_场景资产图包/01_基准图_用户确认/R1-10_异种村庄_双色主导.png,,04_场景/02_场景资产图包/00_图包索引.md,最近目录索引/说明（非逐图直引）,主场景Canvas: 04_场景/场景总Canvas.canvas#base_1（邻近文字：⭐ 基准图｜用户确认（出图先对这三张））,,主场景Canvas: ⭐ 基准图｜用户确认（出图先对这三张）,主Canvas有图片直链,04_场景/场景总Canvas.canvas,png,1672,941,2404461,2e4ac8bcb07a7a7f3818711b3ddb912df2e0feaa5d78d517c99949a8911ceced,PASS_PNG,黎黎隆项目/04_场景/01_五色视觉系统/R1_场景配色/assets/R1-10_异种村庄_双色主导.png | 黎黎隆项目/04_场景/02_场景资产图包/02_R1_场景配色/R1-10_异种村庄_双色主导.png,沿用原库审核状态；此包不把候选/STAGING提升为定稿
LLL-S-0099,场景库,项目场景资产,场景库图片｜02_场景资产图包｜R2-01 机械空港 深墨青主导,文件名与目录层级；未逐张人工视觉描述,03_场景资产图包_图片.zip,images/黎黎隆项目/04_场景/02_场景资产图包/01_基准图_用户确认/R2-01_机械空港_深墨青主导.png,黎黎隆项目/04_场景/02_场景资产图包/01_基准图_用户确认/R2-01_机械空港_深墨青主导.png,04_场景/02_场景资产图包/01_基准图_用户确认/R2-01_机械空港_深墨青主导.png,,04_场景/02_场景资产图包/00_图包索引.md,最近目录索引/说明（非逐图直引）,主场景Canvas: 04_场景/场景总Canvas.canvas#base_2（邻近文字：⭐ 基准图｜用户确认（出图先对这三张））,,主场景Canvas: ⭐ 基准图｜用户确认（出图先对这三张）,主Canvas有图片直链,04_场景/场景总Canvas.canvas,png,1672,941,2316294,1f0dd1c15b71d564a01d8077b494a41c3bb90cf394ab0c636a958e9e4b73e068,PASS_PNG,黎黎隆项目/04_场景/02_场景资产图包/03_R2_主导色/R2-01_机械空港_深墨青主导.png | 黎黎隆项目/04_场景/03_白骨营地/assets/R2-01_机械空港_深墨青主导.png,沿用原库审核状态；此包不把候选/STAGING提升为定稿
LLL-S-0100,场景库,项目场景资产,场景库图片｜02_场景资产图包｜R1-01 森林湖泊 单色,文件名与目录层级；未逐张人工视觉描述,03_场景资产图包_图片.zip,images/黎黎隆项目/04_场景/02_场景资产图包/02_R1_场景配色/R1-01_森林湖泊_单色.png,黎黎隆项目/04_场景/02_场景资产图包/02_R1_场景配色/R1-01_森林湖泊_单色.png,04_场景/02_场景资产图包/02_R1_场景配色/R1-01_森林湖泊_单色.png,,04_场景/02_场景资产图包/00_图包索引.md,最近目录索引/说明（非逐图直引）,主场景Canvas: 04_场景/场景总Canvas.canvas#reg_sl_0（邻近文字：森林湖泊（R1-01~04） 单色→双色→三色→五色）,,主场景Canvas: 森林湖泊（R1-01~04） 单色→双色→三色→五色,主Canvas有图片直链,04_场景/场景总Canvas.canvas,png,1672,941,2632389,6845d59f2720b2cc5385bb2722e682dffd25e6bb08857e334fd61281a91d1651,PASS_PNG,黎黎隆项目/04_场景/01_五色视觉系统/R1_场景配色/assets/R1-01_森林湖泊_单色.png,沿用原库审核状态；此包不把候选/STAGING提升为定稿
LLL-S-0101,场景库,项目场景资产,场景库图片｜02_场景资产图包｜R1-02 森林湖泊 双色主导,文件名与目录层级；未逐张人工视觉描述,03_场景资产图包_图片.zip,images/黎黎隆项目/04_场景/02_场景资产图包/02_R1_场景配色/R1-02_森林湖泊_双色主导.png,黎黎隆项目/04_场景/02_场景资产图包/02_R1_场景配色/R1-02_森林湖泊_双色主导.png,04_场景/02_场景资产图包/02_R1_场景配色/R1-02_森林湖泊_双色主导.png,,04_场景/02_场景资产图包/00_图包索引.md,最近目录索引/说明（非逐图直引）,主场景Canvas: 04_场景/场景总Canvas.canvas#reg_sl_1（邻近文字：森林湖泊（R1-01~04） 单色→双色→三色→五色）,,主场景Canvas: 森林湖泊（R1-01~04） 单色→双色→三色→五色,主Canvas有图片直链,04_场景/场景总Canvas.canvas,png,1672,941,2042880,3e1aad5b2d44cc3fc7143f953870b059183b99e1fe9700c82ca39be910413740,PASS_PNG,黎黎隆项目/04_场景/01_五色视觉系统/R1_场景配色/assets/R1-02_森林湖泊_双色主导.png,沿用原库审核状态；此包不把候选/STAGING提升为定稿
LLL-S-0102,场景库,项目场景资产,场景库图片｜02_场景资产图包｜R1-03 森林湖泊 三色层级,文件名与目录层级；未逐张人工视觉描述,03_场景资产图包_图片.zip,images/黎黎隆项目/04_场景/02_场景资产图包/02_R1_场景配色/R1-03_森林湖泊_三色层级.png,黎黎隆项目/04_场景/02_场景资产图包/02_R1_场景配色/R1-03_森林湖泊_三色层级.png,04_场景/02_场景资产图包/02_R1_场景配色/R1-03_森林湖泊_三色层级.png,,04_场景/02_场景资产图包/00_图包索引.md,最近目录索引/说明（非逐图直引）,主场景Canvas: 04_场景/场景总Canvas.canvas#reg_sl_2（邻近文字：P4 纪律：全景最后才做 地图数字=候选活动区 不是正式住所/出生地）,,主场景Canvas: P4 纪律：全景最后才做 地图数字=候选活动区 不是正式住所/出生地,主Canvas有图片直链,04_场景/场景总Canvas.canvas,png,1672,941,2149721,2a0b61e4246d0011f463f0d6ecad7a8fcfdb799668fc6a260dfb884f20f150f9,PASS_PNG,黎黎隆项目/04_场景/01_五色视觉系统/R1_场景配色/assets/R1-03_森林湖泊_三色层级.png,沿用原库审核状态；此包不把候选/STAGING提升为定稿
LLL-S-0103,场景库,项目场景资产,场景库图片｜02_场景资产图包｜R1-04 森林湖泊 五色组合,文件名与目录层级；未逐张人工视觉描述,03_场景资产图包_图片.zip,images/黎黎隆项目/04_场景/02_场景资产图包/02_R1_场景配色/R1-04_森林湖泊_五色组合.png,黎黎隆项目/04_场景/02_场景资产图包/02_R1_场景配色/R1-04_森林湖泊_五色组合.png,04_场景/02_场景资产图包/02_R1_场景配色/R1-04_森林湖泊_五色组合.png,,04_场景/02_场景资产图包/00_图包索引.md,最近目录索引/说明（非逐图直引）,主场景Canvas: 04_场景/场景总Canvas.canvas#reg_sl_3（邻近文字：P4 纪律：全景最后才做 地图数字=候选活动区 不是正式住所/出生地）,,主场景Canvas: P4 纪律：全景最后才做 地图数字=候选活动区 不是正式住所/出生地,主Canvas有图片直链,04_场景/场景总Canvas.canvas,png,1672,941,2324722,b31c507498461342a86133cdfec37b99bb3503c0f8b31fecebb312b33d2c08eb,PASS_PNG,黎黎隆项目/04_场景/01_五色视觉系统/R1_场景配色/assets/R1-04_森林湖泊_五色组合.png | 黎黎隆项目/04_场景/02_场景资产图包/01_基准图_用户确认/R1-04_森林湖泊_五色组合.png,沿用原库审核状态；此包不把候选/STAGING提升为定稿
LLL-S-0104,场景库,项目场景资产,场景库图片｜02_场景资产图包｜R1-05 机械空港 单色,文件名与目录层级；未逐张人工视觉描述,03_场景资产图包_图片.zip,images/黎黎隆项目/04_场景/02_场景资产图包/02_R1_场景配色/R1-05_机械空港_单色.png,黎黎隆项目/04_场景/02_场景资产图包/02_R1_场景配色/R1-05_机械空港_单色.png,04_场景/02_场景资产图包/02_R1_场景配色/R1-05_机械空港_单色.png,,04_场景/02_场景资产图包/00_图包索引.md,最近目录索引/说明（非逐图直引）,主场景Canvas: 04_场景/场景总Canvas.canvas#reg_jg_0（邻近文字：机械空港（R1-05~08 + R4四幕分镜） R4-03 转段暗红偏强，用前看审核）,,主场景Canvas: 机械空港（R1-05~08 + R4四幕分镜） R4-03 转段暗红偏强，用前看审核,主Canvas有图片直链,04_场景/场景总Canvas.canvas,png,1672,941,2344665,b9938251f665470d27de08506a98ed3abf08c8f1bcc6705bd5d9c773e5fbc423,PASS_PNG,黎黎隆项目/04_场景/01_五色视觉系统/R1_场景配色/assets/R1-05_机械空港_单色.png,沿用原库审核状态；此包不把候选/STAGING提升为定稿
LLL-S-0105,场景库,项目场景资产,场景库图片｜02_场景资产图包｜R1-06 机械空港 双色主导,文件名与目录层级；未逐张人工视觉描述,03_场景资产图包_图片.zip,images/黎黎隆项目/04_场景/02_场景资产图包/02_R1_场景配色/R1-06_机械空港_双色主导.png,黎黎隆项目/04_场景/02_场景资产图包/02_R1_场景配色/R1-06_机械空港_双色主导.png,04_场景/02_场景资产图包/02_R1_场景配色/R1-06_机械空港_双色主导.png,,04_场景/02_场景资产图包/00_图包索引.md,最近目录索引/说明（非逐图直引）,主场景Canvas: 04_场景/场景总Canvas.canvas#reg_jg_1（邻近文字：机械空港（R1-05~08 + R4四幕分镜） R4-03 转段暗红偏强，用前看审核）,,主场景Canvas: 机械空港（R1-05~08 + R4四幕分镜） R4-03 转段暗红偏强，用前看审核,主Canvas有图片直链,04_场景/场景总Canvas.canvas,png,1672,941,2373806,744b060c826766aa598050994d4409ace4950ed32b8f0c6004d17586f4302dcf,PASS_PNG,黎黎隆项目/04_场景/01_五色视觉系统/R1_场景配色/assets/R1-06_机械空港_双色主导.png,沿用原库审核状态；此包不把候选/STAGING提升为定稿
LLL-S-0106,场景库,项目场景资产,场景库图片｜02_场景资产图包｜R1-07 机械空港 三色层级,文件名与目录层级；未逐张人工视觉描述,03_场景资产图包_图片.zip,images/黎黎隆项目/04_场景/02_场景资产图包/02_R1_场景配色/R1-07_机械空港_三色层级.png,黎黎隆项目/04_场景/02_场景资产图包/02_R1_场景配色/R1-07_机械空港_三色层级.png,04_场景/02_场景资产图包/02_R1_场景配色/R1-07_机械空港_三色层级.png,,04_场景/02_场景资产图包/00_图包索引.md,最近目录索引/说明（非逐图直引）,主场景Canvas: 04_场景/场景总Canvas.canvas#reg_jg_2（邻近文字：机械空港（R1-05~08 + R4四幕分镜） R4-03 转段暗红偏强，用前看审核）,,主场景Canvas: 机械空港（R1-05~08 + R4四幕分镜） R4-03 转段暗红偏强，用前看审核,主Canvas有图片直链,04_场景/场景总Canvas.canvas,png,1672,941,2404942,83231d64ef06bb8b6c90412200abc16d0e95562a4a9560a52bd5b74569dbaa9f,PASS_PNG,黎黎隆项目/04_场景/01_五色视觉系统/R1_场景配色/assets/R1-07_机械空港_三色层级.png,沿用原库审核状态；此包不把候选/STAGING提升为定稿
LLL-S-0107,场景库,项目场景资产,场景库图片｜02_场景资产图包｜R1-08 机械空港 五色组合,文件名与目录层级；未逐张人工视觉描述,03_场景资产图包_图片.zip,images/黎黎隆项目/04_场景/02_场景资产图包/02_R1_场景配色/R1-08_机械空港_五色组合.png,黎黎隆项目/04_场景/02_场景资产图包/02_R1_场景配色/R1-08_机械空港_五色组合.png,04_场景/02_场景资产图包/02_R1_场景配色/R1-08_机械空港_五色组合.png,,04_场景/02_场景资产图包/00_图包索引.md,最近目录索引/说明（非逐图直引）,主场景Canvas: 04_场景/场景总Canvas.canvas#reg_jg_3（邻近文字：机械空港（R1-05~08 + R4四幕分镜） R4-03 转段暗红偏强，用前看审核）,,主场景Canvas: 机械空港（R1-05~08 + R4四幕分镜） R4-03 转段暗红偏强，用前看审核,主Canvas有图片直链,04_场景/场景总Canvas.canvas,png,1672,941,2576493,cc5ec099f3f6700315fbe83c995c8f49dfa98d6ddbc171c45edee4abaf66f8dc,PASS_PNG,黎黎隆项目/04_场景/01_五色视觉系统/R1_场景配色/assets/R1-08_机械空港_五色组合.png,沿用原库审核状态；此包不把候选/STAGING提升为定稿
LLL-S-0108,场景库,项目场景资产,场景库图片｜02_场景资产图包｜R1-09 异种村庄 单色,文件名与目录层级；未逐张人工视觉描述,03_场景资产图包_图片.zip,images/黎黎隆项目/04_场景/02_场景资产图包/02_R1_场景配色/R1-09_异种村庄_单色.png,黎黎隆项目/04_场景/02_场景资产图包/02_R1_场景配色/R1-09_异种村庄_单色.png,04_场景/02_场景资产图包/02_R1_场景配色/R1-09_异种村庄_单色.png,,04_场景/02_场景资产图包/00_图包索引.md,最近目录索引/说明（非逐图直引）,主场景Canvas: 04_场景/场景总Canvas.canvas#fix_yc_09（邻近文字：异种村庄（R1-09~12））,,主场景Canvas: 异种村庄（R1-09~12）,主Canvas有图片直链,04_场景/场景总Canvas.canvas,png,1672,941,2345989,8a90908ac1535da7114537181902ce7dfa146fc53ffd4f03779d88227e8737e5,PASS_PNG,黎黎隆项目/04_场景/01_五色视觉系统/R1_场景配色/assets/R1-09_异种村庄_单色.png,沿用原库审核状态；此包不把候选/STAGING提升为定稿
LLL-S-0109,场景库,项目场景资产,场景库图片｜02_场景资产图包｜R1-10 异种村庄 双色主导,文件名与目录层级；未逐张人工视觉描述,03_场景资产图包_图片.zip,images/黎黎隆项目/04_场景/02_场景资产图包/02_R1_场景配色/R1-10_异种村庄_双色主导.png,黎黎隆项目/04_场景/02_场景资产图包/02_R1_场景配色/R1-10_异种村庄_双色主导.png,04_场景/02_场景资产图包/02_R1_场景配色/R1-10_异种村庄_双色主导.png,,04_场景/02_场景资产图包/00_图包索引.md,最近目录索引/说明（非逐图直引）,主场景Canvas: 04_场景/场景总Canvas.canvas#reg_yc_1（邻近文字：异种村庄（R1-09~12））,,主场景Canvas: 异种村庄（R1-09~12）,主Canvas有图片直链,04_场景/场景总Canvas.canvas,png,1672,941,2404461,2e4ac8bcb07a7a7f3818711b3ddb912df2e0feaa5d78d517c99949a8911ceced,PASS_PNG,黎黎隆项目/04_场景/01_五色视觉系统/R1_场景配色/assets/R1-10_异种村庄_双色主导.png | 黎黎隆项目/04_场景/02_场景资产图包/01_基准图_用户确认/R1-10_异种村庄_双色主导.png,沿用原库审核状态；此包不把候选/STAGING提升为定稿
LLL-S-0110,场景库,项目场景资产,场景库图片｜02_场景资产图包｜R1-11 异种村庄 三色层级,文件名与目录层级；未逐张人工视觉描述,03_场景资产图包_图片.zip,images/黎黎隆项目/04_场景/02_场景资产图包/02_R1_场景配色/R1-11_异种村庄_三色层级.png,黎黎隆项目/04_场景/02_场景资产图包/02_R1_场景配色/R1-11_异种村庄_三色层级.png,04_场景/02_场景资产图包/02_R1_场景配色/R1-11_异种村庄_三色层级.png,,04_场景/02_场景资产图包/00_图包索引.md,最近目录索引/说明（非逐图直引）,主场景Canvas: 04_场景/场景总Canvas.canvas#reg_yc_2（邻近文字：视觉三定律 1. 五色合成：所有色溯源母色 2. 验收五问（换普通中世纪人成立=失败） 3. 能量=颜色=立场 暗红不铺满 / 青绿=接口灯光 灰紫=活体膜 / 淡青灰=雾与留白）,,主场景Canvas: 视觉三定律 1. 五色合成：所有色溯源母色 2. 验收五问（换普通中世纪人成立=失败） 3. 能量=颜色=立场 暗红不铺满 / 青绿=接口灯光 灰紫=活体膜 / 淡青灰=雾与留白,主Canvas有图片直链,04_场景/场景总Canvas.canvas,png,1672,941,2573060,25168e6689b77260a5e32bd4d68b05c4bad4a12c6b821c0ba1c20efbc019289c,PASS_PNG,黎黎隆项目/04_场景/01_五色视觉系统/R1_场景配色/assets/R1-11_异种村庄_三色层级.png,沿用原库审核状态；此包不把候选/STAGING提升为定稿
LLL-S-0111,场景库,项目场景资产,场景库图片｜02_场景资产图包｜R1-12 异种村庄 五色组合,文件名与目录层级；未逐张人工视觉描述,03_场景资产图包_图片.zip,images/黎黎隆项目/04_场景/02_场景资产图包/02_R1_场景配色/R1-12_异种村庄_五色组合.png,黎黎隆项目/04_场景/02_场景资产图包/02_R1_场景配色/R1-12_异种村庄_五色组合.png,04_场景/02_场景资产图包/02_R1_场景配色/R1-12_异种村庄_五色组合.png,,04_场景/02_场景资产图包/00_图包索引.md,最近目录索引/说明（非逐图直引）,主场景Canvas: 04_场景/场景总Canvas.canvas#reg_yc_3（邻近文字：诡异渗出点词库 旧锚点被陌生人依赖后 尾关节在城里被远程锁死 公共记录多出没人提供过的证词 脱下的旧壳夜里朝雾区爬）,,主场景Canvas: 诡异渗出点词库 旧锚点被陌生人依赖后 尾关节在城里被远程锁死 公共记录多出没人提供过的证词 脱下的旧壳夜里朝雾区爬,主Canvas有图片直链,04_场景/场景总Canvas.canvas,png,1672,940,2690016,795c5d9e647a203a7de9d9ff24c87448a8c40968b48b1bb85184f7605da35d49,PASS_PNG,黎黎隆项目/04_场景/01_五色视觉系统/R1_场景配色/assets/R1-12_异种村庄_五色组合.png,沿用原库审核状态；此包不把候选/STAGING提升为定稿
LLL-S-0112,场景库,项目场景资产,场景库图片｜02_场景资产图包｜R2-01 机械空港 深墨青主导,文件名与目录层级；未逐张人工视觉描述,03_场景资产图包_图片.zip,images/黎黎隆项目/04_场景/02_场景资产图包/03_R2_主导色/R2-01_机械空港_深墨青主导.png,黎黎隆项目/04_场景/02_场景资产图包/03_R2_主导色/R2-01_机械空港_深墨青主导.png,04_场景/02_场景资产图包/03_R2_主导色/R2-01_机械空港_深墨青主导.png,,04_场景/02_场景资产图包/00_图包索引.md,最近目录索引/说明（非逐图直引）,主场景Canvas: 04_场景/场景总Canvas.canvas#col_d_0（邻近文字：⬛ 深墨青 142A34 世界底 · 骨 · 暗面）,,主场景Canvas: ⬛ 深墨青 142A34 世界底 · 骨 · 暗面,主Canvas有图片直链,04_场景/场景总Canvas.canvas,png,1672,941,2316294,1f0dd1c15b71d564a01d8077b494a41c3bb90cf394ab0c636a958e9e4b73e068,PASS_PNG,黎黎隆项目/04_场景/02_场景资产图包/01_基准图_用户确认/R2-01_机械空港_深墨青主导.png | 黎黎隆项目/04_场景/03_白骨营地/assets/R2-01_机械空港_深墨青主导.png,沿用原库审核状态；此包不把候选/STAGING提升为定稿
LLL-S-0113,场景库,项目场景资产,场景库图片｜02_场景资产图包｜R2-02 机械空港 灰紫主导,文件名与目录层级；未逐张人工视觉描述,03_场景资产图包_图片.zip,images/黎黎隆项目/04_场景/02_场景资产图包/03_R2_主导色/R2-02_机械空港_灰紫主导.png,黎黎隆项目/04_场景/02_场景资产图包/03_R2_主导色/R2-02_机械空港_灰紫主导.png,04_场景/02_场景资产图包/03_R2_主导色/R2-02_机械空港_灰紫主导.png,,04_场景/02_场景资产图包/00_图包索引.md,最近目录索引/说明（非逐图直引）,主场景Canvas: 04_场景/场景总Canvas.canvas#fix_p_r2（邻近文字：🟣 灰紫 855D8F 活体膜 · 诡异魔法 （R2-02 灰紫主导；面积上限实验见07））,,主场景Canvas: 🟣 灰紫 855D8F 活体膜 · 诡异魔法 （R2-02 灰紫主导；面积上限实验见07）,主Canvas有图片直链,04_场景/场景总Canvas.canvas,png,1672,941,2647562,924820a39def6070f7df896e4320c117f70757e128e883c7bfd0430f16a3796a,PASS_PNG,黎黎隆项目/04_场景/03_白骨营地/assets/R2-02_机械空港_灰紫主导.png,沿用原库审核状态；此包不把候选/STAGING提升为定稿
LLL-S-0114,场景库,项目场景资产,场景库图片｜02_场景资产图包｜R2-03 机械空港 暗红主导,文件名与目录层级；未逐张人工视觉描述,03_场景资产图包_图片.zip,images/黎黎隆项目/04_场景/02_场景资产图包/03_R2_主导色/R2-03_机械空港_暗红主导.png,黎黎隆项目/04_场景/02_场景资产图包/03_R2_主导色/R2-03_机械空港_暗红主导.png,04_场景/02_场景资产图包/03_R2_主导色/R2-03_机械空港_暗红主导.png,,04_场景/02_场景资产图包/00_图包索引.md,最近目录索引/说明（非逐图直引）,主场景Canvas: 04_场景/场景总Canvas.canvas#col_r_0（邻近文字：🔴 暗红 913840 不铺满 · 仅状态样本）,,主场景Canvas: 🔴 暗红 913840 不铺满 · 仅状态样本,主Canvas有图片直链,04_场景/场景总Canvas.canvas,png,1672,941,2788528,9eeed9c46b6db8e48fd1ac0aea00d4c67900d170c78a806c183d543323210fe4,PASS_PNG,黎黎隆项目/04_场景/03_白骨营地/assets/R2-03_机械空港_暗红主导.png,沿用原库审核状态；此包不把候选/STAGING提升为定稿
LLL-S-0115,场景库,项目场景资产,场景库图片｜02_场景资产图包｜R2-04 机械空港 青蓝绿主导,文件名与目录层级；未逐张人工视觉描述,03_场景资产图包_图片.zip,images/黎黎隆项目/04_场景/02_场景资产图包/03_R2_主导色/R2-04_机械空港_青蓝绿主导.png,黎黎隆项目/04_场景/02_场景资产图包/03_R2_主导色/R2-04_机械空港_青蓝绿主导.png,04_场景/02_场景资产图包/03_R2_主导色/R2-04_机械空港_青蓝绿主导.png,,04_场景/02_场景资产图包/00_图包索引.md,最近目录索引/说明（非逐图直引）,主场景Canvas: 04_场景/场景总Canvas.canvas#fix_c_r2（邻近文字：🟢 青绿 69D4CE 接口灯光 · 生物能量 （R2-04 青蓝绿主导））,,主场景Canvas: 🟢 青绿 69D4CE 接口灯光 · 生物能量 （R2-04 青蓝绿主导）,主Canvas有图片直链,04_场景/场景总Canvas.canvas,png,1672,941,2900823,c3ad480ea1c90a5f2aa4f2c93b4e65f91490b6b0992ad0626dad8d0e31b1c736,PASS_PNG,黎黎隆项目/04_场景/03_白骨营地/assets/R2-04_机械空港_青蓝绿主导.png,沿用原库审核状态；此包不把候选/STAGING提升为定稿
LLL-S-0116,场景库,项目场景资产,场景库图片｜02_场景资产图包｜R2-05 机械空港 淡青灰主导,文件名与目录层级；未逐张人工视觉描述,03_场景资产图包_图片.zip,images/黎黎隆项目/04_场景/02_场景资产图包/03_R2_主导色/R2-05_机械空港_淡青灰主导.png,黎黎隆项目/04_场景/02_场景资产图包/03_R2_主导色/R2-05_机械空港_淡青灰主导.png,04_场景/02_场景资产图包/03_R2_主导色/R2-05_机械空港_淡青灰主导.png,,04_场景/02_场景资产图包/00_图包索引.md,最近目录索引/说明（非逐图直引）,主场景Canvas: 04_场景/场景总Canvas.canvas#col_l_0（邻近文字：⚪ 淡青灰 CDE7E6 雾 · 留白 · 中立）,,主场景Canvas: ⚪ 淡青灰 CDE7E6 雾 · 留白 · 中立,主Canvas有图片直链,04_场景/场景总Canvas.canvas,png,1672,941,2806769,e5ed1004c5e5aec1567003336709332d10ae9a4bb970901ba1e69173072b8430,PASS_PNG,黎黎隆项目/04_场景/03_白骨营地/assets/R2-05_机械空港_淡青灰主导.png,沿用原库审核状态；此包不把候选/STAGING提升为定稿
LLL-S-0117,场景库,项目场景资产,场景库图片｜02_场景资产图包｜R2-06 机械空港 小和尚 三联颜色构成对照板 v1,文件名与目录层级；未逐张人工视觉描述,03_场景资产图包_图片.zip,images/黎黎隆项目/04_场景/02_场景资产图包/03_R2_主导色/R2-06_机械空港_小和尚_三联颜色构成对照板_v1.png,黎黎隆项目/04_场景/02_场景资产图包/03_R2_主导色/R2-06_机械空港_小和尚_三联颜色构成对照板_v1.png,04_场景/02_场景资产图包/03_R2_主导色/R2-06_机械空港_小和尚_三联颜色构成对照板_v1.png,,04_场景/02_场景资产图包/00_图包索引.md,最近目录索引/说明（非逐图直引）,,,,未找到图片直接节点,04_场景/场景总Canvas.canvas,png,1918,820,2325387,2923108338922df987e95b13e255e75dcb07e9fe11654db618c095baf33b2ba4,PASS_PNG,黎黎隆项目/04_场景/03_白骨营地/assets/R2-06_机械空港_小和尚_三联颜色构成对照板_v1.png,沿用原库审核状态；此包不把候选/STAGING提升为定稿
LLL-S-0118,场景库,项目场景资产,场景库图片｜02_场景资产图包｜R3-01 黎黎 森林湖泊 预跑,文件名与目录层级；未逐张人工视觉描述,03_场景资产图包_图片.zip,images/黎黎隆项目/04_场景/02_场景资产图包/04_R3_角色背景预跑/R3-01_黎黎_森林湖泊_预跑.png,黎黎隆项目/04_场景/02_场景资产图包/04_R3_角色背景预跑/R3-01_黎黎_森林湖泊_预跑.png,04_场景/02_场景资产图包/04_R3_角色背景预跑/R3-01_黎黎_森林湖泊_预跑.png,,04_场景/02_场景资产图包/00_图包索引.md,最近目录索引/说明（非逐图直引）,主场景Canvas: 04_场景/场景总Canvas.canvas#reg_r3_0（邻近文字：R3 角色背景预跑（9） 黎黎/大叔/奇美拉 × 三场景）,,主场景Canvas: R3 角色背景预跑（9） 黎黎/大叔/奇美拉 × 三场景,主Canvas有图片直链,04_场景/场景总Canvas.canvas,png,1672,941,2493472,3d0a20a7696703bea0950d40fd9a4bf5cb05889f8153a897252dab3838b694f6,PASS_PNG,黎黎隆项目/04_场景/01_五色视觉系统/R3_角色背景/assets/预跑_未确认基准/R3-01_黎黎_森林湖泊_预跑.png,沿用原库审核状态；此包不把候选/STAGING提升为定稿
LLL-S-0119,场景库,项目场景资产,场景库图片｜02_场景资产图包｜R3-02 黎黎 机械空港 预跑,文件名与目录层级；未逐张人工视觉描述,03_场景资产图包_图片.zip,images/黎黎隆项目/04_场景/02_场景资产图包/04_R3_角色背景预跑/R3-02_黎黎_机械空港_预跑.png,黎黎隆项目/04_场景/02_场景资产图包/04_R3_角色背景预跑/R3-02_黎黎_机械空港_预跑.png,04_场景/02_场景资产图包/04_R3_角色背景预跑/R3-02_黎黎_机械空港_预跑.png,,04_场景/02_场景资产图包/00_图包索引.md,最近目录索引/说明（非逐图直引）,主场景Canvas: 04_场景/场景总Canvas.canvas#reg_r3_1（邻近文字：R3 角色背景预跑（9） 黎黎/大叔/奇美拉 × 三场景）,,主场景Canvas: R3 角色背景预跑（9） 黎黎/大叔/奇美拉 × 三场景,主Canvas有图片直链,04_场景/场景总Canvas.canvas,png,1672,941,2420456,cbb882fbae5a43640396cbac350373792898a95efc8aae6d64f0c06e4864de40,PASS_PNG,黎黎隆项目/04_场景/01_五色视觉系统/R3_角色背景/assets/预跑_未确认基准/R3-02_黎黎_机械空港_预跑.png,沿用原库审核状态；此包不把候选/STAGING提升为定稿
LLL-S-0120,场景库,项目场景资产,场景库图片｜02_场景资产图包｜R3-03 黎黎 异种村庄 预跑,文件名与目录层级；未逐张人工视觉描述,03_场景资产图包_图片.zip,images/黎黎隆项目/04_场景/02_场景资产图包/04_R3_角色背景预跑/R3-03_黎黎_异种村庄_预跑.png,黎黎隆项目/04_场景/02_场景资产图包/04_R3_角色背景预跑/R3-03_黎黎_异种村庄_预跑.png,04_场景/02_场景资产图包/04_R3_角色背景预跑/R3-03_黎黎_异种村庄_预跑.png,,04_场景/02_场景资产图包/00_图包索引.md,最近目录索引/说明（非逐图直引）,主场景Canvas: 04_场景/场景总Canvas.canvas#reg_r3_2（邻近文字：视觉三定律 1. 五色合成：所有色溯源母色 2. 验收五问（换普通中世纪人成立=失败） 3. 能量=颜色=立场 暗红不铺满 / 青绿=接口灯光 灰紫=活体膜 / 淡青灰=雾与留白）,,主场景Canvas: 视觉三定律 1. 五色合成：所有色溯源母色 2. 验收五问（换普通中世纪人成立=失败） 3. 能量=颜色=立场 暗红不铺满 / 青绿=接口灯光 灰紫=活体膜 / 淡青灰=雾与留白,主Canvas有图片直链,04_场景/场景总Canvas.canvas,png,1672,941,2529490,edcf55c16ddb39af373b4fa418d8468d5c2b68317e97cca0681a7d6df835d279,PASS_PNG,黎黎隆项目/04_场景/01_五色视觉系统/R3_角色背景/assets/预跑_未确认基准/R3-03_黎黎_异种村庄_预跑.png,沿用原库审核状态；此包不把候选/STAGING提升为定稿
LLL-S-0121,场景库,项目场景资产,场景库图片｜02_场景资产图包｜R3-04 大叔 森林湖泊 预跑,文件名与目录层级；未逐张人工视觉描述,03_场景资产图包_图片.zip,images/黎黎隆项目/04_场景/02_场景资产图包/04_R3_角色背景预跑/R3-04_大叔_森林湖泊_预跑.png,黎黎隆项目/04_场景/02_场景资产图包/04_R3_角色背景预跑/R3-04_大叔_森林湖泊_预跑.png,04_场景/02_场景资产图包/04_R3_角色背景预跑/R3-04_大叔_森林湖泊_预跑.png,,04_场景/02_场景资产图包/00_图包索引.md,最近目录索引/说明（非逐图直引）,主场景Canvas: 04_场景/场景总Canvas.canvas#reg_r3_3（邻近文字：视觉三定律 1. 五色合成：所有色溯源母色 2. 验收五问（换普通中世纪人成立=失败） 3. 能量=颜色=立场 暗红不铺满 / 青绿=接口灯光 灰紫=活体膜 / 淡青灰=雾与留白）,,主场景Canvas: 视觉三定律 1. 五色合成：所有色溯源母色 2. 验收五问（换普通中世纪人成立=失败） 3. 能量=颜色=立场 暗红不铺满 / 青绿=接口灯光 灰紫=活体膜 / 淡青灰=雾与留白,主Canvas有图片直链,04_场景/场景总Canvas.canvas,png,1672,941,2314171,7b0e67dd35244aa40826727fdf954d22843d6243a58674c3177240d2a69bbb4f,PASS_PNG,黎黎隆项目/04_场景/01_五色视觉系统/R3_角色背景/assets/预跑_未确认基准/R3-04_大叔_森林湖泊_预跑.png,沿用原库审核状态；此包不把候选/STAGING提升为定稿
LLL-S-0122,场景库,项目场景资产,场景库图片｜02_场景资产图包｜R3-05 大叔 机械空港 预跑,文件名与目录层级；未逐张人工视觉描述,03_场景资产图包_图片.zip,images/黎黎隆项目/04_场景/02_场景资产图包/04_R3_角色背景预跑/R3-05_大叔_机械空港_预跑.png,黎黎隆项目/04_场景/02_场景资产图包/04_R3_角色背景预跑/R3-05_大叔_机械空港_预跑.png,04_场景/02_场景资产图包/04_R3_角色背景预跑/R3-05_大叔_机械空港_预跑.png,,04_场景/02_场景资产图包/00_图包索引.md,最近目录索引/说明（非逐图直引）,主场景Canvas: 04_场景/场景总Canvas.canvas#reg_r3_4（邻近文字：诡异渗出点词库 旧锚点被陌生人依赖后 尾关节在城里被远程锁死 公共记录多出没人提供过的证词 脱下的旧壳夜里朝雾区爬）,,主场景Canvas: 诡异渗出点词库 旧锚点被陌生人依赖后 尾关节在城里被远程锁死 公共记录多出没人提供过的证词 脱下的旧壳夜里朝雾区爬,主Canvas有图片直链,04_场景/场景总Canvas.canvas,png,1672,941,2486350,1c4af9d0b313427af71a898c9c93e7e42d2bc6b4185a6ede154a68c39540bc94,PASS_PNG,黎黎隆项目/04_场景/01_五色视觉系统/R3_角色背景/assets/预跑_未确认基准/R3-05_大叔_机械空港_预跑.png,沿用原库审核状态；此包不把候选/STAGING提升为定稿
LLL-S-0123,场景库,项目场景资产,场景库图片｜02_场景资产图包｜R3-06 大叔 异种村庄 预跑,文件名与目录层级；未逐张人工视觉描述,03_场景资产图包_图片.zip,images/黎黎隆项目/04_场景/02_场景资产图包/04_R3_角色背景预跑/R3-06_大叔_异种村庄_预跑.png,黎黎隆项目/04_场景/02_场景资产图包/04_R3_角色背景预跑/R3-06_大叔_异种村庄_预跑.png,04_场景/02_场景资产图包/04_R3_角色背景预跑/R3-06_大叔_异种村庄_预跑.png,,04_场景/02_场景资产图包/00_图包索引.md,最近目录索引/说明（非逐图直引）,主场景Canvas: 04_场景/场景总Canvas.canvas#reg_r3_5（邻近文字：诡异渗出点词库 旧锚点被陌生人依赖后 尾关节在城里被远程锁死 公共记录多出没人提供过的证词 脱下的旧壳夜里朝雾区爬）,,主场景Canvas: 诡异渗出点词库 旧锚点被陌生人依赖后 尾关节在城里被远程锁死 公共记录多出没人提供过的证词 脱下的旧壳夜里朝雾区爬,主Canvas有图片直链,04_场景/场景总Canvas.canvas,png,1672,941,2413949,b03f252968f052f8397fb084407efb6f846e883b98a078f375f64543e28f5367,PASS_PNG,黎黎隆项目/04_场景/01_五色视觉系统/R3_角色背景/assets/预跑_未确认基准/R3-06_大叔_异种村庄_预跑.png,沿用原库审核状态；此包不把候选/STAGING提升为定稿
LLL-S-0124,场景库,项目场景资产,场景库图片｜02_场景资产图包｜R3-07 奇美拉 森林湖泊 预跑,文件名与目录层级；未逐张人工视觉描述,03_场景资产图包_图片.zip,images/黎黎隆项目/04_场景/02_场景资产图包/04_R3_角色背景预跑/R3-07_奇美拉_森林湖泊_预跑.png,黎黎隆项目/04_场景/02_场景资产图包/04_R3_角色背景预跑/R3-07_奇美拉_森林湖泊_预跑.png,04_场景/02_场景资产图包/04_R3_角色背景预跑/R3-07_奇美拉_森林湖泊_预跑.png,,04_场景/02_场景资产图包/00_图包索引.md,最近目录索引/说明（非逐图直引）,主场景Canvas: 04_场景/场景总Canvas.canvas#reg_r3_6（邻近文字：诡异渗出点词库 旧锚点被陌生人依赖后 尾关节在城里被远程锁死 公共记录多出没人提供过的证词 脱下的旧壳夜里朝雾区爬）,,主场景Canvas: 诡异渗出点词库 旧锚点被陌生人依赖后 尾关节在城里被远程锁死 公共记录多出没人提供过的证词 脱下的旧壳夜里朝雾区爬,主Canvas有图片直链,04_场景/场景总Canvas.canvas,png,1672,941,2478225,6f41172ec182c9ff6480409929df2a0bc24e886b90972759b2fb307887fcacea,PASS_PNG,黎黎隆项目/04_场景/01_五色视觉系统/R3_角色背景/assets/预跑_未确认基准/R3-07_奇美拉_森林湖泊_预跑.png,沿用原库审核状态；此包不把候选/STAGING提升为定稿
LLL-S-0125,场景库,项目场景资产,场景库图片｜02_场景资产图包｜R3-08 奇美拉 机械空港 预跑,文件名与目录层级；未逐张人工视觉描述,03_场景资产图包_图片.zip,images/黎黎隆项目/04_场景/02_场景资产图包/04_R3_角色背景预跑/R3-08_奇美拉_机械空港_预跑.png,黎黎隆项目/04_场景/02_场景资产图包/04_R3_角色背景预跑/R3-08_奇美拉_机械空港_预跑.png,04_场景/02_场景资产图包/04_R3_角色背景预跑/R3-08_奇美拉_机械空港_预跑.png,,04_场景/02_场景资产图包/00_图包索引.md,最近目录索引/说明（非逐图直引）,主场景Canvas: 04_场景/场景总Canvas.canvas#reg_r3_7（邻近文字：诡异渗出点词库 旧锚点被陌生人依赖后 尾关节在城里被远程锁死 公共记录多出没人提供过的证词 脱下的旧壳夜里朝雾区爬）,,主场景Canvas: 诡异渗出点词库 旧锚点被陌生人依赖后 尾关节在城里被远程锁死 公共记录多出没人提供过的证词 脱下的旧壳夜里朝雾区爬,主Canvas有图片直链,04_场景/场景总Canvas.canvas,png,1672,941,2554747,3a1583ea45bc1319477670a3e0f4c3c35b3126f8917d17d74bf919cf7176bef1,PASS_PNG,黎黎隆项目/04_场景/01_五色视觉系统/R3_角色背景/assets/预跑_未确认基准/R3-08_奇美拉_机械空港_预跑.png,沿用原库审核状态；此包不把候选/STAGING提升为定稿
LLL-S-0126,场景库,项目场景资产,场景库图片｜02_场景资产图包｜R3-09 奇美拉 异种村庄 预跑,文件名与目录层级；未逐张人工视觉描述,03_场景资产图包_图片.zip,images/黎黎隆项目/04_场景/02_场景资产图包/04_R3_角色背景预跑/R3-09_奇美拉_异种村庄_预跑.png,黎黎隆项目/04_场景/02_场景资产图包/04_R3_角色背景预跑/R3-09_奇美拉_异种村庄_预跑.png,04_场景/02_场景资产图包/04_R3_角色背景预跑/R3-09_奇美拉_异种村庄_预跑.png,,04_场景/02_场景资产图包/00_图包索引.md,最近目录索引/说明（非逐图直引）,主场景Canvas: 04_场景/场景总Canvas.canvas#reg_r3_8（邻近文字：诡异渗出点词库 旧锚点被陌生人依赖后 尾关节在城里被远程锁死 公共记录多出没人提供过的证词 脱下的旧壳夜里朝雾区爬）,,主场景Canvas: 诡异渗出点词库 旧锚点被陌生人依赖后 尾关节在城里被远程锁死 公共记录多出没人提供过的证词 脱下的旧壳夜里朝雾区爬,主Canvas有图片直链,04_场景/场景总Canvas.canvas,png,1672,941,2485047,b924dff5764b01aa3ab8039456f7230b5363f96de3fc3e41a087a618379b59f1,PASS_PNG,黎黎隆项目/04_场景/01_五色视觉系统/R3_角色背景/assets/预跑_未确认基准/R3-09_奇美拉_异种村庄_预跑.png,沿用原库审核状态；此包不把候选/STAGING提升为定稿
LLL-S-0127,场景库,项目场景资产,场景库图片｜02_场景资产图包｜R4-01 机械空港 起 安静生命,文件名与目录层级；未逐张人工视觉描述,03_场景资产图包_图片.zip,images/黎黎隆项目/04_场景/02_场景资产图包/05_R4_色彩脚本/R4-01_机械空港_起_安静生命.png,黎黎隆项目/04_场景/02_场景资产图包/05_R4_色彩脚本/R4-01_机械空港_起_安静生命.png,04_场景/02_场景资产图包/05_R4_色彩脚本/R4-01_机械空港_起_安静生命.png,,04_场景/02_场景资产图包/00_图包索引.md,最近目录索引/说明（非逐图直引）,主场景Canvas: 04_场景/场景总Canvas.canvas#reg_r4_0（邻近文字：异种村庄（R1-09~12））,,主场景Canvas: 异种村庄（R1-09~12）,主Canvas有图片直链,04_场景/场景总Canvas.canvas,png,1672,941,2159717,96007d1bf055c394ab6e2840e0cfff98eeb500ef3c9979771da4b0d84c74652c,PASS_PNG,黎黎隆项目/04_场景/01_五色视觉系统/R4_色彩脚本/assets/R4-01_机械空港_起_安静生命.png,沿用原库审核状态；此包不把候选/STAGING提升为定稿
LLL-S-0128,场景库,项目场景资产,场景库图片｜02_场景资产图包｜R4-02 机械空港 承 技术接口,文件名与目录层级；未逐张人工视觉描述,03_场景资产图包_图片.zip,images/黎黎隆项目/04_场景/02_场景资产图包/05_R4_色彩脚本/R4-02_机械空港_承_技术接口.png,黎黎隆项目/04_场景/02_场景资产图包/05_R4_色彩脚本/R4-02_机械空港_承_技术接口.png,04_场景/02_场景资产图包/05_R4_色彩脚本/R4-02_机械空港_承_技术接口.png,,04_场景/02_场景资产图包/00_图包索引.md,最近目录索引/说明（非逐图直引）,主场景Canvas: 04_场景/场景总Canvas.canvas#reg_r4_1（邻近文字：异种村庄（R1-09~12））,,主场景Canvas: 异种村庄（R1-09~12）,主Canvas有图片直链,04_场景/场景总Canvas.canvas,png,1672,941,2136862,de6fb0181db5214ba5e6c707dfb0d7f09727c53391d24f41a4247d7248b68294,PASS_PNG,黎黎隆项目/04_场景/01_五色视觉系统/R4_色彩脚本/R4-02_机械空港_承_技术接口.png,沿用原库审核状态；此包不把候选/STAGING提升为定稿
LLL-S-0129,场景库,项目场景资产,场景库图片｜02_场景资产图包｜R4-03 机械空港 转 结构切断,文件名与目录层级；未逐张人工视觉描述,03_场景资产图包_图片.zip,images/黎黎隆项目/04_场景/02_场景资产图包/05_R4_色彩脚本/R4-03_机械空港_转_结构切断.png,黎黎隆项目/04_场景/02_场景资产图包/05_R4_色彩脚本/R4-03_机械空港_转_结构切断.png,04_场景/02_场景资产图包/05_R4_色彩脚本/R4-03_机械空港_转_结构切断.png,,04_场景/02_场景资产图包/00_图包索引.md,最近目录索引/说明（非逐图直引）,主场景Canvas: 04_场景/场景总Canvas.canvas#reg_r4_2（邻近文字：视觉三定律 1. 五色合成：所有色溯源母色 2. 验收五问（换普通中世纪人成立=失败） 3. 能量=颜色=立场 暗红不铺满 / 青绿=接口灯光 灰紫=活体膜 / 淡青灰=雾与留白）,,主场景Canvas: 视觉三定律 1. 五色合成：所有色溯源母色 2. 验收五问（换普通中世纪人成立=失败） 3. 能量=颜色=立场 暗红不铺满 / 青绿=接口灯光 灰紫=活体膜 / 淡青灰=雾与留白,主Canvas有图片直链,04_场景/场景总Canvas.canvas,png,1672,941,2267137,c1b63eec738815cbb7e2584ddb174a98d18df397101cc6328f4309ace0d21712,PASS_PNG,黎黎隆项目/04_场景/01_五色视觉系统/R4_色彩脚本/R4-03_机械空港_转_结构切断.png,沿用原库审核状态；此包不把候选/STAGING提升为定稿
LLL-S-0130,场景库,项目场景资产,场景库图片｜02_场景资产图包｜R4-04 机械空港 合 稳定结果,文件名与目录层级；未逐张人工视觉描述,03_场景资产图包_图片.zip,images/黎黎隆项目/04_场景/02_场景资产图包/05_R4_色彩脚本/R4-04_机械空港_合_稳定结果.png,黎黎隆项目/04_场景/02_场景资产图包/05_R4_色彩脚本/R4-04_机械空港_合_稳定结果.png,04_场景/02_场景资产图包/05_R4_色彩脚本/R4-04_机械空港_合_稳定结果.png,,04_场景/02_场景资产图包/00_图包索引.md,最近目录索引/说明（非逐图直引）,主场景Canvas: 04_场景/场景总Canvas.canvas#reg_r4_3（邻近文字：诡异渗出点词库 旧锚点被陌生人依赖后 尾关节在城里被远程锁死 公共记录多出没人提供过的证词 脱下的旧壳夜里朝雾区爬）,,主场景Canvas: 诡异渗出点词库 旧锚点被陌生人依赖后 尾关节在城里被远程锁死 公共记录多出没人提供过的证词 脱下的旧壳夜里朝雾区爬,主Canvas有图片直链,04_场景/场景总Canvas.canvas,png,1672,941,2241441,df3dbfc9883d93d1e6b01db3184f68c50fe73fca3604c2b5ab3349c3773a8c01,PASS_PNG,黎黎隆项目/04_场景/01_五色视觉系统/R4_色彩脚本/assets/R4-04_机械空港_合_稳定结果.png,沿用原库审核状态；此包不把候选/STAGING提升为定稿
LLL-S-0131,场景库,项目场景资产,场景库图片｜02_场景资产图包｜R5-01 NZ互依 正,文件名与目录层级；未逐张人工视觉描述,03_场景资产图包_图片.zip,images/黎黎隆项目/04_场景/02_场景资产图包/06_R5_十元盲测/R5-01_NZ互依_正.png,黎黎隆项目/04_场景/02_场景资产图包/06_R5_十元盲测/R5-01_NZ互依_正.png,04_场景/02_场景资产图包/06_R5_十元盲测/R5-01_NZ互依_正.png,,04_场景/02_场景资产图包/00_图包索引.md,最近目录索引/说明（非逐图直引）,,,,未找到图片直接节点,04_场景/场景总Canvas.canvas,png,1672,941,2768496,9814fc23d257038a6df6b9c62710b232d1f4aae713e07fe2d4a104fc6003bfeb,PASS_PNG,黎黎隆项目/04_场景/01_五色视觉系统/R5_十元盲测/assets/R5-01_NZ互依_正.png,沿用原库审核状态；此包不把候选/STAGING提升为定稿
LLL-S-0132,场景库,项目场景资产,场景库图片｜02_场景资产图包｜R5-02 NZ互依 对照,文件名与目录层级；未逐张人工视觉描述,03_场景资产图包_图片.zip,images/黎黎隆项目/04_场景/02_场景资产图包/06_R5_十元盲测/R5-02_NZ互依_对照.png,黎黎隆项目/04_场景/02_场景资产图包/06_R5_十元盲测/R5-02_NZ互依_对照.png,04_场景/02_场景资产图包/06_R5_十元盲测/R5-02_NZ互依_对照.png,,04_场景/02_场景资产图包/00_图包索引.md,最近目录索引/说明（非逐图直引）,,,,未找到图片直接节点,04_场景/场景总Canvas.canvas,png,1672,941,2817113,80b116247e00849edbe2a53bf8c675f121c9d1a1630cc99a877aaee35b282e0c,PASS_PNG,黎黎隆项目/04_场景/01_五色视觉系统/R5_十元盲测/assets/R5-02_NZ互依_对照.png,沿用原库审核状态；此包不把候选/STAGING提升为定稿
LLL-S-0133,场景库,项目场景资产,场景库图片｜02_场景资产图包｜R5-03 NZ互依 负,文件名与目录层级；未逐张人工视觉描述,03_场景资产图包_图片.zip,images/黎黎隆项目/04_场景/02_场景资产图包/06_R5_十元盲测/R5-03_NZ互依_负.png,黎黎隆项目/04_场景/02_场景资产图包/06_R5_十元盲测/R5-03_NZ互依_负.png,04_场景/02_场景资产图包/06_R5_十元盲测/R5-03_NZ互依_负.png,,04_场景/02_场景资产图包/00_图包索引.md,最近目录索引/说明（非逐图直引）,,,,未找到图片直接节点,04_场景/场景总Canvas.canvas,png,1672,941,2498740,2ef1a640f286a27f024894792fb150f9217723c3de701c0e6521bf6a10044800,PASS_PNG,黎黎隆项目/04_场景/01_五色视觉系统/R5_十元盲测/assets/R5-03_NZ互依_负.png,沿用原库审核状态；此包不把候选/STAGING提升为定稿
LLL-S-0134,场景库,项目场景资产,场景库图片｜02_场景资产图包｜R5-04 X并Z分割 正,文件名与目录层级；未逐张人工视觉描述,03_场景资产图包_图片.zip,images/黎黎隆项目/04_场景/02_场景资产图包/06_R5_十元盲测/R5-04_X并Z分割_正.png,黎黎隆项目/04_场景/02_场景资产图包/06_R5_十元盲测/R5-04_X并Z分割_正.png,04_场景/02_场景资产图包/06_R5_十元盲测/R5-04_X并Z分割_正.png,,04_场景/02_场景资产图包/00_图包索引.md,最近目录索引/说明（非逐图直引）,,,,未找到图片直接节点,04_场景/场景总Canvas.canvas,png,1672,941,2512055,4049387e4daf132e7f588b7474bfd2bf1538539e473b570743600f3957be2391,PASS_PNG,黎黎隆项目/04_场景/01_五色视觉系统/R5_十元盲测/assets/R5-04_X并Z分割_正.png,沿用原库审核状态；此包不把候选/STAGING提升为定稿
LLL-S-0135,场景库,项目场景资产,场景库图片｜02_场景资产图包｜R5-05 X并Z分割 对照,文件名与目录层级；未逐张人工视觉描述,03_场景资产图包_图片.zip,images/黎黎隆项目/04_场景/02_场景资产图包/06_R5_十元盲测/R5-05_X并Z分割_对照.png,黎黎隆项目/04_场景/02_场景资产图包/06_R5_十元盲测/R5-05_X并Z分割_对照.png,04_场景/02_场景资产图包/06_R5_十元盲测/R5-05_X并Z分割_对照.png,,04_场景/02_场景资产图包/00_图包索引.md,最近目录索引/说明（非逐图直引）,,,,未找到图片直接节点,04_场景/场景总Canvas.canvas,png,1672,941,2356865,b0406187b1669bc159333263b109cef8393d4c7f4f95f5367ac4d92c965e8d51,PASS_PNG,黎黎隆项目/04_场景/01_五色视觉系统/R5_十元盲测/assets/R5-05_X并Z分割_对照.png,沿用原库审核状态；此包不把候选/STAGING提升为定稿
LLL-S-0136,场景库,项目场景资产,场景库图片｜02_场景资产图包｜R5-06 X并Z分割 负,文件名与目录层级；未逐张人工视觉描述,03_场景资产图包_图片.zip,images/黎黎隆项目/04_场景/02_场景资产图包/06_R5_十元盲测/R5-06_X并Z分割_负.png,黎黎隆项目/04_场景/02_场景资产图包/06_R5_十元盲测/R5-06_X并Z分割_负.png,04_场景/02_场景资产图包/06_R5_十元盲测/R5-06_X并Z分割_负.png,,04_场景/02_场景资产图包/00_图包索引.md,最近目录索引/说明（非逐图直引）,,,,未找到图片直接节点,04_场景/场景总Canvas.canvas,png,1672,941,2497799,545bdc35cdb9422036ed71a7e9b862a2652ed818bcdd3fe54cfe0555c6298083,PASS_PNG,黎黎隆项目/04_场景/01_五色视觉系统/R5_十元盲测/assets/R5-06_X并Z分割_负.png,沿用原库审核状态；此包不把候选/STAGING提升为定稿
LLL-S-0137,场景库,项目场景资产,场景库图片｜02_场景资产图包｜R5-07 XN路径约束 正,文件名与目录层级；未逐张人工视觉描述,03_场景资产图包_图片.zip,images/黎黎隆项目/04_场景/02_场景资产图包/06_R5_十元盲测/R5-07_XN路径约束_正.png,黎黎隆项目/04_场景/02_场景资产图包/06_R5_十元盲测/R5-07_XN路径约束_正.png,04_场景/02_场景资产图包/06_R5_十元盲测/R5-07_XN路径约束_正.png,,04_场景/02_场景资产图包/00_图包索引.md,最近目录索引/说明（非逐图直引）,,,,未找到图片直接节点,04_场景/场景总Canvas.canvas,png,1672,941,2521219,818c5cc46bb4cb43a4d3caf613cae6933f63ad72954ebf95e9308331ba739a98,PASS_PNG,黎黎隆项目/04_场景/01_五色视觉系统/R5_十元盲测/assets/R5-07_XN路径约束_正.png,沿用原库审核状态；此包不把候选/STAGING提升为定稿
LLL-S-0138,场景库,项目场景资产,场景库图片｜02_场景资产图包｜R5-08 XN路径约束 对照,文件名与目录层级；未逐张人工视觉描述,03_场景资产图包_图片.zip,images/黎黎隆项目/04_场景/02_场景资产图包/06_R5_十元盲测/R5-08_XN路径约束_对照.png,黎黎隆项目/04_场景/02_场景资产图包/06_R5_十元盲测/R5-08_XN路径约束_对照.png,04_场景/02_场景资产图包/06_R5_十元盲测/R5-08_XN路径约束_对照.png,,04_场景/02_场景资产图包/00_图包索引.md,最近目录索引/说明（非逐图直引）,,,,未找到图片直接节点,04_场景/场景总Canvas.canvas,png,1672,941,2248049,5e31481ad5c0a0e11558065c39b903d0157990321273c37fd80f6317e667a18c,PASS_PNG,黎黎隆项目/04_场景/01_五色视觉系统/R5_十元盲测/assets/R5-08_XN路径约束_对照.png,沿用原库审核状态；此包不把候选/STAGING提升为定稿
LLL-S-0139,场景库,项目场景资产,场景库图片｜02_场景资产图包｜R5-09 XN路径约束 负,文件名与目录层级；未逐张人工视觉描述,03_场景资产图包_图片.zip,images/黎黎隆项目/04_场景/02_场景资产图包/06_R5_十元盲测/R5-09_XN路径约束_负.png,黎黎隆项目/04_场景/02_场景资产图包/06_R5_十元盲测/R5-09_XN路径约束_负.png,04_场景/02_场景资产图包/06_R5_十元盲测/R5-09_XN路径约束_负.png,,04_场景/02_场景资产图包/00_图包索引.md,最近目录索引/说明（非逐图直引）,,,,未找到图片直接节点,04_场景/场景总Canvas.canvas,png,1672,941,2481077,46c728709d845a35398430966f26858fa8135e1ad3e5359b4face99f144cb471,PASS_PNG,黎黎隆项目/04_场景/01_五色视觉系统/R5_十元盲测/assets/R5-09_XN路径约束_负.png,沿用原库审核状态；此包不把候选/STAGING提升为定稿
LLL-S-0140,场景库,项目场景资产,场景库图片｜02_场景资产图包｜A03-01 机械空港 小和尚 面积压力对照板 v1,文件名与目录层级；未逐张人工视觉描述,03_场景资产图包_图片.zip,images/黎黎隆项目/04_场景/02_场景资产图包/07_补充实验/A03-01_机械空港_小和尚_面积压力对照板_v1.png,黎黎隆项目/04_场景/02_场景资产图包/07_补充实验/A03-01_机械空港_小和尚_面积压力对照板_v1.png,04_场景/02_场景资产图包/07_补充实验/A03-01_机械空港_小和尚_面积压力对照板_v1.png,,04_场景/02_场景资产图包/00_图包索引.md,最近目录索引/说明（非逐图直引）,,,,未找到图片直接节点,04_场景/场景总Canvas.canvas,png,2172,724,2482713,39177a182a8f41ecb1770997e508e2bbc82175607a7ac9bb2e6c963506b9f467,PASS_PNG,黎黎隆项目/04_场景/01_五色视觉系统/补充实验/03_面积上限/assets/A03-01_机械空港_小和尚_面积压力对照板_v1.png,沿用原库审核状态；此包不把候选/STAGING提升为定稿
LLL-S-0141,场景库,项目场景资产,场景库图片｜02_场景资产图包｜A03-02 机械空港 小和尚 灰紫中面积单图 v1,文件名与目录层级；未逐张人工视觉描述,03_场景资产图包_图片.zip,images/黎黎隆项目/04_场景/02_场景资产图包/07_补充实验/A03-02_机械空港_小和尚_灰紫中面积单图_v1.png,黎黎隆项目/04_场景/02_场景资产图包/07_补充实验/A03-02_机械空港_小和尚_灰紫中面积单图_v1.png,04_场景/02_场景资产图包/07_补充实验/A03-02_机械空港_小和尚_灰紫中面积单图_v1.png,,04_场景/02_场景资产图包/00_图包索引.md,最近目录索引/说明（非逐图直引）,,,,未找到图片直接节点,04_场景/场景总Canvas.canvas,png,1672,941,3011994,bf3b57e336930cc58d5ed967c93a6c188f6e67ee84eb61ff2b7734c1444371a3,PASS_PNG,黎黎隆项目/04_场景/01_五色视觉系统/补充实验/03_面积上限/assets/A03-02_机械空港_小和尚_灰紫中面积单图_v1.png,沿用原库审核状态；此包不把候选/STAGING提升为定稿
LLL-S-0142,场景库,项目场景资产,场景库图片｜02_场景资产图包｜A03-02 机械空港 小和尚 灰紫低中高面积对照 v1,文件名与目录层级；未逐张人工视觉描述,03_场景资产图包_图片.zip,images/黎黎隆项目/04_场景/02_场景资产图包/07_补充实验/A03-02_机械空港_小和尚_灰紫低中高面积对照_v1.png,黎黎隆项目/04_场景/02_场景资产图包/07_补充实验/A03-02_机械空港_小和尚_灰紫低中高面积对照_v1.png,04_场景/02_场景资产图包/07_补充实验/A03-02_机械空港_小和尚_灰紫低中高面积对照_v1.png,,04_场景/02_场景资产图包/00_图包索引.md,最近目录索引/说明（非逐图直引）,,,,未找到图片直接节点,04_场景/场景总Canvas.canvas,png,2172,724,2471241,144b65681dbf4f6661aad3be93d76cd67223b161bd9a5c4d6d3db2b28b19448b,PASS_PNG,黎黎隆项目/04_场景/01_五色视觉系统/补充实验/03_面积上限/assets/A03-02_机械空港_小和尚_灰紫低中高面积对照_v1.png,沿用原库审核状态；此包不把候选/STAGING提升为定稿
LLL-S-0143,场景库,项目场景资产,场景库图片｜02_场景资产图包｜A03-02 机械空港 小和尚 灰紫低档单图 v2,文件名与目录层级；未逐张人工视觉描述,03_场景资产图包_图片.zip,images/黎黎隆项目/04_场景/02_场景资产图包/07_补充实验/A03-02_机械空港_小和尚_灰紫低档单图_v2.png,黎黎隆项目/04_场景/02_场景资产图包/07_补充实验/A03-02_机械空港_小和尚_灰紫低档单图_v2.png,04_场景/02_场景资产图包/07_补充实验/A03-02_机械空港_小和尚_灰紫低档单图_v2.png,,04_场景/02_场景资产图包/00_图包索引.md,最近目录索引/说明（非逐图直引）,,,,未找到图片直接节点,04_场景/场景总Canvas.canvas,png,1672,941,2390248,e2f59a4db0788430a75b310e1200cae7a1ee018c26aa929ee85fb24a1fd19df0,PASS_PNG,黎黎隆项目/04_场景/01_五色视觉系统/补充实验/03_面积上限/assets/A03-02_机械空港_小和尚_灰紫低档单图_v2.png,沿用原库审核状态；此包不把候选/STAGING提升为定稿
LLL-S-0144,场景库,项目场景资产,场景库图片｜02_场景资产图包｜A03-02 机械空港 小和尚 灰紫低档单图 v3 低技术版,文件名与目录层级；未逐张人工视觉描述,03_场景资产图包_图片.zip,images/黎黎隆项目/04_场景/02_场景资产图包/07_补充实验/A03-02_机械空港_小和尚_灰紫低档单图_v3_低技术版.png,黎黎隆项目/04_场景/02_场景资产图包/07_补充实验/A03-02_机械空港_小和尚_灰紫低档单图_v3_低技术版.png,04_场景/02_场景资产图包/07_补充实验/A03-02_机械空港_小和尚_灰紫低档单图_v3_低技术版.png,,04_场景/02_场景资产图包/00_图包索引.md,最近目录索引/说明（非逐图直引）,,,,未找到图片直接节点,04_场景/场景总Canvas.canvas,png,1672,941,2887873,6ff80c609d9980336ff1ec478b77dd8642a4b5362d631d82fa20a3796d117df0,PASS_PNG,黎黎隆项目/04_场景/01_五色视觉系统/补充实验/03_面积上限/assets/A03-02_机械空港_小和尚_灰紫低档单图_v3_低技术版.png,沿用原库审核状态；此包不把候选/STAGING提升为定稿
LLL-S-0145,场景库,项目场景资产,场景库图片｜02_场景资产图包｜A03-02 机械空港 小和尚 灰紫高面积单图 v1,文件名与目录层级；未逐张人工视觉描述,03_场景资产图包_图片.zip,images/黎黎隆项目/04_场景/02_场景资产图包/07_补充实验/A03-02_机械空港_小和尚_灰紫高面积单图_v1.png,黎黎隆项目/04_场景/02_场景资产图包/07_补充实验/A03-02_机械空港_小和尚_灰紫高面积单图_v1.png,04_场景/02_场景资产图包/07_补充实验/A03-02_机械空港_小和尚_灰紫高面积单图_v1.png,,04_场景/02_场景资产图包/00_图包索引.md,最近目录索引/说明（非逐图直引）,,,,未找到图片直接节点,04_场景/场景总Canvas.canvas,png,1672,941,3063875,1ab414bdf7ab59fd86e3ff6da300a7d95c0b67c33dd5cb4eb9ef3a479e99e13f,PASS_PNG,黎黎隆项目/04_场景/01_五色视觉系统/补充实验/03_面积上限/assets/A03-02_机械空港_小和尚_灰紫高面积单图_v1.png,沿用原库审核状态；此包不把候选/STAGING提升为定稿
LLL-S-0146,场景库,项目场景资产,场景库图片｜02_场景资产图包｜A03-03 机械空港 小和尚 暗红低面积单图 v1,文件名与目录层级；未逐张人工视觉描述,03_场景资产图包_图片.zip,images/黎黎隆项目/04_场景/02_场景资产图包/07_补充实验/A03-03_机械空港_小和尚_暗红低面积单图_v1.png,黎黎隆项目/04_场景/02_场景资产图包/07_补充实验/A03-03_机械空港_小和尚_暗红低面积单图_v1.png,04_场景/02_场景资产图包/07_补充实验/A03-03_机械空港_小和尚_暗红低面积单图_v1.png,,04_场景/02_场景资产图包/00_图包索引.md,最近目录索引/说明（非逐图直引）,,,,未找到图片直接节点,04_场景/场景总Canvas.canvas,png,1672,941,2972946,60f8d8d86eacee862873f8ec12f43b2e8036eeea203184e2725462671af8a02f,PASS_PNG,黎黎隆项目/04_场景/01_五色视觉系统/补充实验/03_面积上限/assets/A03-03_机械空港_小和尚_暗红低面积单图_v1.png,沿用原库审核状态；此包不把候选/STAGING提升为定稿
LLL-S-0147,场景库,项目场景资产,场景库图片｜02_场景资产图包｜A03-03 机械空港 小和尚 暗红高面积单图 v1,文件名与目录层级；未逐张人工视觉描述,03_场景资产图包_图片.zip,images/黎黎隆项目/04_场景/02_场景资产图包/07_补充实验/A03-03_机械空港_小和尚_暗红高面积单图_v1.png,黎黎隆项目/04_场景/02_场景资产图包/07_补充实验/A03-03_机械空港_小和尚_暗红高面积单图_v1.png,04_场景/02_场景资产图包/07_补充实验/A03-03_机械空港_小和尚_暗红高面积单图_v1.png,,04_场景/02_场景资产图包/00_图包索引.md,最近目录索引/说明（非逐图直引）,,,,未找到图片直接节点,04_场景/场景总Canvas.canvas,png,1672,941,3085662,b764f5ba61cf0431776b2c9f6e67db9993754decd06c2a055cabca4163c9ae0d,PASS_PNG,黎黎隆项目/04_场景/01_五色视觉系统/补充实验/03_面积上限/assets/A03-03_机械空港_小和尚_暗红高面积单图_v1.png,沿用原库审核状态；此包不把候选/STAGING提升为定稿
LLL-S-0148,场景库,项目场景资产,场景库图片｜02_场景资产图包｜D02-01 机械空港 小和尚 六种空间分布 v1,文件名与目录层级；未逐张人工视觉描述,03_场景资产图包_图片.zip,images/黎黎隆项目/04_场景/02_场景资产图包/07_补充实验/D02-01_机械空港_小和尚_六种空间分布_v1.png,黎黎隆项目/04_场景/02_场景资产图包/07_补充实验/D02-01_机械空港_小和尚_六种空间分布_v1.png,04_场景/02_场景资产图包/07_补充实验/D02-01_机械空港_小和尚_六种空间分布_v1.png,,04_场景/02_场景资产图包/00_图包索引.md,最近目录索引/说明（非逐图直引）,,,,未找到图片直接节点,04_场景/场景总Canvas.canvas,png,2172,724,2521233,62b70de8ad7c78b4a188ad6a5aaccfb4dce1e6150537d92dd4cecd9e5df0794c,PASS_PNG,黎黎隆项目/04_场景/01_五色视觉系统/补充实验/02_空间分布/assets/D02-01_机械空港_小和尚_六种空间分布_v1.png,沿用原库审核状态；此包不把候选/STAGING提升为定稿
LLL-S-0149,场景库,项目场景资产,场景库图片｜02_场景资产图包｜M04-01 机械空港 小和尚 同色五材质对照板 v1,文件名与目录层级；未逐张人工视觉描述,03_场景资产图包_图片.zip,images/黎黎隆项目/04_场景/02_场景资产图包/07_补充实验/M04-01_机械空港_小和尚_同色五材质对照板_v1.png,黎黎隆项目/04_场景/02_场景资产图包/07_补充实验/M04-01_机械空港_小和尚_同色五材质对照板_v1.png,04_场景/02_场景资产图包/07_补充实验/M04-01_机械空港_小和尚_同色五材质对照板_v1.png,,04_场景/02_场景资产图包/00_图包索引.md,最近目录索引/说明（非逐图直引）,,,,未找到图片直接节点,04_场景/场景总Canvas.canvas,png,2145,733,2616231,ac6e12943bf1ab693447fe435b43a1ea40c1ad2361ed769bc50e2060a34857cb,PASS_PNG,黎黎隆项目/04_场景/01_五色视觉系统/补充实验/04_材质跨材质/assets/M04-01_机械空港_小和尚_同色五材质对照板_v1.png,沿用原库审核状态；此包不把候选/STAGING提升为定稿
LLL-S-0150,场景库,项目场景资产,场景库图片｜02_场景资产图包｜P00-C01 青蓝绿 唯一门洞导航线 v1,文件名与目录层级；未逐张人工视觉描述,03_场景资产图包_图片.zip,images/黎黎隆项目/04_场景/02_场景资产图包/07_补充实验/P00-C01_青蓝绿_唯一门洞导航线_v1.png,黎黎隆项目/04_场景/02_场景资产图包/07_补充实验/P00-C01_青蓝绿_唯一门洞导航线_v1.png,04_场景/02_场景资产图包/07_补充实验/P00-C01_青蓝绿_唯一门洞导航线_v1.png,,04_场景/02_场景资产图包/00_图包索引.md,最近目录索引/说明（非逐图直引）,主场景Canvas: 04_场景/场景总Canvas.canvas#col_c_1（邻近文字：🟢 青绿 69D4CE 接口灯光 · 生物能量 （R2-04 青蓝绿主导））,,主场景Canvas: 🟢 青绿 69D4CE 接口灯光 · 生物能量 （R2-04 青蓝绿主导）,主Canvas有图片直链,04_场景/场景总Canvas.canvas,png,1672,941,2345295,c4941cd175692ea7660dace2b788b8075a3a7905ccebf5577e1653efbf9a4b41,PASS_PNG,黎黎隆项目/04_场景/01_五色视觉系统/补充实验/05_具象化映像/assets/P00-C01_青蓝绿_唯一门洞导航线_v1.png,沿用原库审核状态；此包不把候选/STAGING提升为定稿
LLL-S-0151,场景库,项目场景资产,场景库图片｜02_场景资产图包｜P00-C02 青蓝绿 齿轮软管小泵 v1,文件名与目录层级；未逐张人工视觉描述,03_场景资产图包_图片.zip,images/黎黎隆项目/04_场景/02_场景资产图包/07_补充实验/P00-C02_青蓝绿_齿轮软管小泵_v1.png,黎黎隆项目/04_场景/02_场景资产图包/07_补充实验/P00-C02_青蓝绿_齿轮软管小泵_v1.png,04_场景/02_场景资产图包/07_补充实验/P00-C02_青蓝绿_齿轮软管小泵_v1.png,,04_场景/02_场景资产图包/00_图包索引.md,最近目录索引/说明（非逐图直引）,主场景Canvas: 04_场景/场景总Canvas.canvas#col_c_2（邻近文字：SC-13 O6青色商会签约室 青绿主导 · 地区轴候选见右侧）,,主场景Canvas: SC-13 O6青色商会签约室 青绿主导 · 地区轴候选见右侧,主Canvas有图片直链,04_场景/场景总Canvas.canvas,png,1672,941,2751480,008556b853c6698b014098329abdb4f666f6efffcc143eee5f3857d0120cc58c,PASS_PNG,黎黎隆项目/04_场景/01_五色视觉系统/补充实验/05_具象化映像/assets/P00-C02_青蓝绿_齿轮软管小泵_v1.png,沿用原库审核状态；此包不把候选/STAGING提升为定稿
LLL-S-0152,场景库,项目场景资产,场景库图片｜02_场景资产图包｜P00-C03 青蓝绿 接通后回路亮起 v1,文件名与目录层级；未逐张人工视觉描述,03_场景资产图包_图片.zip,images/黎黎隆项目/04_场景/02_场景资产图包/07_补充实验/P00-C03_青蓝绿_接通后回路亮起_v1.png,黎黎隆项目/04_场景/02_场景资产图包/07_补充实验/P00-C03_青蓝绿_接通后回路亮起_v1.png,04_场景/02_场景资产图包/07_补充实验/P00-C03_青蓝绿_接通后回路亮起_v1.png,,04_场景/02_场景资产图包/00_图包索引.md,最近目录索引/说明（非逐图直引）,主场景Canvas: 04_场景/场景总Canvas.canvas#col_c_3（邻近文字：SC-13 O6青色商会签约室 青绿主导 · 地区轴候选见右侧）,,主场景Canvas: SC-13 O6青色商会签约室 青绿主导 · 地区轴候选见右侧,主Canvas有图片直链,04_场景/场景总Canvas.canvas,png,1672,941,2401789,2866428a19e249ae548b6dfb7f3653c2be3bfb6a054cd594dd105a0b2ec3a108,PASS_PNG,黎黎隆项目/04_场景/01_五色视觉系统/补充实验/05_具象化映像/assets/P00-C03_青蓝绿_接通后回路亮起_v1.png,沿用原库审核状态；此包不把候选/STAGING提升为定稿
LLL-S-0153,场景库,项目场景资产,场景库图片｜02_场景资产图包｜P00-D01 深墨青 尾部第三支点 v1,文件名与目录层级；未逐张人工视觉描述,03_场景资产图包_图片.zip,images/黎黎隆项目/04_场景/02_场景资产图包/07_补充实验/P00-D01_深墨青_尾部第三支点_v1.png,黎黎隆项目/04_场景/02_场景资产图包/07_补充实验/P00-D01_深墨青_尾部第三支点_v1.png,04_场景/02_场景资产图包/07_补充实验/P00-D01_深墨青_尾部第三支点_v1.png,,04_场景/02_场景资产图包/00_图包索引.md,最近目录索引/说明（非逐图直引）,主场景Canvas: 04_场景/场景总Canvas.canvas#col_d_1（邻近文字：⬛ 深墨青 142A34 世界底 · 骨 · 暗面）,,主场景Canvas: ⬛ 深墨青 142A34 世界底 · 骨 · 暗面,主Canvas有图片直链,04_场景/场景总Canvas.canvas,png,1672,941,2527876,5b0529f4ca589bd8e150810fcf986f451466be716c890ed46560d6d781acd90f,PASS_PNG,黎黎隆项目/04_场景/01_五色视觉系统/补充实验/05_具象化映像/assets/P00-D01_深墨青_尾部第三支点_v1.png,沿用原库审核状态；此包不把候选/STAGING提升为定稿
LLL-S-0154,场景库,项目场景资产,场景库图片｜02_场景资产图包｜P00-D02 深墨青 树根顶起旧车架 v1,文件名与目录层级；未逐张人工视觉描述,03_场景资产图包_图片.zip,images/黎黎隆项目/04_场景/02_场景资产图包/07_补充实验/P00-D02_深墨青_树根顶起旧车架_v1.png,黎黎隆项目/04_场景/02_场景资产图包/07_补充实验/P00-D02_深墨青_树根顶起旧车架_v1.png,04_场景/02_场景资产图包/07_补充实验/P00-D02_深墨青_树根顶起旧车架_v1.png,,04_场景/02_场景资产图包/00_图包索引.md,最近目录索引/说明（非逐图直引）,主场景Canvas: 04_场景/场景总Canvas.canvas#col_d_2（邻近文字：SC-13 O6青色商会签约室 青绿主导 · 地区轴候选见右侧）,,主场景Canvas: SC-13 O6青色商会签约室 青绿主导 · 地区轴候选见右侧,主Canvas有图片直链,04_场景/场景总Canvas.canvas,png,1672,941,2610870,37a1484ce8eec6070c1a3f420c91b99c23b4b2ead1cb6fee809c9a64cba70009,PASS_PNG,黎黎隆项目/04_场景/01_五色视觉系统/补充实验/05_具象化映像/assets/P00-D02_深墨青_树根顶起旧车架_v1.png,沿用原库审核状态；此包不把候选/STAGING提升为定稿
LLL-S-0155,场景库,项目场景资产,场景库图片｜02_场景资产图包｜P00-D03 深墨青 卸载露出隐藏孔 v1,文件名与目录层级；未逐张人工视觉描述,03_场景资产图包_图片.zip,images/黎黎隆项目/04_场景/02_场景资产图包/07_补充实验/P00-D03_深墨青_卸载露出隐藏孔_v1.png,黎黎隆项目/04_场景/02_场景资产图包/07_补充实验/P00-D03_深墨青_卸载露出隐藏孔_v1.png,04_场景/02_场景资产图包/07_补充实验/P00-D03_深墨青_卸载露出隐藏孔_v1.png,,04_场景/02_场景资产图包/00_图包索引.md,最近目录索引/说明（非逐图直引）,主场景Canvas: 04_场景/场景总Canvas.canvas#col_d_3（邻近文字：SC-13 O6青色商会签约室 青绿主导 · 地区轴候选见右侧）,,主场景Canvas: SC-13 O6青色商会签约室 青绿主导 · 地区轴候选见右侧,主Canvas有图片直链,04_场景/场景总Canvas.canvas,png,1672,941,2402738,6aaa48634417648d21b2700c245042b0393656bc91268022fa07fcf36e71accd,PASS_PNG,黎黎隆项目/04_场景/01_五色视觉系统/补充实验/05_具象化映像/assets/P00-D03_深墨青_卸载露出隐藏孔_v1.png,沿用原库审核状态；此包不把候选/STAGING提升为定稿
LLL-S-0156,场景库,项目场景资产,场景库图片｜02_场景资产图包｜P00-L01 淡青灰 湖面薄雾 v1,文件名与目录层级；未逐张人工视觉描述,03_场景资产图包_图片.zip,images/黎黎隆项目/04_场景/02_场景资产图包/07_补充实验/P00-L01_淡青灰_湖面薄雾_v1.png,黎黎隆项目/04_场景/02_场景资产图包/07_补充实验/P00-L01_淡青灰_湖面薄雾_v1.png,04_场景/02_场景资产图包/07_补充实验/P00-L01_淡青灰_湖面薄雾_v1.png,,04_场景/02_场景资产图包/00_图包索引.md,最近目录索引/说明（非逐图直引）,主场景Canvas: 04_场景/场景总Canvas.canvas#col_l_1（邻近文字：⭐ 基准图｜用户确认（出图先对这三张））,,主场景Canvas: ⭐ 基准图｜用户确认（出图先对这三张）,主Canvas有图片直链,04_场景/场景总Canvas.canvas,png,1672,941,2559407,73c79d9c2ed955a43406b3e7b611b3d8743ae2efae90d1a0e3cdee4de7f16f29,PASS_PNG,黎黎隆项目/04_场景/01_五色视觉系统/补充实验/05_具象化映像/assets/P00-L01_淡青灰_湖面薄雾_v1.png,沿用原库审核状态；此包不把候选/STAGING提升为定稿
LLL-S-0157,场景库,项目场景资产,场景库图片｜02_场景资产图包｜P00-L02 淡青灰 钙化空腔边缘 v1,文件名与目录层级；未逐张人工视觉描述,03_场景资产图包_图片.zip,images/黎黎隆项目/04_场景/02_场景资产图包/07_补充实验/P00-L02_淡青灰_钙化空腔边缘_v1.png,黎黎隆项目/04_场景/02_场景资产图包/07_补充实验/P00-L02_淡青灰_钙化空腔边缘_v1.png,04_场景/02_场景资产图包/07_补充实验/P00-L02_淡青灰_钙化空腔边缘_v1.png,,04_场景/02_场景资产图包/00_图包索引.md,最近目录索引/说明（非逐图直引）,主场景Canvas: 04_场景/场景总Canvas.canvas#col_l_2（邻近文字：⭐ 基准图｜用户确认（出图先对这三张））,,主场景Canvas: ⭐ 基准图｜用户确认（出图先对这三张）,主Canvas有图片直链,04_场景/场景总Canvas.canvas,png,1672,941,2641844,06f91d7762ee979f9b9884ee54ea183c0a893a3df1153db0afdc095674a5b1ab,PASS_PNG,黎黎隆项目/04_场景/01_五色视觉系统/补充实验/05_具象化映像/assets/P00-L02_淡青灰_钙化空腔边缘_v1.png,沿用原库审核状态；此包不把候选/STAGING提升为定稿
LLL-S-0158,场景库,项目场景资产,场景库图片｜02_场景资产图包｜P00-L03 淡青灰 蒸汽散尽显出路线 v1,文件名与目录层级；未逐张人工视觉描述,03_场景资产图包_图片.zip,images/黎黎隆项目/04_场景/02_场景资产图包/07_补充实验/P00-L03_淡青灰_蒸汽散尽显出路线_v1.png,黎黎隆项目/04_场景/02_场景资产图包/07_补充实验/P00-L03_淡青灰_蒸汽散尽显出路线_v1.png,04_场景/02_场景资产图包/07_补充实验/P00-L03_淡青灰_蒸汽散尽显出路线_v1.png,,04_场景/02_场景资产图包/00_图包索引.md,最近目录索引/说明（非逐图直引）,主场景Canvas: 04_场景/场景总Canvas.canvas#col_l_3（邻近文字：SC-13 O6青色商会签约室 青绿主导 · 地区轴候选见右侧）,,主场景Canvas: SC-13 O6青色商会签约室 青绿主导 · 地区轴候选见右侧,主Canvas有图片直链,04_场景/场景总Canvas.canvas,png,1672,941,2708545,c7eaa440121d09f8237552cda23e6daa03357d371f358dfae146caa1847726ee,PASS_PNG,黎黎隆项目/04_场景/01_五色视觉系统/补充实验/05_具象化映像/assets/P00-L03_淡青灰_蒸汽散尽显出路线_v1.png,沿用原库审核状态；此包不把候选/STAGING提升为定稿
LLL-S-0159,场景库,项目场景资产,场景库图片｜02_场景资产图包｜P00-P01 灰紫 骨门活膜 v1,文件名与目录层级；未逐张人工视觉描述,03_场景资产图包_图片.zip,images/黎黎隆项目/04_场景/02_场景资产图包/07_补充实验/P00-P01_灰紫_骨门活膜_v1.png,黎黎隆项目/04_场景/02_场景资产图包/07_补充实验/P00-P01_灰紫_骨门活膜_v1.png,04_场景/02_场景资产图包/07_补充实验/P00-P01_灰紫_骨门活膜_v1.png,,04_场景/02_场景资产图包/00_图包索引.md,最近目录索引/说明（非逐图直引）,主场景Canvas: 04_场景/场景总Canvas.canvas#col_p_1（邻近文字：🟣 灰紫 855D8F 活体膜 · 诡异魔法 （R2-02 灰紫主导；面积上限实验见07））,,主场景Canvas: 🟣 灰紫 855D8F 活体膜 · 诡异魔法 （R2-02 灰紫主导；面积上限实验见07）,主Canvas有图片直链,04_场景/场景总Canvas.canvas,png,1672,941,2364379,08d5025889fc0d6ef1f38ca747613aa9243bae685bdc769dbd60010124375790,PASS_PNG,黎黎隆项目/04_场景/01_五色视觉系统/补充实验/05_具象化映像/assets/P00-P01_灰紫_骨门活膜_v1.png,沿用原库审核状态；此包不把候选/STAGING提升为定稿
LLL-S-0160,场景库,项目场景资产,场景库图片｜02_场景资产图包｜P00-P02 灰紫 断口缝合菌束 v1,文件名与目录层级；未逐张人工视觉描述,03_场景资产图包_图片.zip,images/黎黎隆项目/04_场景/02_场景资产图包/07_补充实验/P00-P02_灰紫_断口缝合菌束_v1.png,黎黎隆项目/04_场景/02_场景资产图包/07_补充实验/P00-P02_灰紫_断口缝合菌束_v1.png,04_场景/02_场景资产图包/07_补充实验/P00-P02_灰紫_断口缝合菌束_v1.png,,04_场景/02_场景资产图包/00_图包索引.md,最近目录索引/说明（非逐图直引）,主场景Canvas: 04_场景/场景总Canvas.canvas#col_p_2（邻近文字：🟣 灰紫 855D8F 活体膜 · 诡异魔法 （R2-02 灰紫主导；面积上限实验见07））,,主场景Canvas: 🟣 灰紫 855D8F 活体膜 · 诡异魔法 （R2-02 灰紫主导；面积上限实验见07）,主Canvas有图片直链,04_场景/场景总Canvas.canvas,png,1672,941,2523038,8ef6d1ccee776fb2153a1ed52a99a322c8192c1ef2cc4e78f80fc6afc8f41694,PASS_PNG,黎黎隆项目/04_场景/01_五色视觉系统/补充实验/05_具象化映像/assets/P00-P02_灰紫_断口缝合菌束_v1.png,沿用原库审核状态；此包不把候选/STAGING提升为定稿
LLL-S-0161,场景库,项目场景资产,场景库图片｜02_场景资产图包｜P00-P03 灰紫 导热生体管 v1,文件名与目录层级；未逐张人工视觉描述,03_场景资产图包_图片.zip,images/黎黎隆项目/04_场景/02_场景资产图包/07_补充实验/P00-P03_灰紫_导热生体管_v1.png,黎黎隆项目/04_场景/02_场景资产图包/07_补充实验/P00-P03_灰紫_导热生体管_v1.png,04_场景/02_场景资产图包/07_补充实验/P00-P03_灰紫_导热生体管_v1.png,,04_场景/02_场景资产图包/00_图包索引.md,最近目录索引/说明（非逐图直引）,主场景Canvas: 04_场景/场景总Canvas.canvas#col_p_3（邻近文字：SC-13 O6青色商会签约室 青绿主导 · 地区轴候选见右侧）,,主场景Canvas: SC-13 O6青色商会签约室 青绿主导 · 地区轴候选见右侧,主Canvas有图片直链,04_场景/场景总Canvas.canvas,png,1672,941,2532590,8c59a63763e063befcead8e20eb998b10e771ed0464fb3cd316d9c376e16f060,PASS_PNG,黎黎隆项目/04_场景/01_五色视觉系统/补充实验/05_具象化映像/assets/P00-P03_灰紫_导热生体管_v1.png,沿用原库审核状态；此包不把候选/STAGING提升为定稿
LLL-S-0162,场景库,项目场景资产,场景库图片｜02_场景资产图包｜P00-R01 暗红 断桥端生命脉点 v1,文件名与目录层级；未逐张人工视觉描述,03_场景资产图包_图片.zip,images/黎黎隆项目/04_场景/02_场景资产图包/07_补充实验/P00-R01_暗红_断桥端生命脉点_v1.png,黎黎隆项目/04_场景/02_场景资产图包/07_补充实验/P00-R01_暗红_断桥端生命脉点_v1.png,04_场景/02_场景资产图包/07_补充实验/P00-R01_暗红_断桥端生命脉点_v1.png,,04_场景/02_场景资产图包/00_图包索引.md,最近目录索引/说明（非逐图直引）,主场景Canvas: 04_场景/场景总Canvas.canvas#col_r_1（邻近文字：🔴 暗红 913840 不铺满 · 仅状态样本）,,主场景Canvas: 🔴 暗红 913840 不铺满 · 仅状态样本,主Canvas有图片直链,04_场景/场景总Canvas.canvas,png,1672,941,2158539,c86a6648fa511c07e8bf6532ca3a5c97d1d2c430d3335c89c724dfa99c9c80ba,PASS_PNG,黎黎隆项目/04_场景/01_五色视觉系统/补充实验/05_具象化映像/assets/P00-R01_暗红_断桥端生命脉点_v1.png,沿用原库审核状态；此包不把候选/STAGING提升为定稿
LLL-S-0163,场景库,项目场景资产,场景库图片｜02_场景资产图包｜P00-R02 暗红 过热接口压力痕 v1,文件名与目录层级；未逐张人工视觉描述,03_场景资产图包_图片.zip,images/黎黎隆项目/04_场景/02_场景资产图包/07_补充实验/P00-R02_暗红_过热接口压力痕_v1.png,黎黎隆项目/04_场景/02_场景资产图包/07_补充实验/P00-R02_暗红_过热接口压力痕_v1.png,04_场景/02_场景资产图包/07_补充实验/P00-R02_暗红_过热接口压力痕_v1.png,,04_场景/02_场景资产图包/00_图包索引.md,最近目录索引/说明（非逐图直引）,主场景Canvas: 04_场景/场景总Canvas.canvas#col_r_2（邻近文字：SC-13 O6青色商会签约室 青绿主导 · 地区轴候选见右侧）,,主场景Canvas: SC-13 O6青色商会签约室 青绿主导 · 地区轴候选见右侧,主Canvas有图片直链,04_场景/场景总Canvas.canvas,png,1672,941,2308104,683c455b60841d803aa20f68c627792e5f037ec69ce5dda8218821f1632c0942,PASS_PNG,黎黎隆项目/04_场景/01_五色视觉系统/补充实验/05_具象化映像/assets/P00-R02_暗红_过热接口压力痕_v1.png,沿用原库审核状态；此包不把候选/STAGING提升为定稿
LLL-S-0164,场景库,项目场景资产,场景库图片｜02_场景资产图包｜P00-R03 暗红 公共维修台故障标记 v1,文件名与目录层级；未逐张人工视觉描述,03_场景资产图包_图片.zip,images/黎黎隆项目/04_场景/02_场景资产图包/07_补充实验/P00-R03_暗红_公共维修台故障标记_v1.png,黎黎隆项目/04_场景/02_场景资产图包/07_补充实验/P00-R03_暗红_公共维修台故障标记_v1.png,04_场景/02_场景资产图包/07_补充实验/P00-R03_暗红_公共维修台故障标记_v1.png,,04_场景/02_场景资产图包/00_图包索引.md,最近目录索引/说明（非逐图直引）,主场景Canvas: 04_场景/场景总Canvas.canvas#col_r_3（邻近文字：SC-13 O6青色商会签约室 青绿主导 · 地区轴候选见右侧）,,主场景Canvas: SC-13 O6青色商会签约室 青绿主导 · 地区轴候选见右侧,主Canvas有图片直链,04_场景/场景总Canvas.canvas,png,1672,941,2671978,f9d88f7cce418628dfa18278c5894a5f284ff5f69cdf2431129471e80212efc1,PASS_PNG,黎黎隆项目/04_场景/01_五色视觉系统/补充实验/05_具象化映像/assets/P00-R03_暗红_公共维修台故障标记_v1.png,沿用原库审核状态；此包不把候选/STAGING提升为定稿
LLL-S-0165,场景库,项目场景资产,场景库图片｜02_场景资产图包｜新世界地图 第一片共证区域 候选01,文件名与目录层级；未逐张人工视觉描述,03_场景资产图包_图片.zip,images/黎黎隆项目/04_场景/02_场景资产图包/08_地图与全景/新世界地图_第一片共证区域_候选01.png,黎黎隆项目/04_场景/02_场景资产图包/08_地图与全景/新世界地图_第一片共证区域_候选01.png,04_场景/02_场景资产图包/08_地图与全景/新世界地图_第一片共证区域_候选01.png,01_世界观/03_NEW_CANDIDATES/头像角色小世界观_独立探索_2026-09-24/README_探索方向与署名.md,01_世界观/03_NEW_CANDIDATES/头像角色小世界观_独立探索_2026-09-24/README_探索方向与署名.md,Markdown直接引用,主场景Canvas: 04_场景/场景总Canvas.canvas#map_newworld（邻近文字：SC-12 O1塔站登记大厅 墨青主导 · 地区轴候选见右侧）,其他Canvas: 01_世界观/03_NEW_CANDIDATES/头像角色小世界观_独立探索_2026-09-24/三轮入选头像_独立世界发散.canvas#c800000000000002,主场景Canvas: SC-12 O1塔站登记大厅 墨青主导 · 地区轴候选见右侧,主Canvas有图片直链,04_场景/场景总Canvas.canvas,png,1536,1024,3174838,f09812824a12baff0daee2371f110b92f292470c432222bc03f6a6572e45aedc,PASS_PNG,,沿用原库审核状态；此包不把候选/STAGING提升为定稿
LLL-S-0166,场景库,项目场景资产,场景库图片｜02_场景资产图包｜黎黎隆 统合地图 v0.2,文件名与目录层级；未逐张人工视觉描述,03_场景资产图包_图片.zip,images/黎黎隆项目/04_场景/02_场景资产图包/08_地图与全景/黎黎隆_统合地图_v0.2.svg,黎黎隆项目/04_场景/02_场景资产图包/08_地图与全景/黎黎隆_统合地图_v0.2.svg,04_场景/02_场景资产图包/08_地图与全景/黎黎隆_统合地图_v0.2.svg,,04_场景/02_场景资产图包/00_图包索引.md,最近目录索引/说明（非逐图直引）,主场景Canvas: 04_场景/场景总Canvas.canvas#map_total（邻近文字：🎨 五色轴｜P00 母色具象化映像×15 每色 3 张（每色100词映像→筛3种子）；青蓝绿/灰紫行附 R2 主导色样本；发散库与实验总览见下方卡片）,,主场景Canvas: 🎨 五色轴｜P00 母色具象化映像×15 每色 3 张（每色100词映像→筛3种子）；青蓝绿/灰紫行附 R2 主导色样本；发散库与实验总览见下方卡片,主Canvas有图片直链,04_场景/场景总Canvas.canvas,svg,0 0 1500 1160,0 0 1500 1160,22989,9e2d61d329b857a39b5342395a74679bd89cfa02e4fddc62087609519ee891f6,PASS_XML,黎黎隆项目/03_角色/角色库/04_线B_60池/黎黎隆_统合地图_v0.2.svg,沿用原库审核状态；此包不把候选/STAGING提升为定稿
LLL-S-0167,场景库,项目场景资产,场景库图片｜02_场景资产图包｜黎黎隆区域地图 候选01,文件名与目录层级；未逐张人工视觉描述,03_场景资产图包_图片.zip,images/黎黎隆项目/04_场景/02_场景资产图包/08_地图与全景/黎黎隆区域地图_候选01.png,黎黎隆项目/04_场景/02_场景资产图包/08_地图与全景/黎黎隆区域地图_候选01.png,04_场景/02_场景资产图包/08_地图与全景/黎黎隆区域地图_候选01.png,01_世界观/03_NEW_CANDIDATES/黎黎隆地图探索_2026-09-25/黎黎隆区域地图_图例与设定边界.md,01_世界观/03_NEW_CANDIDATES/黎黎隆地图探索_2026-09-25/黎黎隆区域地图_图例与设定边界.md,Markdown直接引用,主场景Canvas: 04_场景/场景总Canvas.canvas#map_region（邻近文字：SC-12 O1塔站登记大厅 墨青主导 · 地区轴候选见右侧）,其他Canvas: 01_世界观/03_NEW_CANDIDATES/黎黎隆地图探索_2026-09-25/黎黎隆地图探索.canvas#e8250e9000000001,主场景Canvas: SC-12 O1塔站登记大厅 墨青主导 · 地区轴候选见右侧,主Canvas有图片直链,04_场景/场景总Canvas.canvas,png,1536,1024,3399669,6229c949bf2c7fb7437bebfa36757c2049f10049a35568ef717d801765bb0b14,PASS_PNG,,沿用原库审核状态；此包不把候选/STAGING提升为定稿
LLL-S-0168,场景库,项目场景资产,场景库图片｜02_场景资产图包｜exec-0203b91f-7641-4180-a98a-6b6f08b0a083,文件名与目录层级；未逐张人工视觉描述,03_场景资产图包_图片.zip,images/黎黎隆项目/04_场景/02_场景资产图包/10_视觉锚点图_七色场/exec-0203b91f-7641-4180-a98a-6b6f08b0a083.png,黎黎隆项目/04_场景/02_场景资产图包/10_视觉锚点图_七色场/exec-0203b91f-7641-4180-a98a-6b6f08b0a083.png,04_场景/02_场景资产图包/10_视觉锚点图_七色场/exec-0203b91f-7641-4180-a98a-6b6f08b0a083.png,,04_场景/02_场景资产图包/00_图包索引.md,最近目录索引/说明（非逐图直引）,,,,未找到图片直接节点,04_场景/场景总Canvas.canvas,png,1536,1024,2661391,c09979f03adc0f1632015bca829876a8304c9af40d80e49a4d2415ea1d9d8bea,PASS_PNG,,沿用原库审核状态；此包不把候选/STAGING提升为定稿
LLL-S-0169,场景库,项目场景资产,场景库图片｜02_场景资产图包｜exec-16d7f993-0076-49f9-a24d-39b9c518e9cb,文件名与目录层级；未逐张人工视觉描述,03_场景资产图包_图片.zip,images/黎黎隆项目/04_场景/02_场景资产图包/10_视觉锚点图_七色场/exec-16d7f993-0076-49f9-a24d-39b9c518e9cb.png,黎黎隆项目/04_场景/02_场景资产图包/10_视觉锚点图_七色场/exec-16d7f993-0076-49f9-a24d-39b9c518e9cb.png,04_场景/02_场景资产图包/10_视觉锚点图_七色场/exec-16d7f993-0076-49f9-a24d-39b9c518e9cb.png,,04_场景/02_场景资产图包/00_图包索引.md,最近目录索引/说明（非逐图直引）,,,,未找到图片直接节点,04_场景/场景总Canvas.canvas,png,1536,1024,2379395,ea2818b58587b59bc800b7dcf2e3c88feb9daf829543dd7896e6f5560756b515,PASS_PNG,,沿用原库审核状态；此包不把候选/STAGING提升为定稿
LLL-S-0170,场景库,项目场景资产,场景库图片｜02_场景资产图包｜exec-4b402cdb-590d-4ce0-829f-320b1dc21860,文件名与目录层级；未逐张人工视觉描述,03_场景资产图包_图片.zip,images/黎黎隆项目/04_场景/02_场景资产图包/10_视觉锚点图_七色场/exec-4b402cdb-590d-4ce0-829f-320b1dc21860.png,黎黎隆项目/04_场景/02_场景资产图包/10_视觉锚点图_七色场/exec-4b402cdb-590d-4ce0-829f-320b1dc21860.png,04_场景/02_场景资产图包/10_视觉锚点图_七色场/exec-4b402cdb-590d-4ce0-829f-320b1dc21860.png,,04_场景/02_场景资产图包/00_图包索引.md,最近目录索引/说明（非逐图直引）,,,,未找到图片直接节点,04_场景/场景总Canvas.canvas,png,1536,1024,2426206,ccabbe4264a7ada4d6f498f26cb182af451909b1341de8a8ae66bb8505f15a83,PASS_PNG,,沿用原库审核状态；此包不把候选/STAGING提升为定稿
LLL-S-0171,场景库,项目场景资产,场景库图片｜02_场景资产图包｜exec-520f010a-2bc9-4a9f-b7b7-5b720fc62cd1,文件名与目录层级；未逐张人工视觉描述,03_场景资产图包_图片.zip,images/黎黎隆项目/04_场景/02_场景资产图包/10_视觉锚点图_七色场/exec-520f010a-2bc9-4a9f-b7b7-5b720fc62cd1.png,黎黎隆项目/04_场景/02_场景资产图包/10_视觉锚点图_七色场/exec-520f010a-2bc9-4a9f-b7b7-5b720fc62cd1.png,04_场景/02_场景资产图包/10_视觉锚点图_七色场/exec-520f010a-2bc9-4a9f-b7b7-5b720fc62cd1.png,,04_场景/02_场景资产图包/00_图包索引.md,最近目录索引/说明（非逐图直引）,,,,未找到图片直接节点,04_场景/场景总Canvas.canvas,png,1536,1024,2454495,a43c75e03b464b9b6c4a83c9c9203ddbefc238b4b1cbea7ce47e8aceda39310e,PASS_PNG,,沿用原库审核状态；此包不把候选/STAGING提升为定稿
LLL-S-0172,场景库,项目场景资产,场景库图片｜02_场景资产图包｜exec-5b3df1fa-ec6c-4b06-ac7c-dead8258338c,文件名与目录层级；未逐张人工视觉描述,03_场景资产图包_图片.zip,images/黎黎隆项目/04_场景/02_场景资产图包/10_视觉锚点图_七色场/exec-5b3df1fa-ec6c-4b06-ac7c-dead8258338c.png,黎黎隆项目/04_场景/02_场景资产图包/10_视觉锚点图_七色场/exec-5b3df1fa-ec6c-4b06-ac7c-dead8258338c.png,04_场景/02_场景资产图包/10_视觉锚点图_七色场/exec-5b3df1fa-ec6c-4b06-ac7c-dead8258338c.png,,04_场景/02_场景资产图包/00_图包索引.md,最近目录索引/说明（非逐图直引）,,,,未找到图片直接节点,04_场景/场景总Canvas.canvas,png,1536,1024,2448612,973c3cd6e110f41a2f1bf07f2951449f0921d840c23eae442e20282f66a1a687,PASS_PNG,,沿用原库审核状态；此包不把候选/STAGING提升为定稿
LLL-S-0173,场景库,项目场景资产,场景库图片｜02_场景资产图包｜exec-6161beed-01c8-4f44-a4d6-e82f279d1ad5,文件名与目录层级；未逐张人工视觉描述,03_场景资产图包_图片.zip,images/黎黎隆项目/04_场景/02_场景资产图包/10_视觉锚点图_七色场/exec-6161beed-01c8-4f44-a4d6-e82f279d1ad5.png,黎黎隆项目/04_场景/02_场景资产图包/10_视觉锚点图_七色场/exec-6161beed-01c8-4f44-a4d6-e82f279d1ad5.png,04_场景/02_场景资产图包/10_视觉锚点图_七色场/exec-6161beed-01c8-4f44-a4d6-e82f279d1ad5.png,,04_场景/02_场景资产图包/00_图包索引.md,最近目录索引/说明（非逐图直引）,,,,未找到图片直接节点,04_场景/场景总Canvas.canvas,png,1536,1024,2417333,4bbaab571467cd05ba9d68aad3c8b1dc493ce1cbbab7ab96aadf342478ad195c,PASS_PNG,,沿用原库审核状态；此包不把候选/STAGING提升为定稿
LLL-S-0174,场景库,项目场景资产,场景库图片｜02_场景资产图包｜exec-7aca75bf-4583-4c41-8ca0-dfc11613abd0,文件名与目录层级；未逐张人工视觉描述,03_场景资产图包_图片.zip,images/黎黎隆项目/04_场景/02_场景资产图包/10_视觉锚点图_七色场/exec-7aca75bf-4583-4c41-8ca0-dfc11613abd0.png,黎黎隆项目/04_场景/02_场景资产图包/10_视觉锚点图_七色场/exec-7aca75bf-4583-4c41-8ca0-dfc11613abd0.png,04_场景/02_场景资产图包/10_视觉锚点图_七色场/exec-7aca75bf-4583-4c41-8ca0-dfc11613abd0.png,,04_场景/02_场景资产图包/00_图包索引.md,最近目录索引/说明（非逐图直引）,,,,未找到图片直接节点,04_场景/场景总Canvas.canvas,png,1536,1024,2515976,4f63889baf290eaafb2399560b8e211ed57a95e3f8da2ae7223d18a4ca179d88,PASS_PNG,,沿用原库审核状态；此包不把候选/STAGING提升为定稿
LLL-S-0175,场景库,项目场景资产,场景库图片｜02_场景资产图包｜exec-8b704cdb-6f41-4c03-90bc-5ef6086de83e,文件名与目录层级；未逐张人工视觉描述,03_场景资产图包_图片.zip,images/黎黎隆项目/04_场景/02_场景资产图包/10_视觉锚点图_七色场/exec-8b704cdb-6f41-4c03-90bc-5ef6086de83e.png,黎黎隆项目/04_场景/02_场景资产图包/10_视觉锚点图_七色场/exec-8b704cdb-6f41-4c03-90bc-5ef6086de83e.png,04_场景/02_场景资产图包/10_视觉锚点图_七色场/exec-8b704cdb-6f41-4c03-90bc-5ef6086de83e.png,,04_场景/02_场景资产图包/00_图包索引.md,最近目录索引/说明（非逐图直引）,,,,未找到图片直接节点,04_场景/场景总Canvas.canvas,png,1536,1024,2514043,d8251cb522b3a96db75242cddd3adda56ed3342678e20aacf557b958116b363e,PASS_PNG,,沿用原库审核状态；此包不把候选/STAGING提升为定稿
LLL-S-0176,场景库,项目场景资产,场景库图片｜02_场景资产图包｜exec-90f4cc0b-046c-43d5-a93d-67a16f5e89e8,文件名与目录层级；未逐张人工视觉描述,03_场景资产图包_图片.zip,images/黎黎隆项目/04_场景/02_场景资产图包/10_视觉锚点图_七色场/exec-90f4cc0b-046c-43d5-a93d-67a16f5e89e8.png,黎黎隆项目/04_场景/02_场景资产图包/10_视觉锚点图_七色场/exec-90f4cc0b-046c-43d5-a93d-67a16f5e89e8.png,04_场景/02_场景资产图包/10_视觉锚点图_七色场/exec-90f4cc0b-046c-43d5-a93d-67a16f5e89e8.png,,04_场景/02_场景资产图包/00_图包索引.md,最近目录索引/说明（非逐图直引）,,,,未找到图片直接节点,04_场景/场景总Canvas.canvas,png,1536,1024,2458928,2b9658b6664d8b1d44ecf6f7ff542c44f34c7af18e82ad2ce2b313ec2d33019a,PASS_PNG,,沿用原库审核状态；此包不把候选/STAGING提升为定稿
LLL-S-0177,场景库,项目场景资产,场景库图片｜02_场景资产图包｜exec-cd759502-0452-4552-aec7-fa86d3bf4f02,文件名与目录层级；未逐张人工视觉描述,03_场景资产图包_图片.zip,images/黎黎隆项目/04_场景/02_场景资产图包/10_视觉锚点图_七色场/exec-cd759502-0452-4552-aec7-fa86d3bf4f02.png,黎黎隆项目/04_场景/02_场景资产图包/10_视觉锚点图_七色场/exec-cd759502-0452-4552-aec7-fa86d3bf4f02.png,04_场景/02_场景资产图包/10_视觉锚点图_七色场/exec-cd759502-0452-4552-aec7-fa86d3bf4f02.png,,04_场景/02_场景资产图包/00_图包索引.md,最近目录索引/说明（非逐图直引）,,,,未找到图片直接节点,04_场景/场景总Canvas.canvas,png,1536,1024,2601769,86e00d71c288f1a2fd443d9bcb404c799bca133b5010699510981b61d1b11078,PASS_PNG,,沿用原库审核状态；此包不把候选/STAGING提升为定稿
LLL-S-0178,场景库,项目场景资产,场景库图片｜02_场景资产图包｜exec-d5fd7f9c-c199-45b9-a3c6-2e2dbc635898,文件名与目录层级；未逐张人工视觉描述,03_场景资产图包_图片.zip,images/黎黎隆项目/04_场景/02_场景资产图包/10_视觉锚点图_七色场/exec-d5fd7f9c-c199-45b9-a3c6-2e2dbc635898.png,黎黎隆项目/04_场景/02_场景资产图包/10_视觉锚点图_七色场/exec-d5fd7f9c-c199-45b9-a3c6-2e2dbc635898.png,04_场景/02_场景资产图包/10_视觉锚点图_七色场/exec-d5fd7f9c-c199-45b9-a3c6-2e2dbc635898.png,,04_场景/02_场景资产图包/00_图包索引.md,最近目录索引/说明（非逐图直引）,,,,未找到图片直接节点,04_场景/场景总Canvas.canvas,png,1536,1024,3121384,9bf18ceeb64fc3000a90862372c9fba471d2c48bf18785cee1b8678ae4be6eb8,PASS_PNG,,沿用原库审核状态；此包不把候选/STAGING提升为定稿
LLL-S-0179,场景库,项目场景资产,场景库图片｜03_白骨营地｜R2-01 机械空港 深墨青主导,文件名与目录层级；未逐张人工视觉描述,02_场景视觉与参考_图片.zip,images/黎黎隆项目/04_场景/03_白骨营地/assets/R2-01_机械空港_深墨青主导.png,黎黎隆项目/04_场景/03_白骨营地/assets/R2-01_机械空港_深墨青主导.png,04_场景/03_白骨营地/assets/R2-01_机械空港_深墨青主导.png,,04_场景/02_场景资产图包/00_图包索引.md,最近目录索引/说明（非逐图直引）,,其他Canvas: 04_场景/03_白骨营地/黎黎隆_场景风格视觉化_R1-R6_本地全量_v1.4_整理版.canvas#r2-01-mechanical-airport,,仅其他Canvas有图片直链,04_场景/场景总Canvas.canvas,png,1672,941,2316294,1f0dd1c15b71d564a01d8077b494a41c3bb90cf394ab0c636a958e9e4b73e068,PASS_PNG,黎黎隆项目/04_场景/02_场景资产图包/01_基准图_用户确认/R2-01_机械空港_深墨青主导.png | 黎黎隆项目/04_场景/02_场景资产图包/03_R2_主导色/R2-01_机械空港_深墨青主导.png,沿用原库审核状态；此包不把候选/STAGING提升为定稿
LLL-S-0180,场景库,项目场景资产,场景库图片｜03_白骨营地｜R2-02 机械空港 灰紫主导,文件名与目录层级；未逐张人工视觉描述,02_场景视觉与参考_图片.zip,images/黎黎隆项目/04_场景/03_白骨营地/assets/R2-02_机械空港_灰紫主导.png,黎黎隆项目/04_场景/03_白骨营地/assets/R2-02_机械空港_灰紫主导.png,04_场景/03_白骨营地/assets/R2-02_机械空港_灰紫主导.png,,04_场景/02_场景资产图包/00_图包索引.md,最近目录索引/说明（非逐图直引）,,其他Canvas: 04_场景/03_白骨营地/黎黎隆_场景风格视觉化_R1-R6_本地全量_v1.4_整理版.canvas#r2-02-mechanical-airport,,仅其他Canvas有图片直链,04_场景/场景总Canvas.canvas,png,1672,941,2647562,924820a39def6070f7df896e4320c117f70757e128e883c7bfd0430f16a3796a,PASS_PNG,黎黎隆项目/04_场景/02_场景资产图包/03_R2_主导色/R2-02_机械空港_灰紫主导.png,沿用原库审核状态；此包不把候选/STAGING提升为定稿
LLL-S-0181,场景库,项目场景资产,场景库图片｜03_白骨营地｜R2-03 机械空港 暗红主导,文件名与目录层级；未逐张人工视觉描述,02_场景视觉与参考_图片.zip,images/黎黎隆项目/04_场景/03_白骨营地/assets/R2-03_机械空港_暗红主导.png,黎黎隆项目/04_场景/03_白骨营地/assets/R2-03_机械空港_暗红主导.png,04_场景/03_白骨营地/assets/R2-03_机械空港_暗红主导.png,,04_场景/02_场景资产图包/00_图包索引.md,最近目录索引/说明（非逐图直引）,,其他Canvas: 04_场景/03_白骨营地/黎黎隆_场景风格视觉化_R1-R6_本地全量_v1.4_整理版.canvas#r2-03-mechanical-airport,,仅其他Canvas有图片直链,04_场景/场景总Canvas.canvas,png,1672,941,2788528,9eeed9c46b6db8e48fd1ac0aea00d4c67900d170c78a806c183d543323210fe4,PASS_PNG,黎黎隆项目/04_场景/02_场景资产图包/03_R2_主导色/R2-03_机械空港_暗红主导.png,沿用原库审核状态；此包不把候选/STAGING提升为定稿
LLL-S-0182,场景库,项目场景资产,场景库图片｜03_白骨营地｜R2-04 机械空港 青蓝绿主导,文件名与目录层级；未逐张人工视觉描述,02_场景视觉与参考_图片.zip,images/黎黎隆项目/04_场景/03_白骨营地/assets/R2-04_机械空港_青蓝绿主导.png,黎黎隆项目/04_场景/03_白骨营地/assets/R2-04_机械空港_青蓝绿主导.png,04_场景/03_白骨营地/assets/R2-04_机械空港_青蓝绿主导.png,,04_场景/02_场景资产图包/00_图包索引.md,最近目录索引/说明（非逐图直引）,,其他Canvas: 04_场景/03_白骨营地/黎黎隆_场景风格视觉化_R1-R6_本地全量_v1.4_整理版.canvas#r2-04-mechanical-airport,,仅其他Canvas有图片直链,04_场景/场景总Canvas.canvas,png,1672,941,2900823,c3ad480ea1c90a5f2aa4f2c93b4e65f91490b6b0992ad0626dad8d0e31b1c736,PASS_PNG,黎黎隆项目/04_场景/02_场景资产图包/03_R2_主导色/R2-04_机械空港_青蓝绿主导.png,沿用原库审核状态；此包不把候选/STAGING提升为定稿
LLL-S-0183,场景库,项目场景资产,场景库图片｜03_白骨营地｜R2-05 机械空港 淡青灰主导,文件名与目录层级；未逐张人工视觉描述,02_场景视觉与参考_图片.zip,images/黎黎隆项目/04_场景/03_白骨营地/assets/R2-05_机械空港_淡青灰主导.png,黎黎隆项目/04_场景/03_白骨营地/assets/R2-05_机械空港_淡青灰主导.png,04_场景/03_白骨营地/assets/R2-05_机械空港_淡青灰主导.png,,04_场景/02_场景资产图包/00_图包索引.md,最近目录索引/说明（非逐图直引）,,其他Canvas: 04_场景/03_白骨营地/黎黎隆_场景风格视觉化_R1-R6_本地全量_v1.4_整理版.canvas#r2-05-mechanical-airport,,仅其他Canvas有图片直链,04_场景/场景总Canvas.canvas,png,1672,941,2806769,e5ed1004c5e5aec1567003336709332d10ae9a4bb970901ba1e69173072b8430,PASS_PNG,黎黎隆项目/04_场景/02_场景资产图包/03_R2_主导色/R2-05_机械空港_淡青灰主导.png,沿用原库审核状态；此包不把候选/STAGING提升为定稿
LLL-S-0184,场景库,项目场景资产,场景库图片｜03_白骨营地｜R2-06 机械空港 小和尚 三联颜色构成对照板 v1,文件名与目录层级；未逐张人工视觉描述,02_场景视觉与参考_图片.zip,images/黎黎隆项目/04_场景/03_白骨营地/assets/R2-06_机械空港_小和尚_三联颜色构成对照板_v1.png,黎黎隆项目/04_场景/03_白骨营地/assets/R2-06_机械空港_小和尚_三联颜色构成对照板_v1.png,04_场景/03_白骨营地/assets/R2-06_机械空港_小和尚_三联颜色构成对照板_v1.png,,04_场景/02_场景资产图包/00_图包索引.md,最近目录索引/说明（非逐图直引）,,,,未找到图片直接节点,04_场景/场景总Canvas.canvas,png,1918,820,2325387,2923108338922df987e95b13e255e75dcb07e9fe11654db618c095baf33b2ba4,PASS_PNG,黎黎隆项目/04_场景/02_场景资产图包/03_R2_主导色/R2-06_机械空港_小和尚_三联颜色构成对照板_v1.png,沿用原库审核状态；此包不把候选/STAGING提升为定稿
LLL-S-0185,场景库,项目场景资产,场景库图片｜03_白骨营地｜SHEET R1,文件名与目录层级；未逐张人工视觉描述,02_场景视觉与参考_图片.zip,images/黎黎隆项目/04_场景/03_白骨营地/SHEET_R1.png,黎黎隆项目/04_场景/03_白骨营地/SHEET_R1.png,04_场景/03_白骨营地/SHEET_R1.png,,04_场景/02_场景资产图包/00_图包索引.md,最近目录索引/说明（非逐图直引）,主场景Canvas: 04_场景/场景总Canvas.canvas#reg_bg_0（邻近文字：🦴 白骨营地（R2 遗骨之地原型场） 往深处走=夺路 / 退出去=回返）,,主场景Canvas: 🦴 白骨营地（R2 遗骨之地原型场） 往深处走=夺路 / 退出去=回返,主Canvas有图片直链,04_场景/场景总Canvas.canvas,png,1592,1300,2870960,86f494a46c468a3012510a3f3096828efb10a1a4c263fa0886930878e2e0b105,PASS_PNG,,沿用原库审核状态；此包不把候选/STAGING提升为定稿
LLL-S-0186,场景库,项目场景资产,场景库图片｜03_白骨营地｜SHEET R2,文件名与目录层级；未逐张人工视觉描述,02_场景视觉与参考_图片.zip,images/黎黎隆项目/04_场景/03_白骨营地/SHEET_R2.png,黎黎隆项目/04_场景/03_白骨营地/SHEET_R2.png,04_场景/03_白骨营地/SHEET_R2.png,,04_场景/02_场景资产图包/00_图包索引.md,最近目录索引/说明（非逐图直引）,主场景Canvas: 04_场景/场景总Canvas.canvas#reg_bg_1（邻近文字：🦴 白骨营地（R2 遗骨之地原型场） 往深处走=夺路 / 退出去=回返）,,主场景Canvas: 🦴 白骨营地（R2 遗骨之地原型场） 往深处走=夺路 / 退出去=回返,主Canvas有图片直链,04_场景/场景总Canvas.canvas,png,2648,331,1167474,fa06d1ef2cc4d8dd64c131a6476a405c49345d6af4e42c05e9e47e0086937c7a,PASS_PNG,,沿用原库审核状态；此包不把候选/STAGING提升为定稿
LLL-S-0187,场景库,项目场景资产,场景库图片｜03_白骨营地｜SHEET R3,文件名与目录层级；未逐张人工视觉描述,02_场景视觉与参考_图片.zip,images/黎黎隆项目/04_场景/03_白骨营地/SHEET_R3.png,黎黎隆项目/04_场景/03_白骨营地/SHEET_R3.png,04_场景/03_白骨营地/SHEET_R3.png,,04_场景/02_场景资产图包/00_图包索引.md,最近目录索引/说明（非逐图直引）,主场景Canvas: 04_场景/场景总Canvas.canvas#reg_bg_2（邻近文字：视觉三定律 1. 五色合成：所有色溯源母色 2. 验收五问（换普通中世纪人成立=失败） 3. 能量=颜色=立场 暗红不铺满 / 青绿=接口灯光 灰紫=活体膜 / 淡青灰=雾与留白）,,主场景Canvas: 视觉三定律 1. 五色合成：所有色溯源母色 2. 验收五问（换普通中世纪人成立=失败） 3. 能量=颜色=立场 暗红不铺满 / 青绿=接口灯光 灰紫=活体膜 / 淡青灰=雾与留白,主Canvas有图片直链,04_场景/场景总Canvas.canvas,png,1592,977,2512609,1598195d79a1ca2c2e205ce88b8afad209494aacacd6cb095fe6d53edfc2148c,PASS_PNG,,沿用原库审核状态；此包不把候选/STAGING提升为定稿
LLL-S-0188,场景库,项目场景资产,场景库图片｜03_白骨营地｜SHEET R4,文件名与目录层级；未逐张人工视觉描述,02_场景视觉与参考_图片.zip,images/黎黎隆项目/04_场景/03_白骨营地/SHEET_R4.png,黎黎隆项目/04_场景/03_白骨营地/SHEET_R4.png,04_场景/03_白骨营地/SHEET_R4.png,,04_场景/02_场景资产图包/00_图包索引.md,最近目录索引/说明（非逐图直引）,主场景Canvas: 04_场景/场景总Canvas.canvas#reg_bg_3（邻近文字：视觉三定律 1. 五色合成：所有色溯源母色 2. 验收五问（换普通中世纪人成立=失败） 3. 能量=颜色=立场 暗红不铺满 / 青绿=接口灯光 灰紫=活体膜 / 淡青灰=雾与留白）,,主场景Canvas: 视觉三定律 1. 五色合成：所有色溯源母色 2. 验收五问（换普通中世纪人成立=失败） 3. 能量=颜色=立场 暗红不铺满 / 青绿=接口灯光 灰紫=活体膜 / 淡青灰=雾与留白,主Canvas有图片直链,04_场景/场景总Canvas.canvas,png,2120,331,996343,ba4ee4ac63aecab741e6bcb247d4016642771403ce6b1da84c71b2596bc02f74,PASS_PNG,,沿用原库审核状态；此包不把候选/STAGING提升为定稿
LLL-S-0189,场景库,项目场景资产,场景库图片｜03_白骨营地｜SHEET R5,文件名与目录层级；未逐张人工视觉描述,02_场景视觉与参考_图片.zip,images/黎黎隆项目/04_场景/03_白骨营地/SHEET_R5.png,黎黎隆项目/04_场景/03_白骨营地/SHEET_R5.png,04_场景/03_白骨营地/SHEET_R5.png,,04_场景/02_场景资产图包/00_图包索引.md,最近目录索引/说明（非逐图直引）,主场景Canvas: 04_场景/场景总Canvas.canvas#reg_bg_4（邻近文字：诡异渗出点词库 旧锚点被陌生人依赖后 尾关节在城里被远程锁死 公共记录多出没人提供过的证词 脱下的旧壳夜里朝雾区爬）,,主场景Canvas: 诡异渗出点词库 旧锚点被陌生人依赖后 尾关节在城里被远程锁死 公共记录多出没人提供过的证词 脱下的旧壳夜里朝雾区爬,主Canvas有图片直链,04_场景/场景总Canvas.canvas,png,1592,977,2355768,311ec985b5edf023d0927d738a954194798682f3eaca0efd8aea35f7457aba2d,PASS_PNG,,沿用原库审核状态；此包不把候选/STAGING提升为定稿
LLL-S-0190,场景库,场景视觉参考或候选,场景库图片｜04_视觉参考｜openverse Albany Whale World Whale skeleton exhibi 0621e157,文件名与目录层级；未逐张人工视觉描述,02_场景视觉与参考_图片.zip,images/黎黎隆项目/04_场景/04_视觉参考/image-well-test/I04_骨骼空港/q1/openverse_Albany_Whale_World_Whale_skeleton_exhibi_0621e157.jpg,黎黎隆项目/04_场景/04_视觉参考/image-well-test/I04_骨骼空港/q1/openverse_Albany_Whale_World_Whale_skeleton_exhibi_0621e157.jpg,04_场景/04_视觉参考/image-well-test/I04_骨骼空港/q1/openverse_Albany_Whale_World_Whale_skeleton_exhibi_0621e157.jpg,,04_场景/04_视觉参考/02_场景视觉参考_本地化说明.md | 04_场景/04_视觉参考/Codex执行说明_v1.3.md | 04_场景/04_视觉参考/v1.3_补图执行报告.md,最近目录索引/说明（非逐图直引）,,其他Canvas: 04_场景/03_白骨营地/黎黎隆_场景参考_I04_骨骼空港_image-well测试_v1.0.canvas#img_1（邻近文字：image-well 试跑｜I04 骨骼空港 三组查询：whale skeleton / rib cage skeleton / skeleton museum 来源：Openverse + Wikimedia 验证：无登录搜索 → 本地下载 → Canvas type:file。）,其他Canvas: image-well 试跑｜I04 骨骼空港 三组查询：whale skeleton / rib cage skeleton / skeleton museum 来源：Openverse + Wikimedia 验证：无登录搜索 → 本地下载 → Canvas type:file。,仅其他Canvas有图片直链,04_场景/场景总Canvas.canvas,jpg,1024,768,295450,38caa6eee430ec906c3498b9d168efe8ec866f21cd759499a745b9229a3c2005,PASS_JPEG,,沿用原库审核状态；此包不把候选/STAGING提升为定稿
LLL-S-0191,场景库,场景视觉参考或候选,场景库图片｜04_视觉参考｜openverse Whale skeleton 554ca8bb,文件名与目录层级；未逐张人工视觉描述,02_场景视觉与参考_图片.zip,images/黎黎隆项目/04_场景/04_视觉参考/image-well-test/I04_骨骼空港/q1/openverse_Whale_skeleton_554ca8bb.jpg,黎黎隆项目/04_场景/04_视觉参考/image-well-test/I04_骨骼空港/q1/openverse_Whale_skeleton_554ca8bb.jpg,04_场景/04_视觉参考/image-well-test/I04_骨骼空港/q1/openverse_Whale_skeleton_554ca8bb.jpg,,04_场景/04_视觉参考/02_场景视觉参考_本地化说明.md | 04_场景/04_视觉参考/Codex执行说明_v1.3.md | 04_场景/04_视觉参考/v1.3_补图执行报告.md,最近目录索引/说明（非逐图直引）,,其他Canvas: 04_场景/03_白骨营地/黎黎隆_场景参考_I04_骨骼空港_image-well测试_v1.0.canvas#img_3（邻近文字：image-well 试跑｜I04 骨骼空港 三组查询：whale skeleton / rib cage skeleton / skeleton museum 来源：Openverse + Wikimedia 验证：无登录搜索 → 本地下载 → Canvas type:file。）,其他Canvas: image-well 试跑｜I04 骨骼空港 三组查询：whale skeleton / rib cage skeleton / skeleton museum 来源：Openverse + Wikimedia 验证：无登录搜索 → 本地下载 → Canvas type:file。,仅其他Canvas有图片直链,04_场景/场景总Canvas.canvas,jpg,768,1024,331560,d9b32e60341d1e4db739a8756f7f7c09ea820ad6d6c033e78cbbcfbd1a50af81,PASS_JPEG,,沿用原库审核状态；此包不把候选/STAGING提升为定稿
LLL-S-0192,场景库,场景视觉参考或候选,场景库图片｜04_视觉参考｜openverse Whale Skeleton 95a3c0e5,文件名与目录层级；未逐张人工视觉描述,02_场景视觉与参考_图片.zip,images/黎黎隆项目/04_场景/04_视觉参考/image-well-test/I04_骨骼空港/q1/openverse_Whale_Skeleton_95a3c0e5.jpg,黎黎隆项目/04_场景/04_视觉参考/image-well-test/I04_骨骼空港/q1/openverse_Whale_Skeleton_95a3c0e5.jpg,04_场景/04_视觉参考/image-well-test/I04_骨骼空港/q1/openverse_Whale_Skeleton_95a3c0e5.jpg,,04_场景/04_视觉参考/02_场景视觉参考_本地化说明.md | 04_场景/04_视觉参考/Codex执行说明_v1.3.md | 04_场景/04_视觉参考/v1.3_补图执行报告.md,最近目录索引/说明（非逐图直引）,,其他Canvas: 04_场景/03_白骨营地/黎黎隆_场景参考_I04_骨骼空港_image-well测试_v1.0.canvas#img_2（邻近文字：image-well 试跑｜I04 骨骼空港 三组查询：whale skeleton / rib cage skeleton / skeleton museum 来源：Openverse + Wikimedia 验证：无登录搜索 → 本地下载 → Canvas type:file。）,其他Canvas: image-well 试跑｜I04 骨骼空港 三组查询：whale skeleton / rib cage skeleton / skeleton museum 来源：Openverse + Wikimedia 验证：无登录搜索 → 本地下载 → Canvas type:file。,仅其他Canvas有图片直链,04_场景/场景总Canvas.canvas,jpg,1023,679,200237,eed4f7c2bd77a03a4ae8de6c88fbd59bd8cf4f3812af5c317ad78761cb4085aa,PASS_JPEG,黎黎隆项目/04_场景/04_视觉参考/外部参考_用户收集/01_巨构骨骼/OV_Whale_Skeleton.jpg,沿用原库审核状态；此包不把候选/STAGING提升为定稿
LLL-S-0193,场景库,场景视觉参考或候选,场景库图片｜04_视觉参考｜wikimedia Natural History Museum London Central Ha 4bd4884f,文件名与目录层级；未逐张人工视觉描述,02_场景视觉与参考_图片.zip,images/黎黎隆项目/04_场景/04_视觉参考/image-well-test/I04_骨骼空港/q1/wikimedia_Natural_History_Museum_London_Central_Ha_4bd4884f.jpg,黎黎隆项目/04_场景/04_视觉参考/image-well-test/I04_骨骼空港/q1/wikimedia_Natural_History_Museum_London_Central_Ha_4bd4884f.jpg,04_场景/04_视觉参考/image-well-test/I04_骨骼空港/q1/wikimedia_Natural_History_Museum_London_Central_Ha_4bd4884f.jpg,,04_场景/04_视觉参考/02_场景视觉参考_本地化说明.md | 04_场景/04_视觉参考/Codex执行说明_v1.3.md | 04_场景/04_视觉参考/v1.3_补图执行报告.md,最近目录索引/说明（非逐图直引）,,其他Canvas: 04_场景/03_白骨营地/黎黎隆_场景参考_I04_骨骼空港_image-well测试_v1.0.canvas#img_4（邻近文字：试跑成功 Canvas 引用本地图：6 张 `type:link`：0 Pinterest 登录：0 这只是检验采集管线，图片是否适合“骨骼空港”还要再做视觉筛选。）,其他Canvas: 试跑成功 Canvas 引用本地图：6 张 `type:link`：0 Pinterest 登录：0 这只是检验采集管线，图片是否适合“骨骼空港”还要再做视觉筛选。,仅其他Canvas有图片直链,04_场景/场景总Canvas.canvas,jpg,3765,5657,3058558,5d15d55bdb798e71443714799c1b3c7a34708a8dda8bfb3fa02dbe77b4f124d7,PASS_JPEG,,沿用原库审核状态；此包不把候选/STAGING提升为定稿
LLL-S-0194,场景库,场景视觉参考或候选,场景库图片｜04_视觉参考｜wikimedia Skeleton of Sperm Whale Physeter macroce e61d03ad,文件名与目录层级；未逐张人工视觉描述,02_场景视觉与参考_图片.zip,images/黎黎隆项目/04_场景/04_视觉参考/image-well-test/I04_骨骼空港/q1/wikimedia_Skeleton_of_Sperm_Whale_Physeter_macroce_e61d03ad.jpg,黎黎隆项目/04_场景/04_视觉参考/image-well-test/I04_骨骼空港/q1/wikimedia_Skeleton_of_Sperm_Whale_Physeter_macroce_e61d03ad.jpg,04_场景/04_视觉参考/image-well-test/I04_骨骼空港/q1/wikimedia_Skeleton_of_Sperm_Whale_Physeter_macroce_e61d03ad.jpg,,04_场景/04_视觉参考/02_场景视觉参考_本地化说明.md | 04_场景/04_视觉参考/Codex执行说明_v1.3.md | 04_场景/04_视觉参考/v1.3_补图执行报告.md,最近目录索引/说明（非逐图直引）,,其他Canvas: 04_场景/03_白骨营地/黎黎隆_场景参考_I04_骨骼空港_image-well测试_v1.0.canvas#img_5（邻近文字：试跑成功 Canvas 引用本地图：6 张 `type:link`：0 Pinterest 登录：0 这只是检验采集管线，图片是否适合“骨骼空港”还要再做视觉筛选。）,其他Canvas: 试跑成功 Canvas 引用本地图：6 张 `type:link`：0 Pinterest 登录：0 这只是检验采集管线，图片是否适合“骨骼空港”还要再做视觉筛选。,仅其他Canvas有图片直链,04_场景/场景总Canvas.canvas,jpg,4000,2667,1167507,03610a37f3eca7bd8c80ddd53257882cdc1a7ddff9fc135c76af10a6de47ff00,PASS_JPEG,,沿用原库审核状态；此包不把候选/STAGING提升为定稿
LLL-S-0195,场景库,场景视觉参考或候选,场景库图片｜04_视觉参考｜wikimedia Whale skeleton 5jpg 2e2f11e4,文件名与目录层级；未逐张人工视觉描述,02_场景视觉与参考_图片.zip,images/黎黎隆项目/04_场景/04_视觉参考/image-well-test/I04_骨骼空港/q1/wikimedia_Whale_skeleton_5jpg_2e2f11e4.jpg,黎黎隆项目/04_场景/04_视觉参考/image-well-test/I04_骨骼空港/q1/wikimedia_Whale_skeleton_5jpg_2e2f11e4.jpg,04_场景/04_视觉参考/image-well-test/I04_骨骼空港/q1/wikimedia_Whale_skeleton_5jpg_2e2f11e4.jpg,,04_场景/04_视觉参考/02_场景视觉参考_本地化说明.md | 04_场景/04_视觉参考/Codex执行说明_v1.3.md | 04_场景/04_视觉参考/v1.3_补图执行报告.md,最近目录索引/说明（非逐图直引）,,其他Canvas: 04_场景/03_白骨营地/黎黎隆_场景参考_I04_骨骼空港_image-well测试_v1.0.canvas#img_6（邻近文字：I04｜参考 → GPT Image 2 候选 参考：中央骨骼主轴、穹顶大厅、多层公共 circulation。 转换：黎黎隆五色锁｜142A34 60% + 855D8F 30% + 69D4CE 10%，CDE7E6 承接亮部。 状态：候选 / 待人工验收 / 未锁定。）,其他Canvas: I04｜参考 → GPT Image 2 候选 参考：中央骨骼主轴、穹顶大厅、多层公共 circulation。 转换：黎黎隆五色锁｜142A34 60% + 855D8F 30% + 69D4CE 10%，CDE7E6 承接亮部。 状态：候选 / 待人工验收 / 未锁定。,仅其他Canvas有图片直链,04_场景/场景总Canvas.canvas,jpg,4160,3120,1976447,0df339481e61448777498c5afe1ab55705f4faac369bc346ce9a8427d000f7f2,PASS_JPEG,,沿用原库审核状态；此包不把候选/STAGING提升为定稿
LLL-S-0196,场景库,场景视觉参考或候选,场景库图片｜04_视觉参考｜openverse Bison antiquus at the Page Museum at the 21e7354b,文件名与目录层级；未逐张人工视觉描述,02_场景视觉与参考_图片.zip,images/黎黎隆项目/04_场景/04_视觉参考/image-well-test/I04_骨骼空港/q2/openverse_Bison_antiquus_at_the_Page_Museum_at_the_21e7354b.jpg,黎黎隆项目/04_场景/04_视觉参考/image-well-test/I04_骨骼空港/q2/openverse_Bison_antiquus_at_the_Page_Museum_at_the_21e7354b.jpg,04_场景/04_视觉参考/image-well-test/I04_骨骼空港/q2/openverse_Bison_antiquus_at_the_Page_Museum_at_the_21e7354b.jpg,,04_场景/04_视觉参考/02_场景视觉参考_本地化说明.md | 04_场景/04_视觉参考/Codex执行说明_v1.3.md | 04_场景/04_视觉参考/v1.3_补图执行报告.md,最近目录索引/说明（非逐图直引）,,,,未找到图片直接节点,04_场景/场景总Canvas.canvas,jpg,685,1023,139464,33fa34b519472d5a701a2fa187f62a3ac6e49c6ebc53ce349011d59bdebb860d,PASS_JPEG,,沿用原库审核状态；此包不把候选/STAGING提升为定稿
LLL-S-0197,场景库,场景视觉参考或候选,场景库图片｜04_视觉参考｜openverse Bradysaurus a pareisaur in the Evolving 18527c44,文件名与目录层级；未逐张人工视觉描述,02_场景视觉与参考_图片.zip,images/黎黎隆项目/04_场景/04_视觉参考/image-well-test/I04_骨骼空港/q2/openverse_Bradysaurus_a_pareisaur_in_the_Evolving_18527c44.jpg,黎黎隆项目/04_场景/04_视觉参考/image-well-test/I04_骨骼空港/q2/openverse_Bradysaurus_a_pareisaur_in_the_Evolving_18527c44.jpg,04_场景/04_视觉参考/image-well-test/I04_骨骼空港/q2/openverse_Bradysaurus_a_pareisaur_in_the_Evolving_18527c44.jpg,,04_场景/04_视觉参考/02_场景视觉参考_本地化说明.md | 04_场景/04_视觉参考/Codex执行说明_v1.3.md | 04_场景/04_视觉参考/v1.3_补图执行报告.md,最近目录索引/说明（非逐图直引）,,,,未找到图片直接节点,04_场景/场景总Canvas.canvas,jpg,1023,685,116961,885adb82329a1cec258f53f0e681a5e88f517de7c1d56c69b94436f0872bdc6f,PASS_JPEG,,沿用原库审核状态；此包不把候选/STAGING提升为定稿
LLL-S-0198,场景库,场景视觉参考或候选,场景库图片｜04_视觉参考｜openverse Smilodon at the Page Museum at the La Br aeb814bd,文件名与目录层级；未逐张人工视觉描述,02_场景视觉与参考_图片.zip,images/黎黎隆项目/04_场景/04_视觉参考/image-well-test/I04_骨骼空港/q2/openverse_Smilodon_at_the_Page_Museum_at_the_La_Br_aeb814bd.jpg,黎黎隆项目/04_场景/04_视觉参考/image-well-test/I04_骨骼空港/q2/openverse_Smilodon_at_the_Page_Museum_at_the_La_Br_aeb814bd.jpg,04_场景/04_视觉参考/image-well-test/I04_骨骼空港/q2/openverse_Smilodon_at_the_Page_Museum_at_the_La_Br_aeb814bd.jpg,,04_场景/04_视觉参考/02_场景视觉参考_本地化说明.md | 04_场景/04_视觉参考/Codex执行说明_v1.3.md | 04_场景/04_视觉参考/v1.3_补图执行报告.md,最近目录索引/说明（非逐图直引）,,,,未找到图片直接节点,04_场景/场景总Canvas.canvas,jpg,1023,685,145747,ad9439f9533f88b957676a7d9c0a78a124910867a44e6e1f661361825d1728dd,PASS_JPEG,,沿用原库审核状态；此包不把候选/STAGING提升为定稿
LLL-S-0199,场景库,场景视觉参考或候选,场景库图片｜04_视觉参考｜openverse FileDolphin skeleton Museum of the World 71ad73f0,文件名与目录层级；未逐张人工视觉描述,02_场景视觉与参考_图片.zip,images/黎黎隆项目/04_场景/04_视觉参考/image-well-test/I04_骨骼空港/q3/openverse_FileDolphin_skeleton_Museum_of_the_World_71ad73f0.jpg,黎黎隆项目/04_场景/04_视觉参考/image-well-test/I04_骨骼空港/q3/openverse_FileDolphin_skeleton_Museum_of_the_World_71ad73f0.jpg,04_场景/04_视觉参考/image-well-test/I04_骨骼空港/q3/openverse_FileDolphin_skeleton_Museum_of_the_World_71ad73f0.jpg,,04_场景/04_视觉参考/02_场景视觉参考_本地化说明.md | 04_场景/04_视觉参考/Codex执行说明_v1.3.md | 04_场景/04_视觉参考/v1.3_补图执行报告.md,最近目录索引/说明（非逐图直引）,,,,未找到图片直接节点,04_场景/场景总Canvas.canvas,jpg,816,612,204496,e07e97d2704ab78935a99a5b5d7cffcb1ec097e80a41c09d9907ec37ce67bcf9,PASS_JPEG,,沿用原库审核状态；此包不把候选/STAGING提升为定稿
LLL-S-0200,场景库,用户收集的外部参考（来源/授权状态未复核）,场景库图片｜用户收集参考｜OV Humpback Whale Skeleton Museum of Osteol,文件名与目录层级；未逐张人工视觉描述,02_场景视觉与参考_图片.zip,images/黎黎隆项目/04_场景/04_视觉参考/外部参考_用户收集/01_巨构骨骼/OV_Humpback_Whale_Skeleton_Museum_of_Osteol.jpg,黎黎隆项目/04_场景/04_视觉参考/外部参考_用户收集/01_巨构骨骼/OV_Humpback_Whale_Skeleton_Museum_of_Osteol.jpg,04_场景/04_视觉参考/外部参考_用户收集/01_巨构骨骼/OV_Humpback_Whale_Skeleton_Museum_of_Osteol.jpg,,04_场景/04_视觉参考/外部参考_用户收集/00_外部参考索引.md | 04_场景/04_视觉参考/02_场景视觉参考_本地化说明.md | 04_场景/04_视觉参考/Codex执行说明_v1.3.md,最近目录索引/说明（非逐图直引）,主场景Canvas: 04_场景/场景总Canvas.canvas#x1_0（邻近文字：01巨构骨骼 → 鲸骨标本/巨石体量）,,主场景Canvas: 01巨构骨骼 → 鲸骨标本/巨石体量,主Canvas有图片直链,04_场景/场景总Canvas.canvas,jpg,900,596,85387,ad0002eaa89167922415d0ecd37305db5d65e30383e42a9627307fd3ebeaf38e,PASS_JPEG,,沿用原库审核状态；此包不把候选/STAGING提升为定稿
LLL-S-0201,场景库,用户收集的外部参考（来源/授权状态未复核）,场景库图片｜用户收集参考｜OV Physeter macrocephalus sperm whale Wrigh,文件名与目录层级；未逐张人工视觉描述,02_场景视觉与参考_图片.zip,images/黎黎隆项目/04_场景/04_视觉参考/外部参考_用户收集/01_巨构骨骼/OV_Physeter_macrocephalus_sperm_whale_Wrigh.jpg,黎黎隆项目/04_场景/04_视觉参考/外部参考_用户收集/01_巨构骨骼/OV_Physeter_macrocephalus_sperm_whale_Wrigh.jpg,04_场景/04_视觉参考/外部参考_用户收集/01_巨构骨骼/OV_Physeter_macrocephalus_sperm_whale_Wrigh.jpg,,04_场景/04_视觉参考/外部参考_用户收集/00_外部参考索引.md | 04_场景/04_视觉参考/02_场景视觉参考_本地化说明.md | 04_场景/04_视觉参考/Codex执行说明_v1.3.md,最近目录索引/说明（非逐图直引）,主场景Canvas: 04_场景/场景总Canvas.canvas#x1_1（邻近文字：01巨构骨骼 → 鲸骨标本/巨石体量）,,主场景Canvas: 01巨构骨骼 → 鲸骨标本/巨石体量,主Canvas有图片直链,04_场景/场景总Canvas.canvas,jpg,1023,400,76767,a320b5fe103b7ea42e075655bd12cc0df23f67c865af10568bb6afa5b988dbd4,PASS_JPEG,,沿用原库审核状态；此包不把候选/STAGING提升为定稿
LLL-S-0202,场景库,用户收集的外部参考（来源/授权状态未复核）,场景库图片｜用户收集参考｜OV Tikal GCA Templo I de gran Jaguar 16,文件名与目录层级；未逐张人工视觉描述,02_场景视觉与参考_图片.zip,images/黎黎隆项目/04_场景/04_视觉参考/外部参考_用户收集/01_巨构骨骼/OV_Tikal_GCA_Templo_I_de_gran_Jaguar_16.jpg,黎黎隆项目/04_场景/04_视觉参考/外部参考_用户收集/01_巨构骨骼/OV_Tikal_GCA_Templo_I_de_gran_Jaguar_16.jpg,04_场景/04_视觉参考/外部参考_用户收集/01_巨构骨骼/OV_Tikal_GCA_Templo_I_de_gran_Jaguar_16.jpg,,04_场景/04_视觉参考/外部参考_用户收集/00_外部参考索引.md | 04_场景/04_视觉参考/02_场景视觉参考_本地化说明.md | 04_场景/04_视觉参考/Codex执行说明_v1.3.md,最近目录索引/说明（非逐图直引）,主场景Canvas: 04_场景/场景总Canvas.canvas#x1_2（邻近文字：01巨构骨骼 → 鲸骨标本/巨石体量）,,主场景Canvas: 01巨构骨骼 → 鲸骨标本/巨石体量,主Canvas有图片直链,04_场景/场景总Canvas.canvas,jpg,1024,700,266955,e08a1d4aeaec5d79441045b38bc2969d079678c8ec757e07192b63fceafdd5b3,PASS_JPEG,,沿用原库审核状态；此包不把候选/STAGING提升为定稿
LLL-S-0203,场景库,用户收集的外部参考（来源/授权状态未复核）,场景库图片｜用户收集参考｜OV Tikal GCA Templo I de gran Jaguar 21,文件名与目录层级；未逐张人工视觉描述,02_场景视觉与参考_图片.zip,images/黎黎隆项目/04_场景/04_视觉参考/外部参考_用户收集/01_巨构骨骼/OV_Tikal_GCA_Templo_I_de_gran_Jaguar_21.jpg,黎黎隆项目/04_场景/04_视觉参考/外部参考_用户收集/01_巨构骨骼/OV_Tikal_GCA_Templo_I_de_gran_Jaguar_21.jpg,04_场景/04_视觉参考/外部参考_用户收集/01_巨构骨骼/OV_Tikal_GCA_Templo_I_de_gran_Jaguar_21.jpg,,04_场景/04_视觉参考/外部参考_用户收集/00_外部参考索引.md | 04_场景/04_视觉参考/02_场景视觉参考_本地化说明.md | 04_场景/04_视觉参考/Codex执行说明_v1.3.md,最近目录索引/说明（非逐图直引）,主场景Canvas: 04_场景/场景总Canvas.canvas#x1_3（邻近文字：01巨构骨骼 → 鲸骨标本/巨石体量）,,主场景Canvas: 01巨构骨骼 → 鲸骨标本/巨石体量,主Canvas有图片直链,04_场景/场景总Canvas.canvas,jpg,1024,700,228673,1aaf11f94a84813b0d13e68e96fcac28aa18b4258b2c6480fa51174fe2e280f8,PASS_JPEG,,沿用原库审核状态；此包不把候选/STAGING提升为定稿
LLL-S-0204,场景库,用户收集的外部参考（来源/授权状态未复核）,场景库图片｜用户收集参考｜OV Whale Skeleton,文件名与目录层级；未逐张人工视觉描述,02_场景视觉与参考_图片.zip,images/黎黎隆项目/04_场景/04_视觉参考/外部参考_用户收集/01_巨构骨骼/OV_Whale_Skeleton.jpg,黎黎隆项目/04_场景/04_视觉参考/外部参考_用户收集/01_巨构骨骼/OV_Whale_Skeleton.jpg,04_场景/04_视觉参考/外部参考_用户收集/01_巨构骨骼/OV_Whale_Skeleton.jpg,,04_场景/04_视觉参考/外部参考_用户收集/00_外部参考索引.md | 04_场景/04_视觉参考/02_场景视觉参考_本地化说明.md | 04_场景/04_视觉参考/Codex执行说明_v1.3.md,最近目录索引/说明（非逐图直引）,主场景Canvas: 04_场景/场景总Canvas.canvas#x1_4（邻近文字：01巨构骨骼 → 鲸骨标本/巨石体量）,,主场景Canvas: 01巨构骨骼 → 鲸骨标本/巨石体量,主Canvas有图片直链,04_场景/场景总Canvas.canvas,jpg,1023,679,200237,eed4f7c2bd77a03a4ae8de6c88fbd59bd8cf4f3812af5c317ad78761cb4085aa,PASS_JPEG,黎黎隆项目/04_场景/04_视觉参考/image-well-test/I04_骨骼空港/q1/openverse_Whale_Skeleton_95a3c0e5.jpg,沿用原库审核状态；此包不把候选/STAGING提升为定稿
LLL-S-0205,场景库,用户收集的外部参考（来源/授权状态未复核）,场景库图片｜用户收集参考｜巨构内部 柱廊桥梁小人物 莫比斯风,文件名与目录层级；未逐张人工视觉描述,02_场景视觉与参考_图片.zip,images/黎黎隆项目/04_场景/04_视觉参考/外部参考_用户收集/01_巨构骨骼/巨构内部_柱廊桥梁小人物_莫比斯风.png,黎黎隆项目/04_场景/04_视觉参考/外部参考_用户收集/01_巨构骨骼/巨构内部_柱廊桥梁小人物_莫比斯风.png,04_场景/04_视觉参考/外部参考_用户收集/01_巨构骨骼/巨构内部_柱廊桥梁小人物_莫比斯风.png,,04_场景/04_视觉参考/外部参考_用户收集/00_外部参考索引.md | 04_场景/04_视觉参考/02_场景视觉参考_本地化说明.md | 04_场景/04_视觉参考/Codex执行说明_v1.3.md,最近目录索引/说明（非逐图直引）,主场景Canvas: 04_场景/场景总Canvas.canvas#ext_a_0（邻近文字：01巨构骨骼 → 骨骼空港/白骨营地）,,主场景Canvas: 01巨构骨骼 → 骨骼空港/白骨营地,主Canvas有图片直链,04_场景/场景总Canvas.canvas,png,1000,1500,2650090,e9322be1a6b34eae37c91c7e97e266eb856135a56ea7f1c84c9f774a4c1b8010,PASS_PNG,,沿用原库审核状态；此包不把候选/STAGING提升为定稿
LLL-S-0206,场景库,用户收集的外部参考（来源/授权状态未复核）,场景库图片｜用户收集参考｜巨骨拱门教堂 巨骸建筑 小人物,文件名与目录层级；未逐张人工视觉描述,02_场景视觉与参考_图片.zip,images/黎黎隆项目/04_场景/04_视觉参考/外部参考_用户收集/01_巨构骨骼/巨骨拱门教堂_巨骸建筑_小人物.png,黎黎隆项目/04_场景/04_视觉参考/外部参考_用户收集/01_巨构骨骼/巨骨拱门教堂_巨骸建筑_小人物.png,04_场景/04_视觉参考/外部参考_用户收集/01_巨构骨骼/巨骨拱门教堂_巨骸建筑_小人物.png,,04_场景/04_视觉参考/外部参考_用户收集/00_外部参考索引.md | 04_场景/04_视觉参考/02_场景视觉参考_本地化说明.md | 04_场景/04_视觉参考/Codex执行说明_v1.3.md,最近目录索引/说明（非逐图直引）,主场景Canvas: 04_场景/场景总Canvas.canvas#ext_a_1（邻近文字：01巨构骨骼 → 骨骼空港/白骨营地）,,主场景Canvas: 01巨构骨骼 → 骨骼空港/白骨营地,主Canvas有图片直链,04_场景/场景总Canvas.canvas,png,633,850,879015,086b55ddf2204a2288d69e1737270d250afc7cfa5cd5247a6574ebd9002e688e,PASS_PNG,,沿用原库审核状态；此包不把候选/STAGING提升为定稿
LLL-S-0207,场景库,用户收集的外部参考（来源/授权状态未复核）,场景库图片｜用户收集参考｜义体少女街巷 动画风,文件名与目录层级；未逐张人工视觉描述,02_场景视觉与参考_图片.zip,images/黎黎隆项目/04_场景/04_视觉参考/外部参考_用户收集/02_接口街景/义体少女街巷_动画风.png,黎黎隆项目/04_场景/04_视觉参考/外部参考_用户收集/02_接口街景/义体少女街巷_动画风.png,04_场景/04_视觉参考/外部参考_用户收集/02_接口街景/义体少女街巷_动画风.png,,04_场景/04_视觉参考/外部参考_用户收集/00_外部参考索引.md | 04_场景/04_视觉参考/02_场景视觉参考_本地化说明.md | 04_场景/04_视觉参考/Codex执行说明_v1.3.md,最近目录索引/说明（非逐图直引）,主场景Canvas: 04_场景/场景总Canvas.canvas#ext_b_2（邻近文字：02接口街景 → 维护街/市井/识别站）,,主场景Canvas: 02接口街景 → 维护街/市井/识别站,主Canvas有图片直链,04_场景/场景总Canvas.canvas,png,799,1200,1523824,5c4dafcc2f95c55207040b1d5a4794dffd050095feb79abbe8bc5bd786913cf7,PASS_PNG,,沿用原库审核状态；此包不把候选/STAGING提升为定稿
LLL-S-0208,场景库,用户收集的外部参考（来源/授权状态未复核）,场景库图片｜用户收集参考｜密集招牌叠层住宅 九龙风,文件名与目录层级；未逐张人工视觉描述,02_场景视觉与参考_图片.zip,images/黎黎隆项目/04_场景/04_视觉参考/外部参考_用户收集/02_接口街景/密集招牌叠层住宅_九龙风.png,黎黎隆项目/04_场景/04_视觉参考/外部参考_用户收集/02_接口街景/密集招牌叠层住宅_九龙风.png,04_场景/04_视觉参考/外部参考_用户收集/02_接口街景/密集招牌叠层住宅_九龙风.png,,04_场景/04_视觉参考/外部参考_用户收集/00_外部参考索引.md | 04_场景/04_视觉参考/02_场景视觉参考_本地化说明.md | 04_场景/04_视觉参考/Codex执行说明_v1.3.md,最近目录索引/说明（非逐图直引）,主场景Canvas: 04_场景/场景总Canvas.canvas#ext_b_0（邻近文字：02接口街景 → 维护街/市井/识别站）,,主场景Canvas: 02接口街景 → 维护街/市井/识别站,主Canvas有图片直链,04_场景/场景总Canvas.canvas,png,1080,1340,2225760,426b1e5e05a5efc3542cffdb7e089ac7bf3979e3e893be85b44887ded6091d67,PASS_PNG,黎黎隆项目/04_场景/04_视觉参考/外部参考_用户收集/03_垂直聚落/楼顶农田聚落_垂直农场.png,沿用原库审核状态；此包不把候选/STAGING提升为定稿
LLL-S-0209,场景库,用户收集的外部参考（来源/授权状态未复核）,场景库图片｜用户收集参考｜涂鸦楼梯废墟少女 城缘带,文件名与目录层级；未逐张人工视觉描述,02_场景视觉与参考_图片.zip,images/黎黎隆项目/04_场景/04_视觉参考/外部参考_用户收集/02_接口街景/涂鸦楼梯废墟少女_城缘带.png,黎黎隆项目/04_场景/04_视觉参考/外部参考_用户收集/02_接口街景/涂鸦楼梯废墟少女_城缘带.png,04_场景/04_视觉参考/外部参考_用户收集/02_接口街景/涂鸦楼梯废墟少女_城缘带.png,,04_场景/04_视觉参考/外部参考_用户收集/00_外部参考索引.md | 04_场景/04_视觉参考/02_场景视觉参考_本地化说明.md | 04_场景/04_视觉参考/Codex执行说明_v1.3.md,最近目录索引/说明（非逐图直引）,主场景Canvas: 04_场景/场景总Canvas.canvas#ext_b_3（邻近文字：02接口街景 → 维护街/市井/识别站）,,主场景Canvas: 02接口街景 → 维护街/市井/识别站,主Canvas有图片直链,04_场景/场景总Canvas.canvas,png,1200,1697,2667249,42a32db0f9c73a4e03512ca88c7d5209a2ce162290b68f92e04dc97e69f5c9e9,PASS_PNG,,沿用原库审核状态；此包不把候选/STAGING提升为定稿
LLL-S-0210,场景库,用户收集的外部参考（来源/授权状态未复核）,场景库图片｜用户收集参考｜鸟居工业管道 红灯笼 宗教机械混合,文件名与目录层级；未逐张人工视觉描述,02_场景视觉与参考_图片.zip,images/黎黎隆项目/04_场景/04_视觉参考/外部参考_用户收集/02_接口街景/鸟居工业管道_红灯笼_宗教机械混合.png,黎黎隆项目/04_场景/04_视觉参考/外部参考_用户收集/02_接口街景/鸟居工业管道_红灯笼_宗教机械混合.png,04_场景/04_视觉参考/外部参考_用户收集/02_接口街景/鸟居工业管道_红灯笼_宗教机械混合.png,,04_场景/04_视觉参考/外部参考_用户收集/00_外部参考索引.md | 04_场景/04_视觉参考/02_场景视觉参考_本地化说明.md | 04_场景/04_视觉参考/Codex执行说明_v1.3.md,最近目录索引/说明（非逐图直引）,主场景Canvas: 04_场景/场景总Canvas.canvas#ext_b_1（邻近文字：02接口街景 → 维护街/市井/识别站）,,主场景Canvas: 02接口街景 → 维护街/市井/识别站,主Canvas有图片直链,04_场景/场景总Canvas.canvas,png,736,1118,1829702,08a0d54c5465d1feab4f8241dc7514c61320cf7bc796278ff698af8445ccc593,PASS_PNG,,沿用原库审核状态；此包不把候选/STAGING提升为定稿
LLL-S-0211,场景库,用户收集的外部参考（来源/授权状态未复核）,场景库图片｜用户收集参考｜山谷垂直层叠城 雪夜暖灯,文件名与目录层级；未逐张人工视觉描述,02_场景视觉与参考_图片.zip,images/黎黎隆项目/04_场景/04_视觉参考/外部参考_用户收集/03_垂直聚落/山谷垂直层叠城_雪夜暖灯.png,黎黎隆项目/04_场景/04_视觉参考/外部参考_用户收集/03_垂直聚落/山谷垂直层叠城_雪夜暖灯.png,04_场景/04_视觉参考/外部参考_用户收集/03_垂直聚落/山谷垂直层叠城_雪夜暖灯.png,,04_场景/04_视觉参考/外部参考_用户收集/00_外部参考索引.md | 04_场景/04_视觉参考/02_场景视觉参考_本地化说明.md | 04_场景/04_视觉参考/Codex执行说明_v1.3.md,最近目录索引/说明（非逐图直引）,主场景Canvas: 04_场景/场景总Canvas.canvas#ext_c_2（邻近文字：03垂直聚落 → 城内10带/城外聚落）,,主场景Canvas: 03垂直聚落 → 城内10带/城外聚落,主Canvas有图片直链,04_场景/场景总Canvas.canvas,png,693,900,902689,9c1dfa7596eff6238a38f49844643ecb552119b0c67108d27182d05031a91bc0,PASS_PNG,,沿用原库审核状态；此包不把候选/STAGING提升为定稿
LLL-S-0212,场景库,用户收集的外部参考（来源/授权状态未复核）,场景库图片｜用户收集参考｜楼顶农田聚落 垂直农场,文件名与目录层级；未逐张人工视觉描述,02_场景视觉与参考_图片.zip,images/黎黎隆项目/04_场景/04_视觉参考/外部参考_用户收集/03_垂直聚落/楼顶农田聚落_垂直农场.png,黎黎隆项目/04_场景/04_视觉参考/外部参考_用户收集/03_垂直聚落/楼顶农田聚落_垂直农场.png,04_场景/04_视觉参考/外部参考_用户收集/03_垂直聚落/楼顶农田聚落_垂直农场.png,,04_场景/04_视觉参考/外部参考_用户收集/00_外部参考索引.md | 04_场景/04_视觉参考/02_场景视觉参考_本地化说明.md | 04_场景/04_视觉参考/Codex执行说明_v1.3.md,最近目录索引/说明（非逐图直引）,主场景Canvas: 04_场景/场景总Canvas.canvas#ext_c_4（邻近文字：03垂直聚落 → 城内10带/城外聚落）,,主场景Canvas: 03垂直聚落 → 城内10带/城外聚落,主Canvas有图片直链,04_场景/场景总Canvas.canvas,png,1080,1340,2225760,426b1e5e05a5efc3542cffdb7e089ac7bf3979e3e893be85b44887ded6091d67,PASS_PNG,黎黎隆项目/04_场景/04_视觉参考/外部参考_用户收集/02_接口街景/密集招牌叠层住宅_九龙风.png,沿用原库审核状态；此包不把候选/STAGING提升为定稿
LLL-S-0213,场景库,用户收集的外部参考（来源/授权状态未复核）,场景库图片｜用户收集参考｜紫天空山城 巨拱桥,文件名与目录层级；未逐张人工视觉描述,02_场景视觉与参考_图片.zip,images/黎黎隆项目/04_场景/04_视觉参考/外部参考_用户收集/03_垂直聚落/紫天空山城_巨拱桥.png,黎黎隆项目/04_场景/04_视觉参考/外部参考_用户收集/03_垂直聚落/紫天空山城_巨拱桥.png,04_场景/04_视觉参考/外部参考_用户收集/03_垂直聚落/紫天空山城_巨拱桥.png,,04_场景/04_视觉参考/外部参考_用户收集/00_外部参考索引.md | 04_场景/04_视觉参考/02_场景视觉参考_本地化说明.md | 04_场景/04_视觉参考/Codex执行说明_v1.3.md,最近目录索引/说明（非逐图直引）,主场景Canvas: 04_场景/场景总Canvas.canvas#ext_c_3（邻近文字：03垂直聚落 → 城内10带/城外聚落）,,主场景Canvas: 03垂直聚落 → 城内10带/城外聚落,主Canvas有图片直链,04_场景/场景总Canvas.canvas,png,786,1185,1393803,76fbdb98823ad00bd4ca030a83a303d090d858997ffc840158665ccfc639f8df,PASS_PNG,,沿用原库审核状态；此包不把候选/STAGING提升为定稿
LLL-S-0214,场景库,用户收集的外部参考（来源/授权状态未复核）,场景库图片｜用户收集参考｜维多利亚魔法街 雾夜 暗绿灰,文件名与目录层级；未逐张人工视觉描述,02_场景视觉与参考_图片.zip,images/黎黎隆项目/04_场景/04_视觉参考/外部参考_用户收集/03_垂直聚落/维多利亚魔法街_雾夜_暗绿灰.png,黎黎隆项目/04_场景/04_视觉参考/外部参考_用户收集/03_垂直聚落/维多利亚魔法街_雾夜_暗绿灰.png,04_场景/04_视觉参考/外部参考_用户收集/03_垂直聚落/维多利亚魔法街_雾夜_暗绿灰.png,,04_场景/04_视觉参考/外部参考_用户收集/00_外部参考索引.md | 04_场景/04_视觉参考/02_场景视觉参考_本地化说明.md | 04_场景/04_视觉参考/Codex执行说明_v1.3.md,最近目录索引/说明（非逐图直引）,主场景Canvas: 04_场景/场景总Canvas.canvas#ext_c_0（邻近文字：03垂直聚落 → 城内10带/城外聚落）,,主场景Canvas: 03垂直聚落 → 城内10带/城外聚落,主Canvas有图片直链,04_场景/场景总Canvas.canvas,png,564,837,795679,0873c3dfb248a5aeb94c28079f7217d3b30389ef9a0e8b526a09e20f80444e58,PASS_PNG,,沿用原库审核状态；此包不把候选/STAGING提升为定稿
LLL-S-0215,场景库,用户收集的外部参考（来源/授权状态未复核）,场景库图片｜用户收集参考｜青绿夜色穹顶城 灯火,文件名与目录层级；未逐张人工视觉描述,02_场景视觉与参考_图片.zip,images/黎黎隆项目/04_场景/04_视觉参考/外部参考_用户收集/03_垂直聚落/青绿夜色穹顶城_灯火.png,黎黎隆项目/04_场景/04_视觉参考/外部参考_用户收集/03_垂直聚落/青绿夜色穹顶城_灯火.png,04_场景/04_视觉参考/外部参考_用户收集/03_垂直聚落/青绿夜色穹顶城_灯火.png,,04_场景/04_视觉参考/外部参考_用户收集/00_外部参考索引.md | 04_场景/04_视觉参考/02_场景视觉参考_本地化说明.md | 04_场景/04_视觉参考/Codex执行说明_v1.3.md,最近目录索引/说明（非逐图直引）,主场景Canvas: 04_场景/场景总Canvas.canvas#ext_c_1（邻近文字：03垂直聚落 → 城内10带/城外聚落）,,主场景Canvas: 03垂直聚落 → 城内10带/城外聚落,主Canvas有图片直链,04_场景/场景总Canvas.canvas,png,822,1200,1767556,8f0ec40b59fc174de2578ad994f8091d2542b4672d9298f2b07a435cdd527f66,PASS_PNG,,沿用原库审核状态；此包不把候选/STAGING提升为定稿
LLL-S-0216,场景库,用户收集的外部参考（来源/授权状态未复核）,场景库图片｜用户收集参考｜夜间水城列车逃亡 动画叙事,文件名与目录层级；未逐张人工视觉描述,02_场景视觉与参考_图片.zip,images/黎黎隆项目/04_场景/04_视觉参考/外部参考_用户收集/04_港口水道/夜间水城列车逃亡_动画叙事.png,黎黎隆项目/04_场景/04_视觉参考/外部参考_用户收集/04_港口水道/夜间水城列车逃亡_动画叙事.png,04_场景/04_视觉参考/外部参考_用户收集/04_港口水道/夜间水城列车逃亡_动画叙事.png,,04_场景/04_视觉参考/外部参考_用户收集/00_外部参考索引.md | 04_场景/04_视觉参考/02_场景视觉参考_本地化说明.md | 04_场景/04_视觉参考/Codex执行说明_v1.3.md,最近目录索引/说明（非逐图直引）,主场景Canvas: 04_场景/场景总Canvas.canvas#ext_d_2（邻近文字：04港口水道 → 自由锚港/水道）,,主场景Canvas: 04港口水道 → 自由锚港/水道,主Canvas有图片直链,04_场景/场景总Canvas.canvas,png,680,1034,934789,374f7fb0591513f5a959be57dac77c73628ebc2144ad3803089bd1256843f668,PASS_PNG,,沿用原库审核状态；此包不把候选/STAGING提升为定稿
LLL-S-0217,场景库,用户收集的外部参考（来源/授权状态未复核）,场景库图片｜用户收集参考｜巨构阴影下码头大船 锚港感,文件名与目录层级；未逐张人工视觉描述,02_场景视觉与参考_图片.zip,images/黎黎隆项目/04_场景/04_视觉参考/外部参考_用户收集/04_港口水道/巨构阴影下码头大船_锚港感.png,黎黎隆项目/04_场景/04_视觉参考/外部参考_用户收集/04_港口水道/巨构阴影下码头大船_锚港感.png,04_场景/04_视觉参考/外部参考_用户收集/04_港口水道/巨构阴影下码头大船_锚港感.png,,04_场景/04_视觉参考/外部参考_用户收集/00_外部参考索引.md | 04_场景/04_视觉参考/02_场景视觉参考_本地化说明.md | 04_场景/04_视觉参考/Codex执行说明_v1.3.md,最近目录索引/说明（非逐图直引）,主场景Canvas: 04_场景/场景总Canvas.canvas#ext_d_0（邻近文字：04港口水道 → 自由锚港/水道）,,主场景Canvas: 04港口水道 → 自由锚港/水道,主Canvas有图片直链,04_场景/场景总Canvas.canvas,png,736,1308,1639109,f596d46272d47d3f15e07d4a700472e89e55da94a9ebad79c8a0452881d50759,PASS_PNG,,沿用原库审核状态；此包不把候选/STAGING提升为定稿
LLL-S-0218,场景库,用户收集的外部参考（来源/授权状态未复核）,场景库图片｜用户收集参考｜水乡石桥木屋 实拍质感,文件名与目录层级；未逐张人工视觉描述,02_场景视觉与参考_图片.zip,images/黎黎隆项目/04_场景/04_视觉参考/外部参考_用户收集/04_港口水道/水乡石桥木屋_实拍质感.png,黎黎隆项目/04_场景/04_视觉参考/外部参考_用户收集/04_港口水道/水乡石桥木屋_实拍质感.png,04_场景/04_视觉参考/外部参考_用户收集/04_港口水道/水乡石桥木屋_实拍质感.png,,04_场景/04_视觉参考/外部参考_用户收集/00_外部参考索引.md | 04_场景/04_视觉参考/02_场景视觉参考_本地化说明.md | 04_场景/04_视觉参考/Codex执行说明_v1.3.md,最近目录索引/说明（非逐图直引）,主场景Canvas: 04_场景/场景总Canvas.canvas#ext_d_1（邻近文字：04港口水道 → 自由锚港/水道）,,主场景Canvas: 04港口水道 → 自由锚港/水道,主Canvas有图片直链,04_场景/场景总Canvas.canvas,png,689,908,927293,a62247da6bddef12ac1dbb34520b3fe9ed9e9041017b08578bcfbbfdc808e400,PASS_PNG,,沿用原库审核状态；此包不把候选/STAGING提升为定稿
LLL-S-0219,场景库,用户收集的外部参考（来源/授权状态未复核）,场景库图片｜用户收集参考｜双人乘具海面飞行 吉卜力感,文件名与目录层级；未逐张人工视觉描述,02_场景视觉与参考_图片.zip,images/黎黎隆项目/04_场景/04_视觉参考/外部参考_用户收集/05_人物尺度/双人乘具海面飞行_吉卜力感.png,黎黎隆项目/04_场景/04_视觉参考/外部参考_用户收集/05_人物尺度/双人乘具海面飞行_吉卜力感.png,04_场景/04_视觉参考/外部参考_用户收集/05_人物尺度/双人乘具海面飞行_吉卜力感.png,,04_场景/04_视觉参考/外部参考_用户收集/00_外部参考索引.md | 04_场景/04_视觉参考/02_场景视觉参考_本地化说明.md | 04_场景/04_视觉参考/Codex执行说明_v1.3.md,最近目录索引/说明（非逐图直引）,主场景Canvas: 04_场景/场景总Canvas.canvas#ext_e_1（邻近文字：05人物尺度 → 角色×场景融合）,,主场景Canvas: 05人物尺度 → 角色×场景融合,主Canvas有图片直链,04_场景/场景总Canvas.canvas,png,595,595,471237,b999768c4ffd035fe7b0772b03269ee7ae958d22d8b1e59ac9d197a18d379d16,PASS_PNG,,沿用原库审核状态；此包不把候选/STAGING提升为定稿
LLL-S-0220,场景库,用户收集的外部参考（来源/授权状态未复核）,场景库图片｜用户收集参考｜少女机械服水彩 娜乌西卡风,文件名与目录层级；未逐张人工视觉描述,02_场景视觉与参考_图片.zip,images/黎黎隆项目/04_场景/04_视觉参考/外部参考_用户收集/05_人物尺度/少女机械服水彩_娜乌西卡风.png,黎黎隆项目/04_场景/04_视觉参考/外部参考_用户收集/05_人物尺度/少女机械服水彩_娜乌西卡风.png,04_场景/04_视觉参考/外部参考_用户收集/05_人物尺度/少女机械服水彩_娜乌西卡风.png,,04_场景/04_视觉参考/外部参考_用户收集/00_外部参考索引.md | 04_场景/04_视觉参考/02_场景视觉参考_本地化说明.md | 04_场景/04_视觉参考/Codex执行说明_v1.3.md,最近目录索引/说明（非逐图直引）,主场景Canvas: 04_场景/场景总Canvas.canvas#ext_e_0（邻近文字：05人物尺度 → 角色×场景融合）,,主场景Canvas: 05人物尺度 → 角色×场景融合,主Canvas有图片直链,04_场景/场景总Canvas.canvas,png,1112,1566,2170558,a6ecd52f73872096ae31eba8ae130d2090ad4b11a8dab087499f1aec8bfe0759,PASS_PNG,,沿用原库审核状态；此包不把候选/STAGING提升为定稿
LLL-S-0221,场景库,用户收集的外部参考（来源/授权状态未复核）,场景库图片｜用户收集参考｜OV Coral Slime Mould,文件名与目录层级；未逐张人工视觉描述,02_场景视觉与参考_图片.zip,images/黎黎隆项目/04_场景/04_视觉参考/外部参考_用户收集/06_菌林活膜_粉/OV_Coral_Slime_Mould.jpg,黎黎隆项目/04_场景/04_视觉参考/外部参考_用户收集/06_菌林活膜_粉/OV_Coral_Slime_Mould.jpg,04_场景/04_视觉参考/外部参考_用户收集/06_菌林活膜_粉/OV_Coral_Slime_Mould.jpg,,04_场景/04_视觉参考/外部参考_用户收集/00_外部参考索引.md | 04_场景/04_视觉参考/02_场景视觉参考_本地化说明.md | 04_场景/04_视觉参考/Codex执行说明_v1.3.md,最近目录索引/说明（非逐图直引）,主场景Canvas: 04_场景/场景总Canvas.canvas#x6_0（邻近文字：06菌林活膜粉 → R6 菌林/活膜/共生）,,主场景Canvas: 06菌林活膜粉 → R6 菌林/活膜/共生,主Canvas有图片直链,04_场景/场景总Canvas.canvas,jpg,1024,683,444925,779baf434d1e3f9f37d31e3e28833e9ae76ba20dfece2e5c886ce2145c118a25,PASS_JPEG,,沿用原库审核状态；此包不把候选/STAGING提升为定稿
LLL-S-0222,场景库,用户收集的外部参考（来源/授权状态未复核）,场景库图片｜用户收集参考｜OV Giant jack o lantern mushroom,文件名与目录层级；未逐张人工视觉描述,02_场景视觉与参考_图片.zip,images/黎黎隆项目/04_场景/04_视觉参考/外部参考_用户收集/06_菌林活膜_粉/OV_Giant_jack_o_lantern_mushroom.jpg,黎黎隆项目/04_场景/04_视觉参考/外部参考_用户收集/06_菌林活膜_粉/OV_Giant_jack_o_lantern_mushroom.jpg,04_场景/04_视觉参考/外部参考_用户收集/06_菌林活膜_粉/OV_Giant_jack_o_lantern_mushroom.jpg,,04_场景/04_视觉参考/外部参考_用户收集/00_外部参考索引.md | 04_场景/04_视觉参考/02_场景视觉参考_本地化说明.md | 04_场景/04_视觉参考/Codex执行说明_v1.3.md,最近目录索引/说明（非逐图直引）,主场景Canvas: 04_场景/场景总Canvas.canvas#x6_1（邻近文字：06菌林活膜粉 → R6 菌林/活膜/共生）,,主场景Canvas: 06菌林活膜粉 → R6 菌林/活膜/共生,主Canvas有图片直链,04_场景/场景总Canvas.canvas,jpg,500,334,84030,cd3c0b260f2a754213978cd66a38f6e67c1e6468c09d2a2ce85b1a444219d69c,PASS_JPEG,,沿用原库审核状态；此包不把候选/STAGING提升为定稿
LLL-S-0223,场景库,用户收集的外部参考（来源/授权状态未复核）,场景库图片｜用户收集参考｜OV Honey Fungus at tree stub in autumn fore,文件名与目录层级；未逐张人工视觉描述,02_场景视觉与参考_图片.zip,images/黎黎隆项目/04_场景/04_视觉参考/外部参考_用户收集/06_菌林活膜_粉/OV_Honey_Fungus_at_tree_stub_in_autumn_fore.jpg,黎黎隆项目/04_场景/04_视觉参考/外部参考_用户收集/06_菌林活膜_粉/OV_Honey_Fungus_at_tree_stub_in_autumn_fore.jpg,04_场景/04_视觉参考/外部参考_用户收集/06_菌林活膜_粉/OV_Honey_Fungus_at_tree_stub_in_autumn_fore.jpg,,04_场景/04_视觉参考/外部参考_用户收集/00_外部参考索引.md | 04_场景/04_视觉参考/02_场景视觉参考_本地化说明.md | 04_场景/04_视觉参考/Codex执行说明_v1.3.md,最近目录索引/说明（非逐图直引）,主场景Canvas: 04_场景/场景总Canvas.canvas#x6_2（邻近文字：06菌林活膜粉 → R6 菌林/活膜/共生）,,主场景Canvas: 06菌林活膜粉 → R6 菌林/活膜/共生,主Canvas有图片直链,04_场景/场景总Canvas.canvas,jpg,1024,576,219863,e3f024d3896e8e94984928c1070268d2f25ae67717f5df3ce54dbc313ffbb17e,PASS_JPEG,,沿用原库审核状态；此包不把候选/STAGING提升为定稿
LLL-S-0224,场景库,用户收集的外部参考（来源/授权状态未复核）,场景库图片｜用户收集参考｜OV Mushrooms on dead wood,文件名与目录层级；未逐张人工视觉描述,02_场景视觉与参考_图片.zip,images/黎黎隆项目/04_场景/04_视觉参考/外部参考_用户收集/06_菌林活膜_粉/OV_Mushrooms_on_dead_wood.jpg,黎黎隆项目/04_场景/04_视觉参考/外部参考_用户收集/06_菌林活膜_粉/OV_Mushrooms_on_dead_wood.jpg,04_场景/04_视觉参考/外部参考_用户收集/06_菌林活膜_粉/OV_Mushrooms_on_dead_wood.jpg,,04_场景/04_视觉参考/外部参考_用户收集/00_外部参考索引.md | 04_场景/04_视觉参考/02_场景视觉参考_本地化说明.md | 04_场景/04_视觉参考/Codex执行说明_v1.3.md,最近目录索引/说明（非逐图直引）,主场景Canvas: 04_场景/场景总Canvas.canvas#x6_3（邻近文字：06菌林活膜粉 → R6 菌林/活膜/共生）,,主场景Canvas: 06菌林活膜粉 → R6 菌林/活膜/共生,主Canvas有图片直链,04_场景/场景总Canvas.canvas,jpg,1024,683,267373,0a8a16b6d7d2d28a9177cabc2c5ecd89abf271718d0cbb3b7697e48f80f9b53a,PASS_JPEG,,沿用原库审核状态；此包不把候选/STAGING提升为定稿
LLL-S-0225,场景库,用户收集的外部参考（来源/授权状态未复核）,场景库图片｜用户收集参考｜OV Slime mold Arcyria obvelata,文件名与目录层级；未逐张人工视觉描述,02_场景视觉与参考_图片.zip,images/黎黎隆项目/04_场景/04_视觉参考/外部参考_用户收集/06_菌林活膜_粉/OV_Slime_mold_Arcyria_obvelata.jpg,黎黎隆项目/04_场景/04_视觉参考/外部参考_用户收集/06_菌林活膜_粉/OV_Slime_mold_Arcyria_obvelata.jpg,04_场景/04_视觉参考/外部参考_用户收集/06_菌林活膜_粉/OV_Slime_mold_Arcyria_obvelata.jpg,,04_场景/04_视觉参考/外部参考_用户收集/00_外部参考索引.md | 04_场景/04_视觉参考/02_场景视觉参考_本地化说明.md | 04_场景/04_视觉参考/Codex执行说明_v1.3.md,最近目录索引/说明（非逐图直引）,主场景Canvas: 04_场景/场景总Canvas.canvas#x6_4（邻近文字：06菌林活膜粉 → R6 菌林/活膜/共生）,,主场景Canvas: 06菌林活膜粉 → R6 菌林/活膜/共生,主Canvas有图片直链,04_场景/场景总Canvas.canvas,jpg,1023,655,227911,d82731baaff9d89df4bdfef13b421d1eab0e554c3e7b8b4c56f6b616cc9f8c09,PASS_JPEG,,沿用原库审核状态；此包不把候选/STAGING提升为定稿
LLL-S-0226,场景库,用户收集的外部参考（来源/授权状态未复核）,场景库图片｜用户收集参考｜OV La Brea Tar Pits,文件名与目录层级；未逐张人工视觉描述,02_场景视觉与参考_图片.zip,images/黎黎隆项目/04_场景/04_视觉参考/外部参考_用户收集/07_黑金工业_黑/OV_La_Brea_Tar_Pits.jpg,黎黎隆项目/04_场景/04_视觉参考/外部参考_用户收集/07_黑金工业_黑/OV_La_Brea_Tar_Pits.jpg,04_场景/04_视觉参考/外部参考_用户收集/07_黑金工业_黑/OV_La_Brea_Tar_Pits.jpg,,04_场景/04_视觉参考/外部参考_用户收集/00_外部参考索引.md | 04_场景/04_视觉参考/02_场景视觉参考_本地化说明.md | 04_场景/04_视觉参考/Codex执行说明_v1.3.md,最近目录索引/说明（非逐图直引）,主场景Canvas: 04_场景/场景总Canvas.canvas#x7_1（邻近文字：07黑金工业黑 → R3 黑金渗出海域）,,主场景Canvas: 07黑金工业黑 → R3 黑金渗出海域,主Canvas有图片直链,04_场景/场景总Canvas.canvas,jpg,1024,683,298059,f70cdf13b5bf203594b7912c6b705a9f164172628c7fa7acf26f5a66e42d1523,PASS_JPEG,,沿用原库审核状态；此包不把候选/STAGING提升为定稿
LLL-S-0227,场景库,用户收集的外部参考（来源/授权状态未复核）,场景库图片｜用户收集参考｜OV La Brea Tar Pits bubbling 7 29 2005,文件名与目录层级；未逐张人工视觉描述,02_场景视觉与参考_图片.zip,images/黎黎隆项目/04_场景/04_视觉参考/外部参考_用户收集/07_黑金工业_黑/OV_La_Brea_Tar_Pits_bubbling_7_29_2005.jpg,黎黎隆项目/04_场景/04_视觉参考/外部参考_用户收集/07_黑金工业_黑/OV_La_Brea_Tar_Pits_bubbling_7_29_2005.jpg,04_场景/04_视觉参考/外部参考_用户收集/07_黑金工业_黑/OV_La_Brea_Tar_Pits_bubbling_7_29_2005.jpg,,04_场景/04_视觉参考/外部参考_用户收集/00_外部参考索引.md | 04_场景/04_视觉参考/02_场景视觉参考_本地化说明.md | 04_场景/04_视觉参考/Codex执行说明_v1.3.md,最近目录索引/说明（非逐图直引）,主场景Canvas: 04_场景/场景总Canvas.canvas#x7_2（邻近文字：07黑金工业黑 → R3 黑金渗出海域）,,主场景Canvas: 07黑金工业黑 → R3 黑金渗出海域,主Canvas有图片直链,04_场景/场景总Canvas.canvas,jpg,768,1024,242702,e0682bfa5b0d2d369e901d0eb8bfc92f7a2563b2fc2e487546ad1e8045b90145,PASS_JPEG,,沿用原库审核状态；此包不把候选/STAGING提升为定稿
LLL-S-0228,场景库,用户收集的外部参考（来源/授权状态未复核）,场景库图片｜用户收集参考｜OV LOTOS Oil refinery,文件名与目录层级；未逐张人工视觉描述,02_场景视觉与参考_图片.zip,images/黎黎隆项目/04_场景/04_视觉参考/外部参考_用户收集/07_黑金工业_黑/OV_LOTOS_Oil_refinery.jpg,黎黎隆项目/04_场景/04_视觉参考/外部参考_用户收集/07_黑金工业_黑/OV_LOTOS_Oil_refinery.jpg,04_场景/04_视觉参考/外部参考_用户收集/07_黑金工业_黑/OV_LOTOS_Oil_refinery.jpg,,04_场景/04_视觉参考/外部参考_用户收集/00_外部参考索引.md | 04_场景/04_视觉参考/02_场景视觉参考_本地化说明.md | 04_场景/04_视觉参考/Codex执行说明_v1.3.md,最近目录索引/说明（非逐图直引）,主场景Canvas: 04_场景/场景总Canvas.canvas#x7_0（邻近文字：07黑金工业黑 → R3 黑金渗出海域）,,主场景Canvas: 07黑金工业黑 → R3 黑金渗出海域,主Canvas有图片直链,04_场景/场景总Canvas.canvas,jpg,1024,439,83377,043617535f57926e661b8a7d73f2a58fe405278244df0bfa4edfff0fb3642cb5,PASS_JPEG,,沿用原库审核状态；此包不把候选/STAGING提升为定稿
LLL-S-0229,场景库,用户收集的外部参考（来源/授权状态未复核）,场景库图片｜用户收集参考｜OV Oil Field Pump Jack,文件名与目录层级；未逐张人工视觉描述,02_场景视觉与参考_图片.zip,images/黎黎隆项目/04_场景/04_视觉参考/外部参考_用户收集/07_黑金工业_黑/OV_Oil_Field_Pump_Jack.jpg,黎黎隆项目/04_场景/04_视觉参考/外部参考_用户收集/07_黑金工业_黑/OV_Oil_Field_Pump_Jack.jpg,04_场景/04_视觉参考/外部参考_用户收集/07_黑金工业_黑/OV_Oil_Field_Pump_Jack.jpg,,04_场景/04_视觉参考/外部参考_用户收集/00_外部参考索引.md | 04_场景/04_视觉参考/02_场景视觉参考_本地化说明.md | 04_场景/04_视觉参考/Codex执行说明_v1.3.md,最近目录索引/说明（非逐图直引）,主场景Canvas: 04_场景/场景总Canvas.canvas#x7_3（邻近文字：07黑金工业黑 → R3 黑金渗出海域）,,主场景Canvas: 07黑金工业黑 → R3 黑金渗出海域,主Canvas有图片直链,04_场景/场景总Canvas.canvas,jpg,1024,768,221261,6e443d2a01bfae9a14ca28f8cbc26772866166adbaff6d5c90965fb4f4ce818f,PASS_JPEG,,沿用原库审核状态；此包不把候选/STAGING提升为定稿
LLL-S-0230,场景库,用户收集的外部参考（来源/授权状态未复核）,场景库图片｜用户收集参考｜OV Oil Refinery across Milford Haven,文件名与目录层级；未逐张人工视觉描述,02_场景视觉与参考_图片.zip,images/黎黎隆项目/04_场景/04_视觉参考/外部参考_用户收集/07_黑金工业_黑/OV_Oil_Refinery_across_Milford_Haven.jpg,黎黎隆项目/04_场景/04_视觉参考/外部参考_用户收集/07_黑金工业_黑/OV_Oil_Refinery_across_Milford_Haven.jpg,04_场景/04_视觉参考/外部参考_用户收集/07_黑金工业_黑/OV_Oil_Refinery_across_Milford_Haven.jpg,,04_场景/04_视觉参考/外部参考_用户收集/00_外部参考索引.md | 04_场景/04_视觉参考/02_场景视觉参考_本地化说明.md | 04_场景/04_视觉参考/Codex执行说明_v1.3.md,最近目录索引/说明（非逐图直引）,主场景Canvas: 04_场景/场景总Canvas.canvas#x7_4（邻近文字：07黑金工业黑 → R3 黑金渗出海域）,,主场景Canvas: 07黑金工业黑 → R3 黑金渗出海域,主Canvas有图片直链,04_场景/场景总Canvas.canvas,jpg,1024,768,102008,4410458e0d8e451fbf838388681c8cf73b9c3ee4ecb082c62971e283e4c2e691,PASS_JPEG,,沿用原库审核状态；此包不把候选/STAGING提升为定稿
LLL-S-0231,场景库,用户收集的外部参考（来源/授权状态未复核）,场景库图片｜用户收集参考｜OV Smilodon saber toothed tiger skull La Br,文件名与目录层级；未逐张人工视觉描述,02_场景视觉与参考_图片.zip,images/黎黎隆项目/04_场景/04_视觉参考/外部参考_用户收集/07_黑金工业_黑/OV_Smilodon_saber_toothed_tiger_skull_La_Br.jpg,黎黎隆项目/04_场景/04_视觉参考/外部参考_用户收集/07_黑金工业_黑/OV_Smilodon_saber_toothed_tiger_skull_La_Br.jpg,04_场景/04_视觉参考/外部参考_用户收集/07_黑金工业_黑/OV_Smilodon_saber_toothed_tiger_skull_La_Br.jpg,,04_场景/04_视觉参考/外部参考_用户收集/00_外部参考索引.md | 04_场景/04_视觉参考/02_场景视觉参考_本地化说明.md | 04_场景/04_视觉参考/Codex执行说明_v1.3.md,最近目录索引/说明（非逐图直引）,,,,未找到图片直接节点,04_场景/场景总Canvas.canvas,jpg,1023,1009,371121,e46df2f1191381a629e5d8afd12a2e15ee501c678c7746a9619e9e4ddba89d21,PASS_JPEG,,沿用原库审核状态；此包不把候选/STAGING提升为定稿
LLL-S-0232,场景库,用户收集的外部参考（来源/授权状态未复核）,场景库图片｜用户收集参考｜OV Diving,文件名与目录层级；未逐张人工视觉描述,02_场景视觉与参考_图片.zip,images/黎黎隆项目/04_场景/04_视觉参考/外部参考_用户收集/08_巨物迁徙/OV_Diving.jpg,黎黎隆项目/04_场景/04_视觉参考/外部参考_用户收集/08_巨物迁徙/OV_Diving.jpg,04_场景/04_视觉参考/外部参考_用户收集/08_巨物迁徙/OV_Diving.jpg,,04_场景/04_视觉参考/外部参考_用户收集/00_外部参考索引.md | 04_场景/04_视觉参考/02_场景视觉参考_本地化说明.md | 04_场景/04_视觉参考/Codex执行说明_v1.3.md,最近目录索引/说明（非逐图直引）,主场景Canvas: 04_场景/场景总Canvas.canvas#x8_0（邻近文字：08巨物迁徙 → R4 天上巨鲸/迁徙群）,,主场景Canvas: 08巨物迁徙 → R4 天上巨鲸/迁徙群,主Canvas有图片直链,04_场景/场景总Canvas.canvas,jpg,1024,576,183468,da90500dfc81d67d0fc630c4633ae0f17859d5706a32b985ba472e1b21ef9ef1,PASS_JPEG,,沿用原库审核状态；此包不把候选/STAGING提升为定稿
LLL-S-0233,场景库,用户收集的外部参考（来源/授权状态未复核）,场景库图片｜用户收集参考｜OV Great White Shark in South Africa,文件名与目录层级；未逐张人工视觉描述,02_场景视觉与参考_图片.zip,images/黎黎隆项目/04_场景/04_视觉参考/外部参考_用户收集/08_巨物迁徙/OV_Great_White_Shark_in_South_Africa.jpg,黎黎隆项目/04_场景/04_视觉参考/外部参考_用户收集/08_巨物迁徙/OV_Great_White_Shark_in_South_Africa.jpg,04_场景/04_视觉参考/外部参考_用户收集/08_巨物迁徙/OV_Great_White_Shark_in_South_Africa.jpg,,04_场景/04_视觉参考/外部参考_用户收集/00_外部参考索引.md | 04_场景/04_视觉参考/02_场景视觉参考_本地化说明.md | 04_场景/04_视觉参考/Codex执行说明_v1.3.md,最近目录索引/说明（非逐图直引）,主场景Canvas: 04_场景/场景总Canvas.canvas#x8_1（邻近文字：08巨物迁徙 → R4 天上巨鲸/迁徙群）,,主场景Canvas: 08巨物迁徙 → R4 天上巨鲸/迁徙群,主Canvas有图片直链,04_场景/场景总Canvas.canvas,jpg,960,640,169710,ae4cfdb0a1706a1f1c8eb84a7eb6012437aa1d91dda88436fb52268d6818f2a0,PASS_JPEG,,沿用原库审核状态；此包不把候选/STAGING提升为定稿
LLL-S-0234,场景库,用户收集的外部参考（来源/授权状态未复核）,场景库图片｜用户收集参考｜OV Mesmerised by murmuration we follow them,文件名与目录层级；未逐张人工视觉描述,02_场景视觉与参考_图片.zip,images/黎黎隆项目/04_场景/04_视觉参考/外部参考_用户收集/08_巨物迁徙/OV_Mesmerised_by_murmuration_we_follow_them.jpg,黎黎隆项目/04_场景/04_视觉参考/外部参考_用户收集/08_巨物迁徙/OV_Mesmerised_by_murmuration_we_follow_them.jpg,04_场景/04_视觉参考/外部参考_用户收集/08_巨物迁徙/OV_Mesmerised_by_murmuration_we_follow_them.jpg,,04_场景/04_视觉参考/外部参考_用户收集/00_外部参考索引.md | 04_场景/04_视觉参考/02_场景视觉参考_本地化说明.md | 04_场景/04_视觉参考/Codex执行说明_v1.3.md,最近目录索引/说明（非逐图直引）,主场景Canvas: 04_场景/场景总Canvas.canvas#x8_2（邻近文字：08巨物迁徙 → R4 天上巨鲸/迁徙群）,,主场景Canvas: 08巨物迁徙 → R4 天上巨鲸/迁徙群,主Canvas有图片直链,04_场景/场景总Canvas.canvas,jpg,1024,683,196279,5b073279cc9e2b93961ab70eb9fa0694c5404d67320005b955f727a54fe2dda4,PASS_JPEG,,沿用原库审核状态；此包不把候选/STAGING提升为定稿
LLL-S-0235,场景库,用户收集的外部参考（来源/授权状态未复核）,场景库图片｜用户收集参考｜OV Sperm whale,文件名与目录层级；未逐张人工视觉描述,02_场景视觉与参考_图片.zip,images/黎黎隆项目/04_场景/04_视觉参考/外部参考_用户收集/08_巨物迁徙/OV_Sperm_whale.jpg,黎黎隆项目/04_场景/04_视觉参考/外部参考_用户收集/08_巨物迁徙/OV_Sperm_whale.jpg,04_场景/04_视觉参考/外部参考_用户收集/08_巨物迁徙/OV_Sperm_whale.jpg,,04_场景/04_视觉参考/外部参考_用户收集/00_外部参考索引.md | 04_场景/04_视觉参考/02_场景视觉参考_本地化说明.md | 04_场景/04_视觉参考/Codex执行说明_v1.3.md,最近目录索引/说明（非逐图直引）,主场景Canvas: 04_场景/场景总Canvas.canvas#x8_3（邻近文字：08巨物迁徙 → R4 天上巨鲸/迁徙群）,,主场景Canvas: 08巨物迁徙 → R4 天上巨鲸/迁徙群,主Canvas有图片直链,04_场景/场景总Canvas.canvas,jpg,1024,698,257449,6e535f90871c9a65293231497b393f98ae29596197082e5b061831f2584dc59a,PASS_JPEG,,沿用原库审核状态；此包不把候选/STAGING提升为定稿
LLL-S-0236,场景库,用户收集的外部参考（来源/授权状态未复核）,场景库图片｜用户收集参考｜OV The best free entertainment in town Expl,文件名与目录层级；未逐张人工视觉描述,02_场景视觉与参考_图片.zip,images/黎黎隆项目/04_场景/04_视觉参考/外部参考_用户收集/08_巨物迁徙/OV_The_best_free_entertainment_in_town_Expl.jpg,黎黎隆项目/04_场景/04_视觉参考/外部参考_用户收集/08_巨物迁徙/OV_The_best_free_entertainment_in_town_Expl.jpg,04_场景/04_视觉参考/外部参考_用户收集/08_巨物迁徙/OV_The_best_free_entertainment_in_town_Expl.jpg,,04_场景/04_视觉参考/外部参考_用户收集/00_外部参考索引.md | 04_场景/04_视觉参考/02_场景视觉参考_本地化说明.md | 04_场景/04_视觉参考/Codex执行说明_v1.3.md,最近目录索引/说明（非逐图直引）,主场景Canvas: 04_场景/场景总Canvas.canvas#x8_4（邻近文字：08巨物迁徙 → R4 天上巨鲸/迁徙群）,,主场景Canvas: 08巨物迁徙 → R4 天上巨鲸/迁徙群,主Canvas有图片直链,04_场景/场景总Canvas.canvas,jpg,1023,682,389096,ea870832b56d60e6fcaa1499ccd547d42331dd3b662e12181498634714aaec5b,PASS_JPEG,,沿用原库审核状态；此包不把候选/STAGING提升为定稿
LLL-S-0237,场景库,用户收集的外部参考（来源/授权状态未复核）,场景库图片｜用户收集参考｜OV A long time ago in a remote village in J,文件名与目录层级；未逐张人工视觉描述,02_场景视觉与参考_图片.zip,images/黎黎隆项目/04_场景/04_视觉参考/外部参考_用户收集/09_异种村落/OV_A_long_time_ago_in_a_remote_village_in_J.jpg,黎黎隆项目/04_场景/04_视觉参考/外部参考_用户收集/09_异种村落/OV_A_long_time_ago_in_a_remote_village_in_J.jpg,04_场景/04_视觉参考/外部参考_用户收集/09_异种村落/OV_A_long_time_ago_in_a_remote_village_in_J.jpg,,04_场景/04_视觉参考/外部参考_用户收集/00_外部参考索引.md | 04_场景/04_视觉参考/02_场景视觉参考_本地化说明.md | 04_场景/04_视觉参考/Codex执行说明_v1.3.md,最近目录索引/说明（非逐图直引）,主场景Canvas: 04_场景/场景总Canvas.canvas#x9_0（邻近文字：09异种村落 → 异种村庄/城外聚落）,,主场景Canvas: 09异种村落 → 异种村庄/城外聚落,主Canvas有图片直链,04_场景/场景总Canvas.canvas,jpg,1024,680,327531,476f159c944dfce7770fd8bac07acfedcc6d703c184344370f491dcb90d8f4f0,PASS_JPEG,,沿用原库审核状态；此包不把候选/STAGING提升为定稿
LLL-S-0238,场景库,用户收集的外部参考（来源/授权状态未复核）,场景库图片｜用户收集参考｜OV Melting Tree Ta Prohm,文件名与目录层级；未逐张人工视觉描述,02_场景视觉与参考_图片.zip,images/黎黎隆项目/04_场景/04_视觉参考/外部参考_用户收集/09_异种村落/OV_Melting_Tree_Ta_Prohm.jpg,黎黎隆项目/04_场景/04_视觉参考/外部参考_用户收集/09_异种村落/OV_Melting_Tree_Ta_Prohm.jpg,04_场景/04_视觉参考/外部参考_用户收集/09_异种村落/OV_Melting_Tree_Ta_Prohm.jpg,,04_场景/04_视觉参考/外部参考_用户收集/00_外部参考索引.md | 04_场景/04_视觉参考/02_场景视觉参考_本地化说明.md | 04_场景/04_视觉参考/Codex执行说明_v1.3.md,最近目录索引/说明（非逐图直引）,主场景Canvas: 04_场景/场景总Canvas.canvas#x9_1（邻近文字：09异种村落 → 异种村庄/城外聚落）,,主场景Canvas: 09异种村落 → 异种村庄/城外聚落,主Canvas有图片直链,04_场景/场景总Canvas.canvas,jpg,683,1024,235454,310261ce7debdf584f725442e42ffef533581650e51e81480a4890754aaebe1f,PASS_JPEG,,沿用原库审核状态；此包不把候选/STAGING提升为定稿
LLL-S-0239,场景库,用户收集的外部参考（来源/授权状态未复核）,场景库图片｜用户收集参考｜OV Stone village 1,文件名与目录层级；未逐张人工视觉描述,02_场景视觉与参考_图片.zip,images/黎黎隆项目/04_场景/04_视觉参考/外部参考_用户收集/09_异种村落/OV_Stone_village_1.jpg,黎黎隆项目/04_场景/04_视觉参考/外部参考_用户收集/09_异种村落/OV_Stone_village_1.jpg,04_场景/04_视觉参考/外部参考_用户收集/09_异种村落/OV_Stone_village_1.jpg,,04_场景/04_视觉参考/外部参考_用户收集/00_外部参考索引.md | 04_场景/04_视觉参考/02_场景视觉参考_本地化说明.md | 04_场景/04_视觉参考/Codex执行说明_v1.3.md,最近目录索引/说明（非逐图直引）,主场景Canvas: 04_场景/场景总Canvas.canvas#x9_2（邻近文字：09异种村落 → 异种村庄/城外聚落）,,主场景Canvas: 09异种村落 → 异种村庄/城外聚落,主Canvas有图片直链,04_场景/场景总Canvas.canvas,jpg,1024,768,472789,8df413233045dbf3be50a0fe2c95aadd34fc4795c4b9f232a577a7d4209db944,PASS_JPEG,,沿用原库审核状态；此包不把候选/STAGING提升为定稿
LLL-S-0240,场景库,用户收集的外部参考（来源/授权状态未复核）,场景库图片｜用户收集参考｜OV Stone village 2,文件名与目录层级；未逐张人工视觉描述,02_场景视觉与参考_图片.zip,images/黎黎隆项目/04_场景/04_视觉参考/外部参考_用户收集/09_异种村落/OV_Stone_village_2.jpg,黎黎隆项目/04_场景/04_视觉参考/外部参考_用户收集/09_异种村落/OV_Stone_village_2.jpg,04_场景/04_视觉参考/外部参考_用户收集/09_异种村落/OV_Stone_village_2.jpg,,04_场景/04_视觉参考/外部参考_用户收集/00_外部参考索引.md | 04_场景/04_视觉参考/02_场景视觉参考_本地化说明.md | 04_场景/04_视觉参考/Codex执行说明_v1.3.md,最近目录索引/说明（非逐图直引）,主场景Canvas: 04_场景/场景总Canvas.canvas#x9_3（邻近文字：09异种村落 → 异种村庄/城外聚落）,,主场景Canvas: 09异种村落 → 异种村庄/城外聚落,主Canvas有图片直链,04_场景/场景总Canvas.canvas,jpg,1024,768,477783,d00793375211b9a8394ffb54325a01e3b6cf6dc8e93e475f5731703852005bd4,PASS_JPEG,,沿用原库审核状态；此包不把候选/STAGING提升为定稿
LLL-S-0241,场景库,用户收集的外部参考（来源/授权状态未复核）,场景库图片｜用户收集参考｜OV The Trinity Root 9 11 Memorial,文件名与目录层级；未逐张人工视觉描述,02_场景视觉与参考_图片.zip,images/黎黎隆项目/04_场景/04_视觉参考/外部参考_用户收集/09_异种村落/OV_The_Trinity_Root_9_11_Memorial.jpg,黎黎隆项目/04_场景/04_视觉参考/外部参考_用户收集/09_异种村落/OV_The_Trinity_Root_9_11_Memorial.jpg,04_场景/04_视觉参考/外部参考_用户收集/09_异种村落/OV_The_Trinity_Root_9_11_Memorial.jpg,,04_场景/04_视觉参考/外部参考_用户收集/00_外部参考索引.md | 04_场景/04_视觉参考/02_场景视觉参考_本地化说明.md | 04_场景/04_视觉参考/Codex执行说明_v1.3.md,最近目录索引/说明（非逐图直引）,主场景Canvas: 04_场景/场景总Canvas.canvas#x9_4（邻近文字：09异种村落 → 异种村庄/城外聚落）,,主场景Canvas: 09异种村落 → 异种村庄/城外聚落,主Canvas有图片直链,04_场景/场景总Canvas.canvas,jpg,1024,864,318468,643d33432b0ad5bb92075886ba5a5550fe94618b0c4996df0b19fb477771c00f,PASS_JPEG,,沿用原库审核状态；此包不把候选/STAGING提升为定稿
LLL-S-0242,场景库,项目场景资产,场景库图片｜05_素材整理_候选｜全量 01,文件名与目录层级；未逐张人工视觉描述,02_场景视觉与参考_图片.zip,images/黎黎隆项目/04_场景/05_素材整理_候选/01_缩略联系表/00_全量/全量_01.jpg,黎黎隆项目/04_场景/05_素材整理_候选/01_缩略联系表/00_全量/全量_01.jpg,04_场景/05_素材整理_候选/01_缩略联系表/00_全量/全量_01.jpg,,04_场景/05_素材整理_候选/02_世界观与画风双栏分析.md | 04_场景/05_素材整理_候选/03_风格共性候选.md | 04_场景/05_素材整理_候选/04_缺失与版本冲突.md,最近目录索引/说明（非逐图直引）,,,,未找到图片直接节点,04_场景/场景总Canvas.canvas,jpg,1300,840,256071,cf0240e257c17bfd52f91872957874d50af9fd00c45679274b5e7adb738deaea,PASS_JPEG,,沿用原库审核状态；此包不把候选/STAGING提升为定稿
LLL-S-0243,场景库,项目场景资产,场景库图片｜05_素材整理_候选｜全量 02,文件名与目录层级；未逐张人工视觉描述,02_场景视觉与参考_图片.zip,images/黎黎隆项目/04_场景/05_素材整理_候选/01_缩略联系表/00_全量/全量_02.jpg,黎黎隆项目/04_场景/05_素材整理_候选/01_缩略联系表/00_全量/全量_02.jpg,04_场景/05_素材整理_候选/01_缩略联系表/00_全量/全量_02.jpg,,04_场景/05_素材整理_候选/02_世界观与画风双栏分析.md | 04_场景/05_素材整理_候选/03_风格共性候选.md | 04_场景/05_素材整理_候选/04_缺失与版本冲突.md,最近目录索引/说明（非逐图直引）,,,,未找到图片直接节点,04_场景/场景总Canvas.canvas,jpg,1300,840,247814,aca843b828cb14fc120c8246ce9e68bb6e36daf548eb20c5a54f6e51b944a38c,PASS_JPEG,,沿用原库审核状态；此包不把候选/STAGING提升为定稿
LLL-S-0244,场景库,项目场景资产,场景库图片｜05_素材整理_候选｜全量 03,文件名与目录层级；未逐张人工视觉描述,02_场景视觉与参考_图片.zip,images/黎黎隆项目/04_场景/05_素材整理_候选/01_缩略联系表/00_全量/全量_03.jpg,黎黎隆项目/04_场景/05_素材整理_候选/01_缩略联系表/00_全量/全量_03.jpg,04_场景/05_素材整理_候选/01_缩略联系表/00_全量/全量_03.jpg,,04_场景/05_素材整理_候选/02_世界观与画风双栏分析.md | 04_场景/05_素材整理_候选/03_风格共性候选.md | 04_场景/05_素材整理_候选/04_缺失与版本冲突.md,最近目录索引/说明（非逐图直引）,,,,未找到图片直接节点,04_场景/场景总Canvas.canvas,jpg,1300,840,256472,06cb8ca91d06a0f62ca6c4c8ed25d569aa8a655a5a98b3cea88b9164cbcb226e,PASS_JPEG,,沿用原库审核状态；此包不把候选/STAGING提升为定稿
LLL-S-0245,场景库,项目场景资产,场景库图片｜05_素材整理_候选｜全量 04,文件名与目录层级；未逐张人工视觉描述,02_场景视觉与参考_图片.zip,images/黎黎隆项目/04_场景/05_素材整理_候选/01_缩略联系表/00_全量/全量_04.jpg,黎黎隆项目/04_场景/05_素材整理_候选/01_缩略联系表/00_全量/全量_04.jpg,04_场景/05_素材整理_候选/01_缩略联系表/00_全量/全量_04.jpg,,04_场景/05_素材整理_候选/02_世界观与画风双栏分析.md | 04_场景/05_素材整理_候选/03_风格共性候选.md | 04_场景/05_素材整理_候选/04_缺失与版本冲突.md,最近目录索引/说明（非逐图直引）,,,,未找到图片直接节点,04_场景/场景总Canvas.canvas,jpg,1300,840,276366,beb3db8ba9ec46da10c7e6e89bbe490b92682de335fbac572868aef9a5ea4ef0,PASS_JPEG,,沿用原库审核状态；此包不把候选/STAGING提升为定稿
LLL-S-0246,场景库,项目场景资产,场景库图片｜05_素材整理_候选｜全量 05,文件名与目录层级；未逐张人工视觉描述,02_场景视觉与参考_图片.zip,images/黎黎隆项目/04_场景/05_素材整理_候选/01_缩略联系表/00_全量/全量_05.jpg,黎黎隆项目/04_场景/05_素材整理_候选/01_缩略联系表/00_全量/全量_05.jpg,04_场景/05_素材整理_候选/01_缩略联系表/00_全量/全量_05.jpg,,04_场景/05_素材整理_候选/02_世界观与画风双栏分析.md | 04_场景/05_素材整理_候选/03_风格共性候选.md | 04_场景/05_素材整理_候选/04_缺失与版本冲突.md,最近目录索引/说明（非逐图直引）,,,,未找到图片直接节点,04_场景/场景总Canvas.canvas,jpg,1300,840,295226,b1d252a6aa1cbc7817aefeb3525aebb6dc43ace491be89caee6d5fb9ea1939a8,PASS_JPEG,,沿用原库审核状态；此包不把候选/STAGING提升为定稿
LLL-S-0247,场景库,项目场景资产,场景库图片｜05_素材整理_候选｜全量 06,文件名与目录层级；未逐张人工视觉描述,02_场景视觉与参考_图片.zip,images/黎黎隆项目/04_场景/05_素材整理_候选/01_缩略联系表/00_全量/全量_06.jpg,黎黎隆项目/04_场景/05_素材整理_候选/01_缩略联系表/00_全量/全量_06.jpg,04_场景/05_素材整理_候选/01_缩略联系表/00_全量/全量_06.jpg,,04_场景/05_素材整理_候选/02_世界观与画风双栏分析.md | 04_场景/05_素材整理_候选/03_风格共性候选.md | 04_场景/05_素材整理_候选/04_缺失与版本冲突.md,最近目录索引/说明（非逐图直引）,,,,未找到图片直接节点,04_场景/场景总Canvas.canvas,jpg,1300,840,273533,c3d069251ffd1484087808c3928e3253097b01904434a1974e3b5687af4a92a0,PASS_JPEG,,沿用原库审核状态；此包不把候选/STAGING提升为定稿
LLL-S-0248,场景库,项目场景资产,场景库图片｜05_素材整理_候选｜全量 07,文件名与目录层级；未逐张人工视觉描述,02_场景视觉与参考_图片.zip,images/黎黎隆项目/04_场景/05_素材整理_候选/01_缩略联系表/00_全量/全量_07.jpg,黎黎隆项目/04_场景/05_素材整理_候选/01_缩略联系表/00_全量/全量_07.jpg,04_场景/05_素材整理_候选/01_缩略联系表/00_全量/全量_07.jpg,,04_场景/05_素材整理_候选/02_世界观与画风双栏分析.md | 04_场景/05_素材整理_候选/03_风格共性候选.md | 04_场景/05_素材整理_候选/04_缺失与版本冲突.md,最近目录索引/说明（非逐图直引）,,,,未找到图片直接节点,04_场景/场景总Canvas.canvas,jpg,1300,840,268219,298d80bfd8a9a89adf07fe260301d82e59a504a2361d8b7be9efdc6682f52429,PASS_JPEG,,沿用原库审核状态；此包不把候选/STAGING提升为定稿
LLL-S-0249,场景库,项目场景资产,场景库图片｜05_素材整理_候选｜全量 08,文件名与目录层级；未逐张人工视觉描述,02_场景视觉与参考_图片.zip,images/黎黎隆项目/04_场景/05_素材整理_候选/01_缩略联系表/00_全量/全量_08.jpg,黎黎隆项目/04_场景/05_素材整理_候选/01_缩略联系表/00_全量/全量_08.jpg,04_场景/05_素材整理_候选/01_缩略联系表/00_全量/全量_08.jpg,,04_场景/05_素材整理_候选/02_世界观与画风双栏分析.md | 04_场景/05_素材整理_候选/03_风格共性候选.md | 04_场景/05_素材整理_候选/04_缺失与版本冲突.md,最近目录索引/说明（非逐图直引）,,,,未找到图片直接节点,04_场景/场景总Canvas.canvas,jpg,1300,840,317491,ff2fc449f0dcfcde35db826c5f828214e07bdf41a74571082220ed9a0da534f1,PASS_JPEG,,沿用原库审核状态；此包不把候选/STAGING提升为定稿
LLL-S-0250,场景库,项目场景资产,场景库图片｜05_素材整理_候选｜全量 09,文件名与目录层级；未逐张人工视觉描述,02_场景视觉与参考_图片.zip,images/黎黎隆项目/04_场景/05_素材整理_候选/01_缩略联系表/00_全量/全量_09.jpg,黎黎隆项目/04_场景/05_素材整理_候选/01_缩略联系表/00_全量/全量_09.jpg,04_场景/05_素材整理_候选/01_缩略联系表/00_全量/全量_09.jpg,,04_场景/05_素材整理_候选/02_世界观与画风双栏分析.md | 04_场景/05_素材整理_候选/03_风格共性候选.md | 04_场景/05_素材整理_候选/04_缺失与版本冲突.md,最近目录索引/说明（非逐图直引）,,,,未找到图片直接节点,04_场景/场景总Canvas.canvas,jpg,1300,840,273611,c66e7823505e19c0a8a4c84a743d67bc570d4da369f858e4c4f1720925f1e306,PASS_JPEG,,沿用原库审核状态；此包不把候选/STAGING提升为定稿
LLL-S-0251,场景库,项目场景资产,场景库图片｜05_素材整理_候选｜全量 10,文件名与目录层级；未逐张人工视觉描述,02_场景视觉与参考_图片.zip,images/黎黎隆项目/04_场景/05_素材整理_候选/01_缩略联系表/00_全量/全量_10.jpg,黎黎隆项目/04_场景/05_素材整理_候选/01_缩略联系表/00_全量/全量_10.jpg,04_场景/05_素材整理_候选/01_缩略联系表/00_全量/全量_10.jpg,,04_场景/05_素材整理_候选/02_世界观与画风双栏分析.md | 04_场景/05_素材整理_候选/03_风格共性候选.md | 04_场景/05_素材整理_候选/04_缺失与版本冲突.md,最近目录索引/说明（非逐图直引）,,,,未找到图片直接节点,04_场景/场景总Canvas.canvas,jpg,1300,840,293676,0a8ef08b9193dfe44a8ada84f602ef0aa4c98cb916663eae49d0a2960374d0d5,PASS_JPEG,,沿用原库审核状态；此包不把候选/STAGING提升为定稿
LLL-S-0252,场景库,项目场景资产,场景库图片｜05_素材整理_候选｜全量 11,文件名与目录层级；未逐张人工视觉描述,02_场景视觉与参考_图片.zip,images/黎黎隆项目/04_场景/05_素材整理_候选/01_缩略联系表/00_全量/全量_11.jpg,黎黎隆项目/04_场景/05_素材整理_候选/01_缩略联系表/00_全量/全量_11.jpg,04_场景/05_素材整理_候选/01_缩略联系表/00_全量/全量_11.jpg,,04_场景/05_素材整理_候选/02_世界观与画风双栏分析.md | 04_场景/05_素材整理_候选/03_风格共性候选.md | 04_场景/05_素材整理_候选/04_缺失与版本冲突.md,最近目录索引/说明（非逐图直引）,,,,未找到图片直接节点,04_场景/场景总Canvas.canvas,jpg,1300,840,275811,af438194c13df2f3c5af4e7a2abaa4197be6289a4606248797a06ac1e4548a1e,PASS_JPEG,,沿用原库审核状态；此包不把候选/STAGING提升为定稿
LLL-S-0253,场景库,项目场景资产,场景库图片｜05_素材整理_候选｜全量 12,文件名与目录层级；未逐张人工视觉描述,02_场景视觉与参考_图片.zip,images/黎黎隆项目/04_场景/05_素材整理_候选/01_缩略联系表/00_全量/全量_12.jpg,黎黎隆项目/04_场景/05_素材整理_候选/01_缩略联系表/00_全量/全量_12.jpg,04_场景/05_素材整理_候选/01_缩略联系表/00_全量/全量_12.jpg,,04_场景/05_素材整理_候选/02_世界观与画风双栏分析.md | 04_场景/05_素材整理_候选/03_风格共性候选.md | 04_场景/05_素材整理_候选/04_缺失与版本冲突.md,最近目录索引/说明（非逐图直引）,,,,未找到图片直接节点,04_场景/场景总Canvas.canvas,jpg,1300,840,332559,3e5bf1366f01a2d084729ec174c1fb3a4f9850ef401ced1dde75f43e137c2b65,PASS_JPEG,,沿用原库审核状态；此包不把候选/STAGING提升为定稿
LLL-S-0254,场景库,项目场景资产,场景库图片｜05_素材整理_候选｜全量 13,文件名与目录层级；未逐张人工视觉描述,02_场景视觉与参考_图片.zip,images/黎黎隆项目/04_场景/05_素材整理_候选/01_缩略联系表/00_全量/全量_13.jpg,黎黎隆项目/04_场景/05_素材整理_候选/01_缩略联系表/00_全量/全量_13.jpg,04_场景/05_素材整理_候选/01_缩略联系表/00_全量/全量_13.jpg,,04_场景/05_素材整理_候选/02_世界观与画风双栏分析.md | 04_场景/05_素材整理_候选/03_风格共性候选.md | 04_场景/05_素材整理_候选/04_缺失与版本冲突.md,最近目录索引/说明（非逐图直引）,,,,未找到图片直接节点,04_场景/场景总Canvas.canvas,jpg,1300,840,246470,459fc9b028df3d48bba70ccbbd9473b33b39c564885264c17d32916b17dd9bfc,PASS_JPEG,,沿用原库审核状态；此包不把候选/STAGING提升为定稿
LLL-S-0255,场景库,项目场景资产,场景库图片｜05_素材整理_候选｜全量 14,文件名与目录层级；未逐张人工视觉描述,02_场景视觉与参考_图片.zip,images/黎黎隆项目/04_场景/05_素材整理_候选/01_缩略联系表/00_全量/全量_14.jpg,黎黎隆项目/04_场景/05_素材整理_候选/01_缩略联系表/00_全量/全量_14.jpg,04_场景/05_素材整理_候选/01_缩略联系表/00_全量/全量_14.jpg,,04_场景/05_素材整理_候选/02_世界观与画风双栏分析.md | 04_场景/05_素材整理_候选/03_风格共性候选.md | 04_场景/05_素材整理_候选/04_缺失与版本冲突.md,最近目录索引/说明（非逐图直引）,,,,未找到图片直接节点,04_场景/场景总Canvas.canvas,jpg,1300,840,299014,efb16e9a4f369703659a90f1453de3db40832d64840305af30411c029767df17,PASS_JPEG,,沿用原库审核状态；此包不把候选/STAGING提升为定稿
LLL-S-0256,场景库,项目场景资产,场景库图片｜05_素材整理_候选｜全量 15,文件名与目录层级；未逐张人工视觉描述,02_场景视觉与参考_图片.zip,images/黎黎隆项目/04_场景/05_素材整理_候选/01_缩略联系表/00_全量/全量_15.jpg,黎黎隆项目/04_场景/05_素材整理_候选/01_缩略联系表/00_全量/全量_15.jpg,04_场景/05_素材整理_候选/01_缩略联系表/00_全量/全量_15.jpg,,04_场景/05_素材整理_候选/02_世界观与画风双栏分析.md | 04_场景/05_素材整理_候选/03_风格共性候选.md | 04_场景/05_素材整理_候选/04_缺失与版本冲突.md,最近目录索引/说明（非逐图直引）,,,,未找到图片直接节点,04_场景/场景总Canvas.canvas,jpg,1300,840,245393,730fa15cdbd762338ab266f3cc492a2befb13e1ca93c0dcfac0744e294bc5d41,PASS_JPEG,,沿用原库审核状态；此包不把候选/STAGING提升为定稿
LLL-S-0257,场景库,项目场景资产,场景库图片｜05_素材整理_候选｜全量 16,文件名与目录层级；未逐张人工视觉描述,02_场景视觉与参考_图片.zip,images/黎黎隆项目/04_场景/05_素材整理_候选/01_缩略联系表/00_全量/全量_16.jpg,黎黎隆项目/04_场景/05_素材整理_候选/01_缩略联系表/00_全量/全量_16.jpg,04_场景/05_素材整理_候选/01_缩略联系表/00_全量/全量_16.jpg,,04_场景/05_素材整理_候选/02_世界观与画风双栏分析.md | 04_场景/05_素材整理_候选/03_风格共性候选.md | 04_场景/05_素材整理_候选/04_缺失与版本冲突.md,最近目录索引/说明（非逐图直引）,,,,未找到图片直接节点,04_场景/场景总Canvas.canvas,jpg,1300,840,318046,4bf9d4fa00ea46defd5511ad9ea893b515acc7eee270f28e4b842a2e9086ee03,PASS_JPEG,,沿用原库审核状态；此包不把候选/STAGING提升为定稿
LLL-S-0258,场景库,项目场景资产,场景库图片｜05_素材整理_候选｜全量 17,文件名与目录层级；未逐张人工视觉描述,02_场景视觉与参考_图片.zip,images/黎黎隆项目/04_场景/05_素材整理_候选/01_缩略联系表/00_全量/全量_17.jpg,黎黎隆项目/04_场景/05_素材整理_候选/01_缩略联系表/00_全量/全量_17.jpg,04_场景/05_素材整理_候选/01_缩略联系表/00_全量/全量_17.jpg,,04_场景/05_素材整理_候选/02_世界观与画风双栏分析.md | 04_场景/05_素材整理_候选/03_风格共性候选.md | 04_场景/05_素材整理_候选/04_缺失与版本冲突.md,最近目录索引/说明（非逐图直引）,,,,未找到图片直接节点,04_场景/场景总Canvas.canvas,jpg,1300,840,277299,153f260c8213aec065174018a9903cbdcf58be9bf4fba0c08b68a64c4b404f0b,PASS_JPEG,,沿用原库审核状态；此包不把候选/STAGING提升为定稿
LLL-S-0259,场景库,项目场景资产,场景库图片｜05_素材整理_候选｜全量 18,文件名与目录层级；未逐张人工视觉描述,02_场景视觉与参考_图片.zip,images/黎黎隆项目/04_场景/05_素材整理_候选/01_缩略联系表/00_全量/全量_18.jpg,黎黎隆项目/04_场景/05_素材整理_候选/01_缩略联系表/00_全量/全量_18.jpg,04_场景/05_素材整理_候选/01_缩略联系表/00_全量/全量_18.jpg,,04_场景/05_素材整理_候选/02_世界观与画风双栏分析.md | 04_场景/05_素材整理_候选/03_风格共性候选.md | 04_场景/05_素材整理_候选/04_缺失与版本冲突.md,最近目录索引/说明（非逐图直引）,,,,未找到图片直接节点,04_场景/场景总Canvas.canvas,jpg,1300,840,67124,026da9892958927bd645f04e308d9c835d30315cf9635525575cb5a7a90386a1,PASS_JPEG,,沿用原库审核状态；此包不把候选/STAGING提升为定稿
LLL-S-0260,场景库,项目场景资产,场景库图片｜05_素材整理_候选｜场景项目 01,文件名与目录层级；未逐张人工视觉描述,02_场景视觉与参考_图片.zip,images/黎黎隆项目/04_场景/05_素材整理_候选/01_缩略联系表/01_场景及项目/场景项目_01.jpg,黎黎隆项目/04_场景/05_素材整理_候选/01_缩略联系表/01_场景及项目/场景项目_01.jpg,04_场景/05_素材整理_候选/01_缩略联系表/01_场景及项目/场景项目_01.jpg,,04_场景/05_素材整理_候选/02_世界观与画风双栏分析.md | 04_场景/05_素材整理_候选/03_风格共性候选.md | 04_场景/05_素材整理_候选/04_缺失与版本冲突.md,最近目录索引/说明（非逐图直引）,,,,未找到图片直接节点,04_场景/场景总Canvas.canvas,jpg,1300,840,267188,8f746918f4751dff4698c878f0e0133c1ebad2bd66d665944211c2bc11073ba5,PASS_JPEG,,沿用原库审核状态；此包不把候选/STAGING提升为定稿
LLL-S-0261,场景库,项目场景资产,场景库图片｜05_素材整理_候选｜场景项目 02,文件名与目录层级；未逐张人工视觉描述,02_场景视觉与参考_图片.zip,images/黎黎隆项目/04_场景/05_素材整理_候选/01_缩略联系表/01_场景及项目/场景项目_02.jpg,黎黎隆项目/04_场景/05_素材整理_候选/01_缩略联系表/01_场景及项目/场景项目_02.jpg,04_场景/05_素材整理_候选/01_缩略联系表/01_场景及项目/场景项目_02.jpg,,04_场景/05_素材整理_候选/02_世界观与画风双栏分析.md | 04_场景/05_素材整理_候选/03_风格共性候选.md | 04_场景/05_素材整理_候选/04_缺失与版本冲突.md,最近目录索引/说明（非逐图直引）,,,,未找到图片直接节点,04_场景/场景总Canvas.canvas,jpg,1300,840,299238,2f5f5bc1fb80fe60dae578f76a23954afbeb09cd498fc92c8ffe24f43e14ed98,PASS_JPEG,,沿用原库审核状态；此包不把候选/STAGING提升为定稿
LLL-S-0262,场景库,项目场景资产,场景库图片｜05_素材整理_候选｜场景项目 03,文件名与目录层级；未逐张人工视觉描述,02_场景视觉与参考_图片.zip,images/黎黎隆项目/04_场景/05_素材整理_候选/01_缩略联系表/01_场景及项目/场景项目_03.jpg,黎黎隆项目/04_场景/05_素材整理_候选/01_缩略联系表/01_场景及项目/场景项目_03.jpg,04_场景/05_素材整理_候选/01_缩略联系表/01_场景及项目/场景项目_03.jpg,,04_场景/05_素材整理_候选/02_世界观与画风双栏分析.md | 04_场景/05_素材整理_候选/03_风格共性候选.md | 04_场景/05_素材整理_候选/04_缺失与版本冲突.md,最近目录索引/说明（非逐图直引）,,,,未找到图片直接节点,04_场景/场景总Canvas.canvas,jpg,1300,840,307544,bf9a3bda8d2c6fd8444b31da1fe0a6e8fc9389b87e1b6b1f4ae441ebef708bd1,PASS_JPEG,,沿用原库审核状态；此包不把候选/STAGING提升为定稿
LLL-S-0263,场景库,项目场景资产,场景库图片｜05_素材整理_候选｜场景项目 04,文件名与目录层级；未逐张人工视觉描述,02_场景视觉与参考_图片.zip,images/黎黎隆项目/04_场景/05_素材整理_候选/01_缩略联系表/01_场景及项目/场景项目_04.jpg,黎黎隆项目/04_场景/05_素材整理_候选/01_缩略联系表/01_场景及项目/场景项目_04.jpg,04_场景/05_素材整理_候选/01_缩略联系表/01_场景及项目/场景项目_04.jpg,,04_场景/05_素材整理_候选/02_世界观与画风双栏分析.md | 04_场景/05_素材整理_候选/03_风格共性候选.md | 04_场景/05_素材整理_候选/04_缺失与版本冲突.md,最近目录索引/说明（非逐图直引）,,,,未找到图片直接节点,04_场景/场景总Canvas.canvas,jpg,1300,840,300249,3e7fddc0489fc7acc8fc5711ef99e697adfb59aae4484cb53bbf0ac6dbee30a2,PASS_JPEG,,沿用原库审核状态；此包不把候选/STAGING提升为定稿
LLL-S-0264,场景库,项目场景资产,场景库图片｜05_素材整理_候选｜场景项目 05,文件名与目录层级；未逐张人工视觉描述,02_场景视觉与参考_图片.zip,images/黎黎隆项目/04_场景/05_素材整理_候选/01_缩略联系表/01_场景及项目/场景项目_05.jpg,黎黎隆项目/04_场景/05_素材整理_候选/01_缩略联系表/01_场景及项目/场景项目_05.jpg,04_场景/05_素材整理_候选/01_缩略联系表/01_场景及项目/场景项目_05.jpg,,04_场景/05_素材整理_候选/02_世界观与画风双栏分析.md | 04_场景/05_素材整理_候选/03_风格共性候选.md | 04_场景/05_素材整理_候选/04_缺失与版本冲突.md,最近目录索引/说明（非逐图直引）,,,,未找到图片直接节点,04_场景/场景总Canvas.canvas,jpg,1300,840,304472,6cef1029a797895c37e64c45788eea85fc8379891b2ada5b8fe901a1054ae855,PASS_JPEG,,沿用原库审核状态；此包不把候选/STAGING提升为定稿
LLL-S-0265,场景库,项目场景资产,场景库图片｜05_素材整理_候选｜场景项目 06,文件名与目录层级；未逐张人工视觉描述,02_场景视觉与参考_图片.zip,images/黎黎隆项目/04_场景/05_素材整理_候选/01_缩略联系表/01_场景及项目/场景项目_06.jpg,黎黎隆项目/04_场景/05_素材整理_候选/01_缩略联系表/01_场景及项目/场景项目_06.jpg,04_场景/05_素材整理_候选/01_缩略联系表/01_场景及项目/场景项目_06.jpg,,04_场景/05_素材整理_候选/02_世界观与画风双栏分析.md | 04_场景/05_素材整理_候选/03_风格共性候选.md | 04_场景/05_素材整理_候选/04_缺失与版本冲突.md,最近目录索引/说明（非逐图直引）,,,,未找到图片直接节点,04_场景/场景总Canvas.canvas,jpg,1300,840,334157,98340f881541b31bfb63306683f72060816f2d934d501c12bb105117a8ed7a06,PASS_JPEG,,沿用原库审核状态；此包不把候选/STAGING提升为定稿
LLL-S-0266,场景库,项目场景资产,场景库图片｜05_素材整理_候选｜场景项目 07,文件名与目录层级；未逐张人工视觉描述,02_场景视觉与参考_图片.zip,images/黎黎隆项目/04_场景/05_素材整理_候选/01_缩略联系表/01_场景及项目/场景项目_07.jpg,黎黎隆项目/04_场景/05_素材整理_候选/01_缩略联系表/01_场景及项目/场景项目_07.jpg,04_场景/05_素材整理_候选/01_缩略联系表/01_场景及项目/场景项目_07.jpg,,04_场景/05_素材整理_候选/02_世界观与画风双栏分析.md | 04_场景/05_素材整理_候选/03_风格共性候选.md | 04_场景/05_素材整理_候选/04_缺失与版本冲突.md,最近目录索引/说明（非逐图直引）,,,,未找到图片直接节点,04_场景/场景总Canvas.canvas,jpg,1300,840,68174,313e873e11990becc2075d0b2a32a14be7f6b7543c439d9f167477563f3d0e56,PASS_JPEG,,沿用原库审核状态；此包不把候选/STAGING提升为定稿
LLL-S-0267,场景库,项目场景资产,场景库图片｜05_素材整理_候选｜世界机制 01,文件名与目录层级；未逐张人工视觉描述,02_场景视觉与参考_图片.zip,images/黎黎隆项目/04_场景/05_素材整理_候选/01_缩略联系表/02_世界机制/世界机制_01.jpg,黎黎隆项目/04_场景/05_素材整理_候选/01_缩略联系表/02_世界机制/世界机制_01.jpg,04_场景/05_素材整理_候选/01_缩略联系表/02_世界机制/世界机制_01.jpg,,04_场景/05_素材整理_候选/02_世界观与画风双栏分析.md | 04_场景/05_素材整理_候选/03_风格共性候选.md | 04_场景/05_素材整理_候选/04_缺失与版本冲突.md,最近目录索引/说明（非逐图直引）,,,,未找到图片直接节点,04_场景/场景总Canvas.canvas,jpg,1300,840,229633,50de5c958efa396aab903d80cbdceeecdc3b720ede8cb91b101b282fbd92f59b,PASS_JPEG,,沿用原库审核状态；此包不把候选/STAGING提升为定稿
LLL-S-0268,场景库,项目场景资产,场景库图片｜05_素材整理_候选｜世界机制 02,文件名与目录层级；未逐张人工视觉描述,02_场景视觉与参考_图片.zip,images/黎黎隆项目/04_场景/05_素材整理_候选/01_缩略联系表/02_世界机制/世界机制_02.jpg,黎黎隆项目/04_场景/05_素材整理_候选/01_缩略联系表/02_世界机制/世界机制_02.jpg,04_场景/05_素材整理_候选/01_缩略联系表/02_世界机制/世界机制_02.jpg,,04_场景/05_素材整理_候选/02_世界观与画风双栏分析.md | 04_场景/05_素材整理_候选/03_风格共性候选.md | 04_场景/05_素材整理_候选/04_缺失与版本冲突.md,最近目录索引/说明（非逐图直引）,,,,未找到图片直接节点,04_场景/场景总Canvas.canvas,jpg,1300,840,286778,c127ae587a301a8fdf9d7b5578e35ddfd254e0a5202bece85a25d1593813baa5,PASS_JPEG,,沿用原库审核状态；此包不把候选/STAGING提升为定稿
LLL-S-0269,场景库,项目场景资产,场景库图片｜05_素材整理_候选｜世界机制 03,文件名与目录层级；未逐张人工视觉描述,02_场景视觉与参考_图片.zip,images/黎黎隆项目/04_场景/05_素材整理_候选/01_缩略联系表/02_世界机制/世界机制_03.jpg,黎黎隆项目/04_场景/05_素材整理_候选/01_缩略联系表/02_世界机制/世界机制_03.jpg,04_场景/05_素材整理_候选/01_缩略联系表/02_世界机制/世界机制_03.jpg,,04_场景/05_素材整理_候选/02_世界观与画风双栏分析.md | 04_场景/05_素材整理_候选/03_风格共性候选.md | 04_场景/05_素材整理_候选/04_缺失与版本冲突.md,最近目录索引/说明（非逐图直引）,,,,未找到图片直接节点,04_场景/场景总Canvas.canvas,jpg,1300,840,110342,bee646e07abdc0ecefb6d23cce20faf5e5937b6530987266aba6f0cad1fe4b04,PASS_JPEG,,沿用原库审核状态；此包不把候选/STAGING提升为定稿
LLL-S-0270,场景库,项目场景资产,场景库图片｜05_素材整理_候选｜角色参考 01,文件名与目录层级；未逐张人工视觉描述,02_场景视觉与参考_图片.zip,images/黎黎隆项目/04_场景/05_素材整理_候选/01_缩略联系表/03_角色参考/角色参考_01.jpg,黎黎隆项目/04_场景/05_素材整理_候选/01_缩略联系表/03_角色参考/角色参考_01.jpg,04_场景/05_素材整理_候选/01_缩略联系表/03_角色参考/角色参考_01.jpg,,04_场景/05_素材整理_候选/02_世界观与画风双栏分析.md | 04_场景/05_素材整理_候选/03_风格共性候选.md | 04_场景/05_素材整理_候选/04_缺失与版本冲突.md,最近目录索引/说明（非逐图直引）,,,,未找到图片直接节点,04_场景/场景总Canvas.canvas,jpg,1300,840,276010,bb8e6708cd6fb1f7f472d77c0dcd332be567a5258a6dcb229bf7a7d7ada83332,PASS_JPEG,,沿用原库审核状态；此包不把候选/STAGING提升为定稿
LLL-S-0271,场景库,项目场景资产,场景库图片｜05_素材整理_候选｜角色参考 02,文件名与目录层级；未逐张人工视觉描述,02_场景视觉与参考_图片.zip,images/黎黎隆项目/04_场景/05_素材整理_候选/01_缩略联系表/03_角色参考/角色参考_02.jpg,黎黎隆项目/04_场景/05_素材整理_候选/01_缩略联系表/03_角色参考/角色参考_02.jpg,04_场景/05_素材整理_候选/01_缩略联系表/03_角色参考/角色参考_02.jpg,,04_场景/05_素材整理_候选/02_世界观与画风双栏分析.md | 04_场景/05_素材整理_候选/03_风格共性候选.md | 04_场景/05_素材整理_候选/04_缺失与版本冲突.md,最近目录索引/说明（非逐图直引）,,,,未找到图片直接节点,04_场景/场景总Canvas.canvas,jpg,1300,840,246984,7eff5f9b412e134ab72fa71b03f4604578712cacf49ccaaaa3246341e1e30b28,PASS_JPEG,,沿用原库审核状态；此包不把候选/STAGING提升为定稿
LLL-S-0272,场景库,项目场景资产,场景库图片｜05_素材整理_候选｜角色参考 03,文件名与目录层级；未逐张人工视觉描述,02_场景视觉与参考_图片.zip,images/黎黎隆项目/04_场景/05_素材整理_候选/01_缩略联系表/03_角色参考/角色参考_03.jpg,黎黎隆项目/04_场景/05_素材整理_候选/01_缩略联系表/03_角色参考/角色参考_03.jpg,04_场景/05_素材整理_候选/01_缩略联系表/03_角色参考/角色参考_03.jpg,,04_场景/05_素材整理_候选/02_世界观与画风双栏分析.md | 04_场景/05_素材整理_候选/03_风格共性候选.md | 04_场景/05_素材整理_候选/04_缺失与版本冲突.md,最近目录索引/说明（非逐图直引）,,,,未找到图片直接节点,04_场景/场景总Canvas.canvas,jpg,1300,840,296879,0e4baebae3504f6b244803fe0cb35240db55b1c53340e305308defc269c5a1a0,PASS_JPEG,,沿用原库审核状态；此包不把候选/STAGING提升为定稿
LLL-S-0273,场景库,项目场景资产,场景库图片｜05_素材整理_候选｜角色参考 04,文件名与目录层级；未逐张人工视觉描述,02_场景视觉与参考_图片.zip,images/黎黎隆项目/04_场景/05_素材整理_候选/01_缩略联系表/03_角色参考/角色参考_04.jpg,黎黎隆项目/04_场景/05_素材整理_候选/01_缩略联系表/03_角色参考/角色参考_04.jpg,04_场景/05_素材整理_候选/01_缩略联系表/03_角色参考/角色参考_04.jpg,,04_场景/05_素材整理_候选/02_世界观与画风双栏分析.md | 04_场景/05_素材整理_候选/03_风格共性候选.md | 04_场景/05_素材整理_候选/04_缺失与版本冲突.md,最近目录索引/说明（非逐图直引）,,,,未找到图片直接节点,04_场景/场景总Canvas.canvas,jpg,1300,840,258143,9361f5161b8a1d33aec1d2ea1db2d682eedb8980e96614f42f2b56647e058493,PASS_JPEG,,沿用原库审核状态；此包不把候选/STAGING提升为定稿
LLL-S-0274,场景库,项目场景资产,场景库图片｜05_素材整理_候选｜角色参考 05,文件名与目录层级；未逐张人工视觉描述,02_场景视觉与参考_图片.zip,images/黎黎隆项目/04_场景/05_素材整理_候选/01_缩略联系表/03_角色参考/角色参考_05.jpg,黎黎隆项目/04_场景/05_素材整理_候选/01_缩略联系表/03_角色参考/角色参考_05.jpg,04_场景/05_素材整理_候选/01_缩略联系表/03_角色参考/角色参考_05.jpg,,04_场景/05_素材整理_候选/02_世界观与画风双栏分析.md | 04_场景/05_素材整理_候选/03_风格共性候选.md | 04_场景/05_素材整理_候选/04_缺失与版本冲突.md,最近目录索引/说明（非逐图直引）,,,,未找到图片直接节点,04_场景/场景总Canvas.canvas,jpg,1300,840,284802,ced96918b32098054264d9ba427977f87d68c40c2e3b99077ef09af27157883a,PASS_JPEG,,沿用原库审核状态；此包不把候选/STAGING提升为定稿
LLL-S-0275,场景库,项目场景资产,场景库图片｜05_素材整理_候选｜角色参考 06,文件名与目录层级；未逐张人工视觉描述,02_场景视觉与参考_图片.zip,images/黎黎隆项目/04_场景/05_素材整理_候选/01_缩略联系表/03_角色参考/角色参考_06.jpg,黎黎隆项目/04_场景/05_素材整理_候选/01_缩略联系表/03_角色参考/角色参考_06.jpg,04_场景/05_素材整理_候选/01_缩略联系表/03_角色参考/角色参考_06.jpg,,04_场景/05_素材整理_候选/02_世界观与画风双栏分析.md | 04_场景/05_素材整理_候选/03_风格共性候选.md | 04_场景/05_素材整理_候选/04_缺失与版本冲突.md,最近目录索引/说明（非逐图直引）,,,,未找到图片直接节点,04_场景/场景总Canvas.canvas,jpg,1300,840,308648,00011e2e43bdc4bcb4122f6f12d5027f7c0f75fb4c8593c76273346e9c0243b7,PASS_JPEG,,沿用原库审核状态；此包不把候选/STAGING提升为定稿
LLL-S-0276,场景库,项目场景资产,场景库图片｜05_素材整理_候选｜角色参考 07,文件名与目录层级；未逐张人工视觉描述,02_场景视觉与参考_图片.zip,images/黎黎隆项目/04_场景/05_素材整理_候选/01_缩略联系表/03_角色参考/角色参考_07.jpg,黎黎隆项目/04_场景/05_素材整理_候选/01_缩略联系表/03_角色参考/角色参考_07.jpg,04_场景/05_素材整理_候选/01_缩略联系表/03_角色参考/角色参考_07.jpg,,04_场景/05_素材整理_候选/02_世界观与画风双栏分析.md | 04_场景/05_素材整理_候选/03_风格共性候选.md | 04_场景/05_素材整理_候选/04_缺失与版本冲突.md,最近目录索引/说明（非逐图直引）,,,,未找到图片直接节点,04_场景/场景总Canvas.canvas,jpg,1300,840,246394,6fa396173450998c5ff5726d23ee6faab24ec46c4b7b71efd4cfe8d40fdc2c2e,PASS_JPEG,,沿用原库审核状态；此包不把候选/STAGING提升为定稿
LLL-S-0277,场景库,项目场景资产,场景库图片｜05_素材整理_候选｜角色参考 08,文件名与目录层级；未逐张人工视觉描述,02_场景视觉与参考_图片.zip,images/黎黎隆项目/04_场景/05_素材整理_候选/01_缩略联系表/03_角色参考/角色参考_08.jpg,黎黎隆项目/04_场景/05_素材整理_候选/01_缩略联系表/03_角色参考/角色参考_08.jpg,04_场景/05_素材整理_候选/01_缩略联系表/03_角色参考/角色参考_08.jpg,,04_场景/05_素材整理_候选/02_世界观与画风双栏分析.md | 04_场景/05_素材整理_候选/03_风格共性候选.md | 04_场景/05_素材整理_候选/04_缺失与版本冲突.md,最近目录索引/说明（非逐图直引）,,,,未找到图片直接节点,04_场景/场景总Canvas.canvas,jpg,1300,840,237522,43261499992f9bf0d742f06773cbf56f17fe3237f3b4767e88e05d1111cecbe7,PASS_JPEG,,沿用原库审核状态；此包不把候选/STAGING提升为定稿
LLL-S-0278,场景库,项目场景资产,场景库图片｜05_素材整理_候选｜角色参考 09,文件名与目录层级；未逐张人工视觉描述,02_场景视觉与参考_图片.zip,images/黎黎隆项目/04_场景/05_素材整理_候选/01_缩略联系表/03_角色参考/角色参考_09.jpg,黎黎隆项目/04_场景/05_素材整理_候选/01_缩略联系表/03_角色参考/角色参考_09.jpg,04_场景/05_素材整理_候选/01_缩略联系表/03_角色参考/角色参考_09.jpg,,04_场景/05_素材整理_候选/02_世界观与画风双栏分析.md | 04_场景/05_素材整理_候选/03_风格共性候选.md | 04_场景/05_素材整理_候选/04_缺失与版本冲突.md,最近目录索引/说明（非逐图直引）,,,,未找到图片直接节点,04_场景/场景总Canvas.canvas,jpg,1300,840,174529,375eb704b42e8ea873894fb94a9f4bc7ebb04bab7dc9d390c47e411649a448c6,PASS_JPEG,,沿用原库审核状态；此包不把候选/STAGING提升为定稿
LLL-S-0279,场景库,项目场景资产,场景库图片｜05_素材整理_候选｜SCENE-AUDIT-674-68-001 首轮20张联系表,文件名与目录层级；未逐张人工视觉描述,02_场景视觉与参考_图片.zip,images/黎黎隆项目/04_场景/05_素材整理_候选/01_缩略联系表/SCENE-AUDIT-674-68-001_首轮20张联系表.jpg,黎黎隆项目/04_场景/05_素材整理_候选/01_缩略联系表/SCENE-AUDIT-674-68-001_首轮20张联系表.jpg,04_场景/05_素材整理_候选/01_缩略联系表/SCENE-AUDIT-674-68-001_首轮20张联系表.jpg,,04_场景/05_素材整理_候选/02_世界观与画风双栏分析.md | 04_场景/05_素材整理_候选/03_风格共性候选.md | 04_场景/05_素材整理_候选/04_缺失与版本冲突.md,最近目录索引/说明（非逐图直引）,,,,未找到图片直接节点,04_场景/场景总Canvas.canvas,jpg,1280,1042,314520,e007c5061e02d2a6e215d6a3e3da6647f9ce894172aa5d457c435752bad3ad26,PASS_JPEG,,沿用原库审核状态；此包不把候选/STAGING提升为定稿
